section;domaine;score;titre;auteurs;pays_africains;revue;date;type;doi;lien_pdf;lien_page;source
1;env;12;Design and Implementation of a Low-Cost IoT Model for Real-Time Water Quality Monitoring in Resource-Constrained Environments;"Samson Otieno Ooko; Laura Cheptegei; Simon Karume";ke;MUST Journal of Research and Development.;2026-09-15;article;https://doi.org/10.62277/mjrd2026v7i30011;https://mjrd.must.ac.tz/index.php/mjrd/article/download/947/233;https://doi.org/10.62277/mjrd2026v7i30011;OpenAlex
1;env;11;A TinyML model for real-time water quality monitoring in resource-constrained distribution networks;"Samson Otieno Ooko; Laura Cheptegei; Simon Karume";ke;Water Practice & Technology;2026-09-07;article;https://doi.org/10.2166/wpt.2026.435;;https://doi.org/10.2166/wpt.2026.435;OpenAlex
1;env;11;Integrating electrical resistivity tomography–derived metrics with ensemble machine learning to predict the depth-to-water in earthen levees;"Ahmed M. Ali; Attila Tímár; James P. Boyd; Károly Barta; Enas Abdelsamei; Diaa Sheishah; Alexandru Hegyi; Viktória Blanka-Végi; György Sípos";eg;Engineering Geology;2026-09-14;article;https://doi.org/10.1016/j.enggeo.2026.109088;;https://doi.org/10.1016/j.enggeo.2026.109088;OpenAlex
1;env;10;Geospatial Development of the Tree Lucerne— A Case of Limpopo and Mpumalanga Province, South Africa;"K. Ndwambi; Azwihangwisi Edward Nesamvuni; N.S. Mpandeli; Khathutshelo Alfred Tshikolomo; J.A. Van Niekerk; S. Hlophe-Gininza; Luxon Nhamo";za;Suid-Afrikaanse tydskrif vir landbouvoorligting/South African journal of agricultural extension;2026-09-14;article;https://doi.org/10.17159/2413-3221/2026/v54n6a21401;;https://doi.org/10.17159/2413-3221/2026/v54n6a21401;OpenAlex
1;env;10;Groundwater Utilization Quality and Treatment Method In Urban Areas;Gebrehiwet Hadush Hagos;et;Journal of Climate Change and Pollution;2026-09-07;article;https://doi.org/10.67238/jccc.2026.v2.si1.01;https://www.confmeets.com/journals/jccc/articles/JCCC-26-7862-7.pdf;https://doi.org/10.67238/jccc.2026.v2.si1.01;OpenAlex
1;env;9;Reducing nitrate loads to the St. Lawrence river could mitigate hypoxia and acidification in its deep estuary and Gulf;"David Lévesque; Diane Lavoie; Aude Boivin-Rioux; Antoine Caron; Dominic Vachon; Olivier G. J. Riche; Armelle G. Simo Matchim; Julie Doucet; Bernard Patry; Michel Patoine; Richard A. LaBrie; Michel Starr";sn;Environmental Research Letters;2026-09-11;article;https://doi.org/10.1088/1748-9326/aea62d;https://iopscience.iop.org/article/10.1088/1748-9326/aea62d/pdf;https://doi.org/10.1088/1748-9326/aea62d;OpenAlex
1;env;9;S-GRHyMoLAP: A stochastic extension of the GRHyMoLAP model with different diffusion mechanisms for probabilistic rainfall-runoff modeling;"Sianou Ezéckiel Houénafa; Lionel Cédric Gohouede; Romuald Daniel BOY-NGBOGBELE; Melissa Latella; Olatunji Olugoke Johnson; Cenk Sezen";ke,za;Journal of Hydrology;2026-09-18;article;https://doi.org/10.1016/j.jhydrol.2026.136449;;https://doi.org/10.1016/j.jhydrol.2026.136449;OpenAlex
1;env;6;A global dataset of soil microplastics (2005–2026);"Peiwen Wu; Yang Su; Mengru Wang; Xiahui Wang; Matthias C. Rillig; Xiahui Wang; Ruiping Liu; Su Ye; Lianqing Zhou; Zhou Shi; Songchao Chen";bi;Earth System Science Data Discussions;2026-09-24;preprint;https://doi.org/10.5194/essd-2026-536;;https://doi.org/10.5194/essd-2026-536;OpenAlex
1;env;6;Assessment of Groundwater Quality Using the Water Quality Index (WQI) in Woreillu Town, Ethiopia.;Asfaw MD;?;International journal of analytical chemistry;2026-09-22;article;https://doi.org/10.1155/ianc/5172216;;https://pubmed.ncbi.nlm.nih.gov/42775234/;PubMed
1;env;6;Duration-dependent mild heat stress attenuates mercury-induced Neuroreproductive and oxidative toxicity in Drosophila melanogaster via hormetic mechanisms.;"Olatomide OD; Hamed MA; Arogundade TT; Ajayi FO; Adeyemo KE; Bailey IR; Omodara OO; Johnson-Dedeigbo DD; Emegoako PC; Karunwi OS; Omotoso DR";?;Biometals : an international journal on the role of metal ions in biology, biochemistry, and medicine;2026-09-24;article;https://doi.org/10.1007/s10534-026-00887-7;;https://pubmed.ncbi.nlm.nih.gov/42782463/;PubMed
1;env;4;Microplastics and Nanoplastics in Humans: A Critical ADME Appraisal and the Case for Quantitative Risk Assessment.;Aderinmola JO;?;Toxicology mechanisms and methods;2026-09-25;review;https://doi.org/10.1080/15376516.2026.2739342;;https://pubmed.ncbi.nlm.nih.gov/42786943/;PubMed
1;env;4;The impact of climate change on maternal and child health outcomes in sub-Saharan Africa: A five-year (2020-2024) scoping review.;"Fadeyi O; Igbokwe U; Sampson I; Raheem O; Ezeogu E; Omidiran Y; Adetunde O; Aigbogun E Jr";?;The journal of climate change and health;2026-09-16;review;https://doi.org/10.1016/j.joclim.2026.100723;;https://pubmed.ncbi.nlm.nih.gov/42780333/;PubMed
1;env;3;Assessment of leached heavy metals from construction and demolition waste.;"Agyapong F; Koomson B; Kwofie S; Gidigasu SSR; Gyamfi C";?;Environmental monitoring and assessment;2026-09-23;article;https://doi.org/10.1007/s10661-026-15868-z;;https://pubmed.ncbi.nlm.nih.gov/42773360/;PubMed
1;env;3;Combined Bifidobacterium bifidum and Bacillus toyonensis supplementation in drinking water improves productive efficiency, physiological status, and meat quality in broiler chickens.;"Ibrahim AI; Rashwan AA; Gomaa AAM; Abou-Kassem DE; Alharbi NK; Aloufi AS; Al-Hoshani N; Alwutayd KM; Das SC; Alshehri F";?;Poultry science;2026-09-21;article;https://doi.org/10.1016/j.psj.2026.107807;;https://pubmed.ncbi.nlm.nih.gov/42777364/;PubMed
1;env;3;From Soil Contamination to Internal Metal Burden: Drivers of Fe, Cu and Zn Bioaccumulation in Tropical Achatininae Across a Peri-Urban Contamination Gradient (Abidjan, Côte d'Ivoire).;"Kouadio GA; Louzon M; Memel JD; Katta EL";?;Archives of environmental contamination and toxicology;2026-09-24;article;https://doi.org/10.1007/s00244-026-01222-4;;https://pubmed.ncbi.nlm.nih.gov/42782357/;PubMed
1;env;3;Integrated metabolomic and physiological profiling reveals mechanisms of drought tolerance in soybean.;"Abdullah MI; Lamlom SF; Emwas AH; Jaremko M; Abdelsalam NR";?;Journal of the science of food and agriculture;2026-09-22;article;https://doi.org/10.1002/jsfa.71086;;https://pubmed.ncbi.nlm.nih.gov/42773639/;PubMed
1;env;3;Leveraging GIS-based multi-criteria analysis for flood-prone area detection in Nsanje District, Malawi.;"Bakolo C; Ngwira L; Nazombe K; Bukani VI; Chapita K; Chilonga D; Tholo HM; Chisenga C; Nyengere J";?;PloS one;2026-09-24;article;https://doi.org/10.1371/journal.pone.0358998;;https://pubmed.ncbi.nlm.nih.gov/42784563/;PubMed
1;env;3;Metabolomic Profiling of Medicinal Plant-Based Soft Porridge and Evaluation of Cytotoxicity.;"Matsheketsheke PA; Moyo NB; Nethathe B";?;Metabolites;2026-08-25;article;https://doi.org/10.3390/metabo16090606;;https://pubmed.ncbi.nlm.nih.gov/42783731/;PubMed
1;env;3;Microbial communities and volatile profiles heterogeneity in a Mars-analogue volcanic lake.;"Canini F; Kopacz N; Garzoli S; Contemori F; Ripa C; Pecoraino G; Bellucci M; Pacelli C; Cassaro A; Cavalazzi B; Zucconi L";?;Microbiological research;2026-09-20;article;https://doi.org/10.1016/j.micres.2026.128740;;https://pubmed.ncbi.nlm.nih.gov/42785186/;PubMed
1;env;3;Phytochemical Analysis Using LC-MS/MS and Anticancer Activity of Asphodelus tenuifolius Roots: Cell Cycle Arrest, Apoptosis, and In Silico Insights.;"Bouchouka RL; Larit F; Kabouche Z; Debiossat M; Riou L; Ghezzi C; León F; Kabouche A";?;Chemistry & biodiversity;2026-09-01;article;https://doi.org/10.1002/cbdv.71724;;https://pubmed.ncbi.nlm.nih.gov/42773735/;PubMed
1;env;3;Phytochemical divergence between above- and belowground tree organs along elevational gradients.;"Asefa M; Sun L; Zhang Y; Whitehead SR; Xu G; Song X; Cao M; He Y; Su Y; Yang J; Swenson NG";?;The New phytologist;2026-09-22;article;https://doi.org/10.1111/nph.71603;;https://pubmed.ncbi.nlm.nih.gov/42773754/;PubMed
1;env;3;Phytochemical profiling of sorghum grains (Sorghum bicolor) irradiated with gamma rays, low energy electron beam (LEEB) and high energy electron beam (HEEB).;"Odai BT; Agyei-Amponsah J; Darfour B; Mahami T; Adarkwah-Yiadom M; Armah JO; Ayeh EA; Adjei I; Basugilo J; Asomaniwaa S; Gryczka U; Ocloo FC";?;Food science and technology international = Ciencia y tecnologia de los alimentos internacional;2026-10-01;article;https://doi.org/10.1177/10820132251367495;;https://pubmed.ncbi.nlm.nih.gov/42775601/;PubMed
1;env;3;The FunAqua dataset of global fungal biodiversity in aquatic ecosystems.;"Prins V; Tedersoo L; Mikryukov V; Paiste P; Sepp M; Grossart H; Kisand V; Laas A; Tammert H; Abarenkov K; Agan A; Agasild H; Agha R; Alatalo J; Alvarez-Manjarrez J; Ameryk A; Anderson J; Anslan S; Antão-Geraldes A; Antosiak A; Funck JA; Arias-Real R; Ariyan M; Bahram M; Bansal S; Bao R; Beck S; Bernotas P; Berry N; Bertilsson S; Birnbaum C; Bonk M; Borges AV; Botez F; Brearley FQ; Brookes J; Bruno D; Budzyńska A; Bullerjahn G; Bundschuh M; Calheiros-Nogueira B; Calore R; Capelli C; Caputo L; Carballeira R; Chronis I; Čiampor F; Čiamporová-Zaťovičová Z; Craig D; Csabai Z; Cukrov N; da Silva L; de Eyto E; Delgado J; Dimante-Deimantovica I; Domaizon I; Dondajewska-Pielka R; Dornan T; Drenkhan R; Drouillard K; Duarte S; Dulya O; Dzhulai A; Dziga D; Egeter B; Espenberg M; Färkkilä S; Fazi S; Feckler A; Fenoy E; Fernandes I; Ferreira S; Ferreira V; Fleituch T; Fornaroli R; Freiwald A; Frenken T; Gaffney P; García-Oliva O; Geara H; Gkelis S; Gohar D; Gołdyn R; Grandjean F; Gsell A; Gutiérrez-Cánovas C; Haase P; Hagh-Doust N; Harris T; Hashem A; Havens S; Heidari B; Higgins S; Moghaddam MH; Ibrahim A; Jerinkić D; Jones S; Kagami M; Kahar S; Kangro K; Kariman K; Kataržytė M; Kepfer-Rojas S; Khan H; Knoll LB; Knorrn A; Kõljalg U; Konstantinou D; Kotta J; Kowalczewska-Madura K; Kozak A; Kulawig B; Kupagme J; Kušan I; Laarmaa R; Laas P; Langenheder S; Lanzén A; Lateef A; Ligi M; Löffler T; Lortou U; Lujza K; MacConnell T; Maček I; Macreadie P; Maileht K; Marazzi F; Marcello L; Markovskaja S; Martin A; Martínez S; Mata V; Matočec N; McKay R; McKindles K; Mehrshad M; Menéndez M; Merino N; Mešić A; Moctar S; Moza M; Nõges P; Nõges T; O'Hanlon R; Öğlü B; Oja J; Okello W; Orav-Kotta H; Orr P; Osemwegie I; Padisák J; Pajunen V; Panou M; Papatheodoulou A; Pavlovska M; Pearman J; Pehlak H; Peng X; Pereira A; Pereira R; Pernecker B; Picazo F; Pinnow S; Pochekutova P; Põlme S; Pontevedra-Pombal X; Pošta A; Prekrasna-Kviatkovska Y; Pruuli J; Pruuli M; Pruuli T; Radoja N; Rahimlou S; Rannap R; Rasconi S; Rasmussen A; Remmers W; Reyes L; Rhodes G; Roe C; Rojas-Castillo O; Roslin T; Runnel K; Rusch J; Rybak M; Rychtecký P; Sahadevan S; Saitta A; Salehi-Najafabadi A; Santi I; Sarapuu J; Schäfer RB; Schneeweiss A; Scholz B; Selmeczy G; Smederevac-Lalić M; Sommaruga R; Stetler J; Stoica E; Stoll S; Strand D; Tamm M; Tapolczai K; Tarand J; Teurlincx S; Thompson J; Thomson-Laing G; Tiirmann L; Tkalčec Z; Trbojević I; Trevathan-Tackett S; Tsiarta N; Tuvikene A; Tuvikene L; Vacaflores-Argandoña M; Vahter T; Vaino K; Val AL; Vandergoes M; Vasemägi A; Vask A; Vasquez M; Veríssimo J; Vesamäki J; Virta L; Visser P; Viza A; Vrålstad T; Ward CS; Waryszak P; Wierenga J; Wilson P; Wood S; Woźniczka A; Wurzbacher C; Zingel P; Znachor P; Dela Cruz TEE; Panksep K";?;Scientific data;2026-09-24;article;https://doi.org/10.1038/s41597-026-07729-8;;https://pubmed.ncbi.nlm.nih.gov/42786172/;PubMed
1;env;3;Where Worlds Align: Insights from the Joint GGBN-ISBER Conference on Biodiversity and Biobanking, Cape Town, October 2025.;"Astrin JJ; Labuschagne K; Avrili H; Barker K; Burger AL; Dhyani A; Escobari Vargas B; Johnston P; Pugh RS; Grossman GH; Conradie EH";?;Biopreservation and biobanking;2026-09-24;article;https://doi.org/10.1177/19475535261488949;;https://pubmed.ncbi.nlm.nih.gov/42781813/;PubMed
1;sante;10;Health and Safety in Agricultural Storage Buildings: Implications for the Design of a Grain Processing and Storage Complex in Nigeria.;"O. A. Obakin; O.O. Ilori; G.J. Dasaolu";ng;Advances in Multidisciplinary & Scientific Research Journal Publication;2026-09-12;article;https://doi.org/10.22624/aims/sij/v12n3p3;https://doi.org/10.22624/aims/sij/v12n3p3;https://doi.org/10.22624/aims/sij/v12n3p3;OpenAlex
1;sante;9;FACTORS INFLUENCING ACCESS TO HEALTH INFORMATION AMONG THE ELDERLY PEOPLE IN ZIMBABWE: A SCOPING REVIEW;"Taphros Madondo; Nevermore Sithole; Rosemary Maturure; Dr. Alice Dube; Sibongile Chituku; Emmanuel Ifeanyi Obeagu";za,zw;Universal Journal of Pharmaceutical Research;2026-09-15;article;https://doi.org/10.22270/ujpr.v11i4.1636;https://ujpronline.com/index.php/journal/article/download/1636/2235;https://doi.org/10.22270/ujpr.v11i4.1636;OpenAlex
1;sante;8;Prevalence of Newly Diagnosed Diabetes Mellitus in Acute Stroke Patients A Multicenter Cross-Sectional Study;"Muluken Alemayehu Workiye; Rediet Assefa Gudeta; Henok Bahru Wodajeneh; Frewoyni Gedey Gebregziabher; Bemnet Zegeye Ashenafi";et;Progress in Medical Sciences;2026-09-08;article;https://doi.org/10.47363/pms/2026(10)238;https://doi.org/10.47363/pms/2026(10)238;https://doi.org/10.47363/pms/2026(10)238;OpenAlex
1;sante;4;A roadmap for somatosensory rehabilitation and research after stroke: Consensus-based core recommendations from the fourth Stroke Recovery and Rehabilitation Roundtable.;"Aries AM; Carey LM; Birznieks I; Brogårdh C; Cahill LS; Churilov L; Connell L; Dukelow SP; Gopaul U; Hillier S; Hunter SM; Inglis-Jassiem G; Pomeroy VM; Rothwell J; Sandhu K; Senadheera I; Stoykov ME; Uemura JI; Verheyden G; Wieloch T; Zandvliet S";?;International journal of stroke : official journal of the International Stroke Society;2026-09-22;review;https://doi.org/10.1177/17474930261494430;;https://pubmed.ncbi.nlm.nih.gov/42773699/;PubMed
1;sante;4;Nurse-led interventions for hypertension management in Sub-Saharan Africa: A scoping review.;"Goshu AT; Xie YJ; Zhang Y; Melesse TG; Yorke J";?;International journal of nursing studies advances;2026-08-11;review;https://doi.org/10.1016/j.ijnsa.2026.100656;;https://pubmed.ncbi.nlm.nih.gov/42781310/;PubMed
1;sante;3;"""Together, we can do so much"" - mobilising community actors for integrated and coordinated care for hypertension and associated long-term conditions in low-income African settings.";"Sabapathy K; Chivandire T; Acacio S; Floyd S; Hensen B; Scott S";?;Journal of human hypertension;2026-09-23;article;https://doi.org/10.1038/s41371-026-01229-3;;https://pubmed.ncbi.nlm.nih.gov/42778679/;PubMed
1;sante;3;"Comment on ""Sentinel Lymph Node Biopsy for Breast Cancer in North Africa: A Retrospective Analysis of Feasibility, Safety, and Morbidity Reduction in a Real-World Setting"".";Benhami W;?;European journal of breast health;2026-09-23;article;https://doi.org/10.4274/ejbh.galenos.2026.2026-3-10;;https://pubmed.ncbi.nlm.nih.gov/42779203/;PubMed
1;sante;3;Design, synthesis, and biological evaluation of novel dihydropyrimidinone imines as potent anticancer agents targeting AKT to induce cell cycle arrest and apoptosis in breast Cancer cells.;"Gerges MN; Noser AA; Ibrahim EG; Diab T";?;Bioorganic & medicinal chemistry;2026-09-23;article;https://doi.org/10.1016/j.bmc.2026.118807;;https://pubmed.ncbi.nlm.nih.gov/42784856/;PubMed
1;sante;3;Development and Optimisation Using D-Optimal Design of Dual-Functionalized Hyaluronic Acid-Chitosan-Coated Mesoporous Silica Nanoparticles for Repurposed Propranolol Delivery in Breast Cancer: A Proof-of-Concept Study.;"Ibrahim MS; Elsayyad NME; Noshi SH";?;Pharmaceutical development and technology;2026-09-24;article;https://doi.org/10.1080/10837450.2026.2738747;;https://pubmed.ncbi.nlm.nih.gov/42779369/;PubMed
1;sante;3;Efficacy and Safety of EG12014 (Biosimilar Trastuzumab) Compared to Reference Trastuzumab in HER2-Positive Early Breast Cancer: A Phase III Randomized Study.;"Huang CS; Dzagnidze G; Grohmann-Izay B; Liu LC; Llinás-Quintero N; Lin AN; Mishra AK; Pominchuk D; Prokharau A; Rapoport BL; Semiglazov V; Tseng LM; Ruiz EY; Loibl S";?;Advances in therapy;2026-09-24;article;https://doi.org/10.1007/s12325-026-03781-3;;https://pubmed.ncbi.nlm.nih.gov/42782448/;PubMed
1;sante;3;Job Stress and Handover Competency Among Critical Care Nurses: The Mediating Role of Clinical Decision-Making in a Multicentre Cross-Sectional Study.;"Amin SM; Alasqah I; Zanaty MM; Alkubati SA; Hammouda EY; Atta MHR; Abdelraheem A; Ruksakulpiwat S";?;Nursing in critical care;2026-11-01;article;https://doi.org/10.1111/nicc.70682;;https://pubmed.ncbi.nlm.nih.gov/42786703/;PubMed
1;sante;3;Multiterritory Acute Ischemic Stroke with Bilateral Middle Cerebellar Peduncle T2/FLAIR Hyperintensities in the Setting of a Fatal Systemic Arterial Thrombotic Process: A Case Report.;"Brou KM; Traoré S; Ahoury NJ; Aka NA; N'zi KP";?;Radiology case reports;2026-09-15;article;https://doi.org/10.1016/j.radcr.2026.08.046;;https://pubmed.ncbi.nlm.nih.gov/42780601/;PubMed
1;sante;3;Prenatal Immune Activation and Intermittent Maternal Hypoxic Stress Exacerbate Ischaemic Stroke in Adult Rats: A Two-Hit Biochemical Hypothesis Study Across Developmental Stages.;"Friday FB; Ben-Azu B; Iwhiwhu P; Chimezie J; Ozah EO; Usin SG; Chijioke BS; Esuku DT; Moses AS; Chidebe EO; Onuelu JE; Bamitale SKD; Henneh IT";?;International journal of developmental neuroscience : the official journal of the International Society for Developmental Neuroscience;2026-10-01;article;https://doi.org/10.1002/jdn.70179;;https://pubmed.ncbi.nlm.nih.gov/42773603/;PubMed
1;sante;3;Prescribers' adherence to clinical practice guidelines for the management of hypertension at public hospitals in Northwest Ethiopia: An explanatory sequential mixed-methods study.;"Moges TA; Berihun Dagnew S; Zewdu WS; Wondm SA; Tarekegn GY; Mussie DA; Ayele TM; Anberbr SS; Bitew BE; Assefa AN; Ayen AA; Dagnew FN";?;Sage open chronic disease;2026-03-19;article;https://doi.org/10.1177/27558428261420524;;https://pubmed.ncbi.nlm.nih.gov/42775143/;PubMed
1;sante;3;Prevalence and Predictors of Hepatitis B Virus Infection Among Sellers and Workers at West Africa's Largest Market, Kejetia, Ghana: A Cross-Sectional Study.;"Boateng DKO; Obeng MA; Attah JK; Shardow ALK; Boateng CO; Okwan DK; Ahadzie SYN; Takyi P; Scott GY; Abrampah AA; Boakye FK; Oduro P; Nouwati DD; Amankwah KB; Hassanin RM; Adams MM; Rahamani AA";?;BioMed research international;2026-01-01;article;https://doi.org/10.1155/bmri/1412674;;https://pubmed.ncbi.nlm.nih.gov/42775656/;PubMed
1;sante;3;Psychosocial Repercussions and Challenges in Accessing Healthcare for Young Women With Breast Cancer in Brazil: A Qualitative Thematic Analysis.;"Ribeiro HF; Laranjeira C; Obeid S; Fekih-Romdhane F; Camparoto CW; Pelloso FC; Dos Santos L; Carvalho MDB; Pelloso SM";?;Journal of clinical nursing;2026-09-23;article;https://doi.org/10.1111/jocn.70552;;https://pubmed.ncbi.nlm.nih.gov/42775721/;PubMed
1;sante;3;Psychosocial stress and risk of first-ever stroke: a systematic review and meta-analysis.;"Khalifa MA; Hassanein D; Alsabbagh AAI; Gamil AS; Abdelhaleem DE; Zidat ARA; Megahed EA; Ghazi MA; Abdelfattah MH; Aboutabl MM; Ibrahim OA; Adil AM; Ahmed AF; AbdelKareem HA; Gharib MM; Khazali MH";?;BMC neurology;2026-09-23;article;https://doi.org/10.1186/s12883-026-05307-4;;https://pubmed.ncbi.nlm.nih.gov/42778898/;PubMed
1;sante;3;Understanding the pathways to workplace flourishing: the effect of trust and psychological safety in high-pressure work environments.;"Nubuor SA; Bosomtwe TE; Obuobi R; Bampoe HS; Bosomtwe-Duker DE";?;Frontiers in psychiatry;2026-08-27;article;https://doi.org/10.3389/fpsyt.2026.1912314;;https://pubmed.ncbi.nlm.nih.gov/42775233/;PubMed
1;sante;3;Writing the Unspeakable: Breast Cancer Survivors' Experiences of Expressive Writing as Psychosocial Support.;"Ali SI; Shaban M";?;Seminars in oncology nursing;2026-09-24;article;https://doi.org/10.1016/j.soncn.2026.152394;;https://pubmed.ncbi.nlm.nih.gov/42784890/;PubMed
1;alim;14;Unlocking the Potential of Fish Nutrition, Products, and By-Products for Food Security and, Environmental Sustainability: Current Knowledge Gaps and Future Research Directions;"Regan Nicholaus; Angela Aluko";tz;MUST Journal of Research and Development.;2026-09-15;article;https://doi.org/10.62277/mjrd2026v7i30009;https://mjrd.must.ac.tz/index.php/mjrd/article/download/415/231;https://doi.org/10.62277/mjrd2026v7i30009;OpenAlex
1;alim;9;An Anesthesia-Free Murine Model of Peanut Sensitization via Inhalation and Dermal Exposure for Evaluating the Immunomodulatory Effects of Dietary Arachidonic Acid v1;Ashraf Elgendy;eg;;2026-09-15;preprint;https://doi.org/10.17504/protocols.io.36wgq2b73gk5/v1;https://www.protocols.io/view/an-anesthesia-free-murine-model-of-peanut-sensitiz-36wgq2b73gk5/v1.pdf;https://doi.org/10.17504/protocols.io.36wgq2b73gk5/v1;OpenAlex
1;alim;9;Peri-Urban Livestock Farming as an Agribusiness Strategy: Economic Opportunities, Land-Use Challenges and Food Security Implications;"Stella Anietie George; Anietie George; Omolabake Josephine Ogboro; Omoregie Sophia";ng;International Journal of Research Publication and Reviews;2026-09-11;article;https://doi.org/10.55248/gengpi.06.1226.2806;https://doi.org/10.55248/gengpi.06.1226.2806;https://doi.org/10.55248/gengpi.06.1226.2806;OpenAlex
1;alim;4;Dietary melatonin and its benefits on cardiovascular disease.;"Tisane K; Abrahams C; Lecour S";?;British journal of pharmacology;2026-09-25;review;https://doi.org/10.1111/bph.70673;;https://pubmed.ncbi.nlm.nih.gov/42786941/;PubMed
1;alim;4;From bioactive chemistry to packaging function: a structure-interaction-release framework for sustainable food packaging.;"Yar MS; Rehman F; Elnagar A; Regmi A; Bilal M; Mubeen HM; Ibeogu IH; Bako HK; Alnadari F; Li C";?;Food chemistry;2026-09-21;review;https://doi.org/10.1016/j.foodchem.2026.151189;;https://pubmed.ncbi.nlm.nih.gov/42785020/;PubMed
1;alim;4;Mycotoxins as Environmental Pollutants: Epigenetic Modifications in Animals and Implications for Ecosystem Health.;"Sayed H; Adam SY; Batool SA; Tyasi TL; Kim IH; Ahmed AA; Liu HY; Cai D";?;Environmental toxicology and pharmacology;2026-09-24;review;https://doi.org/10.1016/j.etap.2026.105176;;https://pubmed.ncbi.nlm.nih.gov/42785449/;PubMed
1;alim;3;An integrated adaptive framework for mycotoxin management in African cereals: evidence from a scoping review.;"Coffi VEC; Tesfamariam K; Iko Afé OH; Akissoé N; De Saeger S; Dabadé DS";?;Mycotoxin research;2026-09-24;article;https://doi.org/10.1007/s12550-026-00673-x;;https://pubmed.ncbi.nlm.nih.gov/42782459/;PubMed
1;alim;3;Effect of Dala-Led Behavior Change Communication on Complementary Feeding Practices in Infants and Young Children: A Cluster-Randomized Controlled Trial in Agro-Pastoral Settings of Afar Region, Ethiopia.;"Ali AS; Belachew T; Kedir S; Abate KH";?;Maternal & child nutrition;2026-07-01;article;https://doi.org/10.1111/mcn.70254;;https://pubmed.ncbi.nlm.nih.gov/42775712/;PubMed
1;alim;3;Herbivore-induced sorghum volatiles mediate attraction of Cotesia flavipes: roles of DMNT and (Z)-3-hexenyl acetate in tritrophic chemical communication.;"Osinde C; Nyakoojo C; M Nsubuga A; K Tugume A; Edrisa Ssenku J";?;Plant signaling & behavior;2026-12-31;article;https://doi.org/10.1080/15592324.2026.2737761;;https://pubmed.ncbi.nlm.nih.gov/42776862/;PubMed
1;alim;3;Hybrid Sensor-Vision Machine Learning for Predicting Mahewu Fermentation Dynamics.;"Adeleke I; Adebo OA; Nwulu N";?;Journal of food science;2026-09-01;article;https://doi.org/10.1111/1750-3841.71497;;https://pubmed.ncbi.nlm.nih.gov/42786983/;PubMed
1;alim;3;Joint International Society of Renal Nutrition and Metabolism (ISRNM) and International Society for Peritoneal Dialysis (ISPD) practice recommendation on nutrition management in peritoneal dialysis.;"Wang AY; Avesani CM; Kariyawasam D; Lambert K; Nash C; Nerbass F; Sabatino A; Alobaidi A; Naraine SD; Chan M; Chow JS; Dong J; Ebrahim Z; Figueiredo AE; Liebman SE; Rhee C; Silva MZC; Johnson DW";?;Peritoneal dialysis international : journal of the International Society for Peritoneal Dialysis;2026-09-25;article;https://doi.org/10.1177/08968608261458140;;https://pubmed.ncbi.nlm.nih.gov/42786897/;PubMed
1;alim;3;Mid-upper arm circumference of preschool-aged children during conflict transition in the Gaza Strip: a cross-sectional nutritional surveillance study.;"Horino M; Tabaza A; Chen J; Al Najjar S; Alkhammash H; Jaffal R; Quqa R; West KP Jr; Seita A";?;The Lancet. Global health;2026-09-30;article;https://doi.org/10.1016/j.langlo.2026.104065;;https://pubmed.ncbi.nlm.nih.gov/42777752/;PubMed
1;alim;3;Using next-generation sequencing to unravel the diet composition of Burrowing Parrots over the annual cycle.;"Masello JF; Failla M; Leder CV; Quillfeldt P";?;Die Naturwissenschaften;2026-09-24;article;https://doi.org/10.1007/s00114-026-02159-3;;https://pubmed.ncbi.nlm.nih.gov/42782303/;PubMed
1;social;15;Income, Stigma, and Affect in Portuguese Adults Living in Poverty;"Jóni Ledo; Iara do Nascimento Teixeira; Madalena Cruz; Inês Catarinas Batista; António Oliveira; Felipe Alckmin-Carvalho; Catarina Oliveira; Henrique Cerqueira Quinteiro Pereira";cm;Journal of Poverty;2026-09-22;article;https://doi.org/10.1080/10875549.2026.2734990;;https://doi.org/10.1080/10875549.2026.2734990;OpenAlex
1;social;11;Closing the Gender Gap in Marula (Sclerocarya Birrea) Food Value Chains: A Gendered Analysis of Women’s Participation in Enhancing Household Food and Income in Southeastern Lowveld, Zimbabwe;"Blessing Masamha; P. Maringe; Innocent Kutyauripo; P. Tirivanhu";za,zw;Suid-Afrikaanse tydskrif vir landbouvoorligting/South African journal of agricultural extension;2026-09-14;article;https://doi.org/10.17159/2413-3221/2026/v54n6a18747;;https://doi.org/10.17159/2413-3221/2026/v54n6a18747;OpenAlex
1;social;11;Navigating Challenges in Rural Agriculture: A Study of Network Governance and Smallholder Farming in KwaZulu-Natal;"P Garane; Betty Claire Mubangizi; O.T. Ojogiwa";za;Suid-Afrikaanse tydskrif vir landbouvoorligting/South African journal of agricultural extension;2026-09-14;article;https://doi.org/10.17159/2413-3221/2026/v54n6a21439;;https://doi.org/10.17159/2413-3221/2026/v54n6a21439;OpenAlex
1;social;11;Oligarchy, Corruption and Social Justice;"Firoz Khan; Sushma Patel";za;Strategic Review for Southern Africa;2026-09-14;article;https://doi.org/10.35293/srsa.v48i1.7465;https://upjournals.up.ac.za/index.php/strategic_review/article/download/7465/5330;https://doi.org/10.35293/srsa.v48i1.7465;OpenAlex
1;social;11;Social Norms and Corruption in South Africa: The Struggle Beneath the Surface;"L. Chivandire; M. Saruchera";za;Strategic Review for Southern Africa;2026-09-14;article;https://doi.org/10.35293/srsa.v48i1.7471;https://upjournals.up.ac.za/index.php/strategic_review/article/download/7471/5333;https://doi.org/10.35293/srsa.v48i1.7471;OpenAlex
1;social;10;"First-principles insights into the stability, lattice dynamics, and thermal transport of novel Te-based MAX phases M2TeX (M: Zr, Hf; X: C, N)";"Rachid Baghdad; Rachid Lardjani; A. Zaoui; Salima Kacimi";dz;Computational Condensed Matter;2026-09-17;article;https://doi.org/10.1016/j.cocom.2026.e01466;;https://doi.org/10.1016/j.cocom.2026.e01466;OpenAlex
1;social;10;The Social Life of Anti-Corruption Narratives: Media and Campaign Representations in Sub-Saharan Africa;"Ruth Irene Kolevsohn; Jarred H. Martin";za;Strategic Review for Southern Africa;2026-09-14;article;https://doi.org/10.35293/srsa.v48i1.7470;https://upjournals.up.ac.za/index.php/strategic_review/article/download/7470/5343;https://doi.org/10.35293/srsa.v48i1.7470;OpenAlex
1;social;10;The extent to which e-governance platforms enhance transparency in public sector organisations in Tanzania: Evidence from Benjamini Mkapa Hospital, Dodoma;"Thadeus M. Kagumisa; Faisal Issa";tz;African Journal of Empirical Research;2026-09-15;article;https://doi.org/10.51867/ajernet.7.3.131;https://ajernet.net/ojs/index.php/ajernet/article/download/2259/1382;https://doi.org/10.51867/ajernet.7.3.131;OpenAlex
1;social;9;A Heterodox Developmental Economics Understanding of Systemic Corruption:The Case of South Africa;Seeraj Mohamed;za;Strategic Review for Southern Africa;2026-09-14;article;https://doi.org/10.35293/srsa.v48i1.7468;https://upjournals.up.ac.za/index.php/strategic_review/article/download/7468/5332;https://doi.org/10.35293/srsa.v48i1.7468;OpenAlex
1;social;9;Interregional trade, structural changes and regional inequality;"Inácio F. Araújo; Eduardo A. Haddad";ma;Structural Change and Economic Dynamics;2026-09-16;article;https://doi.org/10.1016/j.strueco.2026.09.006;https://www.sciencedirect.com/science/article/pii/S0954349X26001657/pdf;https://doi.org/10.1016/j.strueco.2026.09.006;OpenAlex
1;social;9;Reproductive Rights, Gender, Culture and Grassroots Football: Interdisciplinary Perspectives on Women’s Experiences in Southeast Nigeria;"Timothy Chibuike Anyanwu; Kalu Chukwuma Amogu; Bright Enyinnaya Nwamuo; James Eke; Kelechi Goodluck Onyegbule; Chidiebere Collins Nweze; Philemon Chukwu Ajah; Emmanuel Igboji Agu; Angela Ogochukwu Odo; Ezinne Oledi Alum-Udensi";ng;Adolescencia e Saude;2026-09-07;article;https://doi.org/10.67440/ahj.vi.2123;https://adolescenciaesaude.com/index.php/aes/article/download/2123/1616;https://doi.org/10.67440/ahj.vi.2123;OpenAlex
1;social;8;Gender Discrimination in Access to Capital: A Field Experiment in Ethiopia;"Ketki Sheth; Shanthi Manian; Shibiru Ayalew";et;The Review of Economics and Statistics;2026-09-08;article;https://doi.org/10.1162/rest.a.1867;;https://doi.org/10.1162/rest.a.1867;OpenAlex
1;social;8;Patterns and dynamics of child sexual abuse in Korogwe District, Tanzania;"Juma Almasi Mhina; Rebecca Zacharia";tz;African Journal of Empirical Research;2026-09-11;article;https://doi.org/10.51867/ajernet.7.3.125;https://ajernet.net/ojs/index.php/ajernet/article/download/2252/1376;https://doi.org/10.51867/ajernet.7.3.125;OpenAlex
1;social;7;My Focus is on Tackling Corruption Decisively, Investigating High-Profile Cases Thoroughly, and Ensuring that Justice is Served;"Firoz Khan; Ruth Kolevsohn";za;Strategic Review for Southern Africa;2026-09-14;article;https://doi.org/10.35293/srsa.v48i1.7477;https://upjournals.up.ac.za/index.php/strategic_review/article/download/7477/5339;https://doi.org/10.35293/srsa.v48i1.7477;OpenAlex
1;social;4;De-Escalation in United Kingdom Inpatient Mental Health Care: A Structured Critical Narrative Synthesis of People, Capability and Context.;"Ugwuocha NW; Neilson S; Challinor A; Shoko C; Aluh D; Bifarin O";?;International journal of mental health nursing;2026-10-01;review;https://doi.org/10.1111/inm.70364;;https://pubmed.ncbi.nlm.nih.gov/42775399/;PubMed
1;social;3;"""It's There, but Not for Us"": Pharmacy Students' Lived Experiences of Mental Health Support at a South African University.";"Dabengwa NM; Burton SF; Shaik S";?;Pharmacy (Basel, Switzerland);2026-08-26;article;https://doi.org/10.3390/pharmacy14060126;;https://pubmed.ncbi.nlm.nih.gov/42784215/;PubMed
1;social;3;Assessment of Factors Associated With Perceived Health Anxiety Among Health Profession Medical Students in the Central Region of Saudi Arabia: A Cross-Sectional Study.;"Dawood E; Monica A; Abdullah A; Alalyani G; Alzhrani N; Alqahtani F; Ali GB; Shereda HA";?;Health science reports;2026-09-22;article;https://doi.org/10.1002/hsr2.72981;;https://pubmed.ncbi.nlm.nih.gov/42780520/;PubMed
1;social;3;Courageous Leadership, Psychological Safety, and Innovative Work Behavior Among Staff Nurses.;"Abousoliman AD; Hamed HM";?;The Journal of nursing administration;2026-10-01;article;https://doi.org/10.1097/nna.0000000000001785;;https://pubmed.ncbi.nlm.nih.gov/42776492/;PubMed
1;social;3;Cradle-to-gate life cycle assessment of sisal/PLA biocomposite: Uncovering the dominance of transport and burden-shifting trade-offs in sustainable material design.;"Kahigi NS; Machunda R; Mkunda JJ; Mwema MF";?;PloS one;2026-09-23;article;https://doi.org/10.1371/journal.pone.0349715;;https://pubmed.ncbi.nlm.nih.gov/42776984/;PubMed
1;social;3;Nurses' knowledge, attitudes, literacy, anxiety, and readiness towards artificial intelligence in clinical practice: An international scoping review.;"Clement David-Olawade A; Osonuga AA; Olawade DB";?;Applied nursing research : ANR;2026-10-01;article;https://doi.org/10.1016/j.apnr.2026.152135;;https://pubmed.ncbi.nlm.nih.gov/42785821/;PubMed
1;social;3;Preexisting depression and early outcomes in inflammatory bowel disease: a propensity score-matched cohort study.;"Ibrahim EA; Saleh N; Mansour M; Alnounou A; Mohamed I; Ghnaimat AA; Mahmoud MAT; Kaelber DC; Almomani A";?;Proceedings (Baylor University. Medical Center);2026-09-23;article;https://doi.org/10.1080/08998280.2026.2732411;;https://pubmed.ncbi.nlm.nih.gov/42775857/;PubMed
1;social;3;Psychological Adaptation During Prolonged War-Related Stress in Ukraine: A Narrative Review.;"Nekrasova N; Solovyova Y; Butov D; Uwishema O; Kauk O";?;Health science reports;2026-09-23;article;https://doi.org/10.1002/hsr2.73284;;https://pubmed.ncbi.nlm.nih.gov/42781286/;PubMed
1;hors domaines;10;Journal response time: an experience at Pan African Medical Journal;Gina Joubert;za;Pan African Medical Journal;2026-09-17;article;https://doi.org/10.11604/pamj.2026.53.133.49254;;https://doi.org/10.11604/pamj.2026.53.133.49254;OpenAlex
1;hors domaines;10;First laboratory-confirmed fatal dengue virus infection and its implications for national arboviral surveillance in Liberia;"Bode Ireti Shobayo; Chukwuma David Umeokonkwo; Kalilu S. Donzo; Methodius George; Emmanuel Dwalu; Ralph Jetoh; Fahn M. Taweh; Julius Gilayeneh; Sia Wata Camanor; Stephen B. Kennedy";lr,ug;IJID Regions;2026-09-11;article;https://doi.org/10.1016/j.ijregi.2026.101014;https://www.sciencedirect.com/science/article/pii/S2772707626001761/pdf;https://doi.org/10.1016/j.ijregi.2026.101014;OpenAlex
1;hors domaines;10;Open reduction and internal fixation of Type I Monteggia Equivalent fractures: A case series with excellent functional outcomes;"Mohamed Hassan Nur; Saed Mohamed Osman; Yazin Cawl Elmi; Abdirashid Ismail Ali; Abdirahman Omer Ali; Abdirahman Omer Ali; Abdirahman Omer Ali";so;Trauma Case Reports;2026-09-11;article;https://doi.org/10.1016/j.tcr.2026.101432;https://www.sciencedirect.com/science/article/pii/S2352644026001391/pdf;https://doi.org/10.1016/j.tcr.2026.101432;OpenAlex
1;hors domaines;10;Modulating Aspergillus fumigatus secondary metabolism for enhanced biosynthesis of stable TiO2 nanoparticles and synthetic dye degradation;"Osama M. Darwesh; Hend A. Darwish; Maie Elkhawaga; Yehia A.‐G. Mahmoud";eg;Results in Chemistry;2026-09-16;article;https://doi.org/10.1016/j.rechem.2026.103876;https://www.sciencedirect.com/science/article/pii/S2211715626008507/pdf;https://doi.org/10.1016/j.rechem.2026.103876;OpenAlex
1;hors domaines;10;A rare traumatic triad: Open bicondylar non-conjoint Hoffa fracture with partial tibial tubercle and medial epicondyle avulsions – A case report and biomechanical analysis;"Abdelwahed Soleh; Zakaria Chabihi; Yassine Fath El Khir; El Mehdi Boumediane; Mohamed Amine Benhima; Imad Abkari";ma;Trauma Case Reports;2026-09-16;article;https://doi.org/10.1016/j.tcr.2026.101436;https://www.sciencedirect.com/science/article/pii/S2352644026001433/pdf;https://doi.org/10.1016/j.tcr.2026.101436;OpenAlex
1;hors domaines;10;Optimization and characterization of ultrasonic-assisted protein isolation from groundnut (Arachis hypogaea L.) oilseed cake;Tesfaye Abebe;et;Applied Food Research;2026-09-18;article;https://doi.org/10.1016/j.afres.2026.102600;https://www.sciencedirect.com/science/article/pii/S2772502226009364/pdf;https://doi.org/10.1016/j.afres.2026.102600;OpenAlex
1;hors domaines;10;Neuroprotective plant-derived compounds via their anti-cholinesterase activity: Therapeutic potential in Alzheimer's disease;"Sadek Ahmed; Anood T. Allam; Omneya Eid; Eman S. Zaki; Abeer M. Shaheen; Mariam A. Al-Nazer; Moataz Essam Shalaby; Ahmed M. El‐Dessouki; Sara Saeed Kotb; Riham A. El-Shiekh; Hazim O. Khalifa";eg;Scientific African;2026-09-14;article;https://doi.org/10.1016/j.sciaf.2026.e03640;https://www.sciencedirect.com/science/article/pii/S2468227626004655/pdf;https://doi.org/10.1016/j.sciaf.2026.e03640;OpenAlex
1;hors domaines;10;Assessment of Some Inflammatory Biomarkers Among Individuals with Sickle Cell Disease Attending Murtala Muhammad Specialist Hospital in Kano, Nigeria;"Nura Garba; Jibril Adamu; Danladi N. Bala; Hayatu Saidu; Kabiru Adamu; Oluseun Ogunkoya; Maryam Musa";ne,ng;European Medical Journal;2026-09-15;article;https://doi.org/10.33590/emj/31m33n35;https://www.emjreviews.com/wp-content/uploads/2026/09/Assessment-of-Some-Inflammatory-Biomarkers-Among-Individuals-with-Sickle-Cell-Disease-Attending-Murtala-Muhammad-Specialist-Hospital-in-Kano-Nigeria-2.pdf;https://doi.org/10.33590/emj/31m33n35;OpenAlex
1;hors domaines;10;AgePopDenom: Geostatistical Modeling for Fine-Scale Population Age-Structures;"Mohamed Yusuf; Victor A. Alegana; Chibuzor Christopher Nnanatu; Andrew J. Tatem";cg,eg,ng;The Journal of Open Source Software;2026-09-23;article;https://doi.org/10.21105/joss.10335;https://joss.theoj.org/papers/10.21105/joss.10335.pdf;https://doi.org/10.21105/joss.10335;OpenAlex
1;hors domaines;9;Outlier-Robust Copula Regression for Bivariate Continuous Proportions: An Application to Cushion Plant Vitality;"Divan Aristo Burger; Janet van Niekerk; Peter Christiaan le Roux; Morgan J. Raath‐Krüger";za;Journal of Agricultural Biological and Environmental Statistics;2026-09-23;article;https://doi.org/10.1007/s13253-026-00756-3;;https://doi.org/10.1007/s13253-026-00756-3;OpenAlex
1;hors domaines;9;Boundedness of the Hardy-Littlewood maximal operator on generalized Fofana spaces;"Pokou Nagacy; Berenger Akon Kpata; Nouffou Diarra";ci;Integral Transforms and Special Functions;2026-09-24;article;https://doi.org/10.1080/10652469.2026.2736805;https://arxiv.org/pdf/2605.21670;https://doi.org/10.1080/10652469.2026.2736805;OpenAlex
1;hors domaines;9;Spectral properties of commutators on harmonic Bergman spaces of the unit disk;"Khaled Chbichib; Noureddine Ghiloufi";tn;Asian-European Journal of Mathematics;2026-09-10;article;https://doi.org/10.1142/s1793557126501160;;https://doi.org/10.1142/s1793557126501160;OpenAlex
1;hors domaines;9;A novel metallacoronate complex of osmium: Synthesis, spectroscopic analysis, crystal structure, Hirshfeld surface analysis, DFT and anticancer studies;"Kgaugelo Cornelius Tapala; Hadley S. Clayton";za;Journal of Organometallic Chemistry;2026-09-17;article;https://doi.org/10.1016/j.jorganchem.2026.124295;https://www.sciencedirect.com/science/article/pii/S0022328X26002858/pdf;https://doi.org/10.1016/j.jorganchem.2026.124295;OpenAlex
1;hors domaines;9;The Spitzer Data Fusion—A Far-ultraviolet to Far-infrared Multi-wavelength Database in Spitzer Extragalactic Survey Fields;Mattia Vaccari;za;Research Notes of the AAS;2026-09-23;article;https://doi.org/10.3847/2515-5172/aeaa58;;https://doi.org/10.3847/2515-5172/aeaa58;OpenAlex
1;hors domaines;9;Mineral windfalls, global liquidity, and the composition of sovereign external financing;Hamidou Diallo;cd,gn;Emerging Markets Review;2026-09-18;article;https://doi.org/10.1016/j.ememar.2026.101560;;https://doi.org/10.1016/j.ememar.2026.101560;OpenAlex
1;hors domaines;9;Effect of different varieties and processing methods on enhancing the use of underutilized peanut seeds (Arachis hypogaea L.) flour;"Gashaw Abebaw; Welday Hailu; Tafese Bosha; Tefera Belachew; Nigussi Alebchaw";et;Journal of Food Composition and Analysis;2026-09-11;article;https://doi.org/10.1016/j.jfca.2026.109516;https://www.sciencedirect.com/science/article/pii/S0889157526006599/pdf;https://doi.org/10.1016/j.jfca.2026.109516;OpenAlex
1;hors domaines;9;Clinical Leadership, Evaluation, and Action Network for surgical site infection control: protocol enhancement in Sudan;"Yousif Omer Elgaili Yousif; Baha Aldeen Alshareif; Ahmed Abdellateef Hassan Bakry; Mohamedelmustafa Yahya Mohamed Eldouma; Ola Adil DafaAllah; Nizar I. M. Yaqoub; Abdulrahman Mohammed Abdulrahman Abouh; Nidal Ahmed Abdalgader Abdalhadi; Hanan Youssif Mohamed; Shahd Jaffer Mohammed Khire; Ola Sharafeldin Mohamed Elhassan Hussein; Rayan Khalifa Eltayeb; Jumaa Mohammed Abdallah Hamed; Solima Mohammed Abdelgadir Mohammed; Abdulrahman Mohammed; Abubakr Alsideeg Alfadhl Aljaily Alfadhl; Abobakar Mohammed Abdelrahman Dafaalla; Mohab A. Elmubarak; Mohamed Maisara Ali Hussein Qurashi; Aisha Abdalla Ali Dafalla; Mohannad Osman Abdallah Sulieman; Afraa Nsreldeen Bala Awadelkareem; Eltayeb Dirar Alsiddig Ali; Musa Eltayeb Musa Adam; Mustafa Aboalgasim Abozaid Mohamed; Ahmed Muaz Ahmed Medani; Osman Taleballah; Raghad Omar Abdalla; Mahmoud Qasmelsid; Ragda Abdallah; Mahil Abdalla; Osama Suliman Idris Mahmoud";sd,za;IJID Regions;2026-09-10;article;https://doi.org/10.1016/j.ijregi.2026.101006;https://www.sciencedirect.com/science/article/pii/S2772707626001682/pdf;https://doi.org/10.1016/j.ijregi.2026.101006;OpenAlex
1;hors domaines;9;Bianchi IX dynamics with a phantom field;"Adel Awad; Dmitry Chirkov; Alexey Golovnev; Alexey Toporensky";eg;The European Physical Journal C;2026-09-23;article;https://doi.org/10.1140/epjc/s10052-026-16386-5;;https://doi.org/10.1140/epjc/s10052-026-16386-5;OpenAlex
1;hors domaines;9;Economic burden of chronic pulmonary aspergillosis in Uganda: a cost-of-illness analysis;"Felix Bongomin; Bwambale Jonani; Martha Sarah Namusobya; Norman van Rhijn; David W. Denning";ug;IJID Regions;2026-09-09;article;https://doi.org/10.1016/j.ijregi.2026.101007;https://www.sciencedirect.com/science/article/pii/S2772707626001694/pdf;https://doi.org/10.1016/j.ijregi.2026.101007;OpenAlex
1;hors domaines;9;The Signalling Theory Dividends;"Alan Mwandenga; Amina Mansour; Nicolas Riouf";za;Forum qualitative Sozialforschung;2026-09-11;article;https://doi.org/10.5555/6ydjh404;;https://doi.org/10.5555/6ydjh404;OpenAlex
1;hors domaines;8;A parsec-scale cm-to-sub-mm SED study of the compact radio jet components in NGC 1068;"I. M. Mutie; S. del Palacio; D. R. Williams; R. J. Beswick; S. Aalto; C. M. Violette Impellizzeri; John S. Gallagher Iii; J. F. Gallimore";ke;Monthly Notices of the Royal Astronomical Society;2026-09-12;article;https://doi.org/10.1093/mnras/stag1693;https://academic.oup.com/mnras/advance-article-pdf/doi/10.1093/mnras/stag1693/71130187/stag1693.pdf;https://doi.org/10.1093/mnras/stag1693;OpenAlex
1;hors domaines;8;Empowering Smallholder Farmers: Unveiling the Key Drivers of Climate Smart Agriculture Adoption Across Africa: A Systematic Review;"M.J. Ramakgasha; U. Chipfupa; P.F. Tshilowa";za;Suid-Afrikaanse tydskrif vir landbouvoorligting/South African journal of agricultural extension;2026-09-14;review;https://doi.org/10.17159/2413-3221/2026/v54n6a21953;;https://doi.org/10.17159/2413-3221/2026/v54n6a21953;OpenAlex
1;hors domaines;8;Comparative Evaluation of the TANROADS Road Maintenance Management System (RMMS) against MCDA Practice: Systematic Review - A Case of Tanzania;"Eliesikia Mrutu; Ramadhani Said Tekka; Yazid Hassan Mwishwa";tz;MUST Journal of Research and Development.;2026-09-15;review;https://doi.org/10.62277/mjrd2026v7i30008;https://mjrd.must.ac.tz/index.php/mjrd/article/download/943/230;https://doi.org/10.62277/mjrd2026v7i30008;OpenAlex
1;hors domaines;7;Recent Advances in the Synthesis and Functionalization of 2-pyrazolin-5-ones;"Ahmed Abdou O. Abeed; Wafa AbuBaker Bawazir; Rawda M. Okasha; Heba Alsharif; Tarek H. Afifi; Mohamed S. A. El-Gaby; Mohamed R. Fouad";eg;Current Organic Synthesis;2026-09-11;article;https://doi.org/10.2174/0115701794496713260826071052;;https://doi.org/10.2174/0115701794496713260826071052;OpenAlex
1;hors domaines;7;Bott–Duffin weak group inverse of matrices;"Abdessalam Kara; Dijana Mosić";dz;Journal of Algebra and Its Applications;2026-09-08;article;https://doi.org/10.1142/s0219498828500521;;https://doi.org/10.1142/s0219498828500521;OpenAlex
1;hors domaines;7;Strengthening Newborn Screening, Diagnosis and Management of Birth Defects in Low- and Middle-Income Countries: A Priority for WHO Member States;"Ayesha De Costa; Pablo Duran; R. K. Khanna; Janet Kayita; Khalid Siddeeg";cg,eg;International Journal of Neonatal Screening;2026-09-23;article;https://doi.org/10.3390/ijns12040075;;https://doi.org/10.3390/ijns12040075;OpenAlex
1;hors domaines;7;Enhancing Agricultural Advisory Services Through Field Surveys and Interpretation of Soil Physicochemical Properties for Efficient Productivity;"Thandile Mdlambuzi; W.L. Shelembe; S. Hlela; S. Nonxuba";za;Suid-Afrikaanse tydskrif vir landbouvoorligting/South African journal of agricultural extension;2026-09-14;article;https://doi.org/10.17159/2413-3221/2026/v54n6a23675;;https://doi.org/10.17159/2413-3221/2026/v54n6a23675;OpenAlex
1;hors domaines;7;Valorization of Biogenic Calcium-Rich Wastes as a Composite CaO Catalyst for Optimized Palm Kernel Oil Biodiesel Synthesis;"Wuraola Abake Raji; Abiodun S. Solola; Adewemimo Oluwakunmi Popoola; Ademola A. Fetuga";ng;Journal of Chemical Engineering Research Progress;2026-09-14;article;https://doi.org/10.9767/jcerp.20819;https://journal.bcrec.id/index.php/jcerp/article/download/20819/10008;https://doi.org/10.9767/jcerp.20819;OpenAlex
1;hors domaines;7;Socioeconomic and Agronomic Factors Influencing Irish Potato Productivity Among Low-Resource Farmers in Limpopo Province, South Africa;"M.P. Phehla; Kingsley Kwabena Ayisi; L. Munjonji; Mapotso Anna Kena; Norman Mathebula; Ephias Mugari";za;Suid-Afrikaanse tydskrif vir landbouvoorligting/South African journal of agricultural extension;2026-09-14;article;https://doi.org/10.17159/2413-3221/2026/v54n6a22192;;https://doi.org/10.17159/2413-3221/2026/v54n6a22192;OpenAlex
1;hors domaines;7;Evaluating the Adoption Intensity of Climate Smart Agri-Practices by Smallholder Farmers in the Eastern Cape Province;"Wandile Mashece; L. Mdoda; Athenkosi Ngqulana";za;Suid-Afrikaanse tydskrif vir landbouvoorligting/South African journal of agricultural extension;2026-09-14;article;https://doi.org/10.17159/2413-3221/2026/v54n6a20185;;https://doi.org/10.17159/2413-3221/2026/v54n6a20185;OpenAlex
1;hors domaines;7;Perception of Caesarean Section in Lower Middle-Income Countries: A Narrative Review;Nuvie Oyeyemi;ng;INTERNATIONAL JOURNAL OF HEALTH & MEDICAL RESEARCH;2026-09-15;review;https://doi.org/10.5281/zenodo.22787099;;https://doi.org/10.5281/zenodo.22787099;OpenAlex
1;hors domaines;7;Farmers Perceptions of the Role of Social Capital on the Performance of Agricultural Cooperatives in Ekurhuleni Metropolitan, Gauteng Province, South Africa;"M. Mdhluli; Mashford Zenda";za;Suid-Afrikaanse tydskrif vir landbouvoorligting/South African journal of agricultural extension;2026-09-14;article;https://doi.org/10.17159/2413-3221/2026/v54n6a19256;;https://doi.org/10.17159/2413-3221/2026/v54n6a19256;OpenAlex
1;hors domaines;7;Progress and Barriers Define the Journey to Measles Elimination in Africa;"Gaspary Mwanyika; Bernadether Rugumisa";tz;MUST Journal of Research and Development.;2026-09-15;article;https://doi.org/10.62277/mjrd2026v7i30010;https://mjrd.must.ac.tz/index.php/mjrd/article/download/953/232;https://doi.org/10.62277/mjrd2026v7i30010;OpenAlex
1;hors domaines;7;From Indigenous Knowledge to Higher-Order Learning: A Systematic Review of Ethnoscience, Contextual Learning Resources, and Knowledge Integration in African Education;"Onamrewho Favour Atubi; Rachid El Yazidi";ma,ng;International Journal of Ethnoscience and Technology in Education;2026-09-11;review;https://doi.org/10.33394/ijete.v3i2.22510;https://e-journal.undikma.ac.id/index.php/ijete/article/download/22510/10546;https://doi.org/10.33394/ijete.v3i2.22510;OpenAlex
1;hors domaines;7;Imaging and etiologic spectrum of cavernous sinus syndrome: a retrospective observational study of 26 patients;"Wiame Bougrine; Brahim El Mahjoub; HAJAR OUAZZANI CHAHDI; Ismail Chaouche; Amal Akammar; Nizar El Bouardi; Meriem Haloua; Badreddine Alami; Mly Youssef Alaoui Lamrani; Mustapha Maaroufi; Meryem Boubbou";ma;European Journal of Medical Case Reports;2026-09-12;article;https://doi.org/10.24911/ejmcr.9-2809;https://ejmcr.com/files/articles/pdf/2809/show;https://doi.org/10.24911/ejmcr.9-2809;OpenAlex
1;hors domaines;7;Whipple’s disease presenting with false-positive HIV serology: a diagnostic pitfall;"Youness Dendane; Rim Mansour; Ouiam Elmqaddem; Hajar Koulali; Abdelkrim Zazour; Zahi Ismaili; Ghizlane Kharrasse";ma;European Journal of Medical Case Reports;2026-09-12;article;https://doi.org/10.24911/ejmcr.9-2947;https://ejmcr.com/files/articles/pdf/2947/show;https://doi.org/10.24911/ejmcr.9-2947;OpenAlex
1;hors domaines;7;Test of the Reduction of Pathogenic Microorganisms in Wastewater from the Agro-food and Domestic Industries by the Essential Oil of Eucalyptus citriodora;"Sharon Tshibola Mpiana; Andre KANJINGA NGOYI; Tania Nkanga Bonona; Bienvenue Mvingu Kamalandua; Francis Tshiswaka Kabongo; Hervé Ngangu Boloki; Thierry Tangou Tabou";cd;Biology Medicine & Natural Product Chemistry;2026-09-08;article;https://doi.org/10.14421/biomedich.2026.151.1761-1769;https://sciencebiology.org/index.php/BIOMEDICH/article/download/1430/753;https://sciencebiology.org/index.php/BIOMEDICH/article/view/1430;OpenAlex
1;hors domaines;7;Urban morphogenesis of Bejaia (1833-1962): A GIS-based framework for architectural heritage planning;Sofiane Bounouni;dz;Budownictwo i Architektura;2026-09-15;article;https://doi.org/10.35784/bud-arch.9299;https://ph.pollub.pl/index.php/bia/article/download/9299/5586;https://doi.org/10.35784/bud-arch.9299;OpenAlex
1;hors domaines;7;Spatial configuration and perceived privacy in open-plan offices: a case study in Oran, Algeria;"Faiza Sidi Ykhlef; Saïd Mazouz; Malika Kacemi";dz;Budownictwo i Architektura;2026-09-15;article;https://doi.org/10.35784/bud-arch.9100;https://ph.pollub.pl/index.php/bia/article/download/9100/5573;https://doi.org/10.35784/bud-arch.9100;OpenAlex
1;hors domaines;7;Pathological evaluation of long-term administration of stored olive oil to albino rats;"Abdelmenem Ahmed Elmeligy; Nahed Mohamed Atta; Seham Salah eldien Gad; Mohamed Abdel shafie Abdel-Samie; hanaa Esmail Elgazzar";eg;Highlights in BioScience;2026-09-15;article;https://doi.org/10.36462/h.biosci.202605;https://highlightsin.org/index.php/bioscience/article/download/297/bs202605;https://doi.org/10.36462/h.biosci.202605;OpenAlex
1;hors domaines;7;Allopathic healthcare access challenges in Rural Ngwelezane, South Africa: A qualitative case study;"Andile Nceka; Constance Simangele Cele; Samson Adewumi";za;International Review of Social Sciences Research;2026-09-15;article;https://doi.org/10.53378/irssr.353384;https://iiari.org/wp-content/uploads/irssr.v6.3.34.pdf;https://doi.org/10.53378/irssr.353384;OpenAlex
1;hors domaines;7;Valorization and Optimization of Agro-Food By-Products from Punica granatum Bark and Juglans regia Husk Combined with Syzygium aromaticum for Enhanced Antioxidant and Anti-Inflammatory Activities: A D-Optimal Mixture Design Approach;"Melissa Takka; Sofiane Dairi; Sabrina Zeghichi‐Hamri; Omar Aoun; Nabil Kadri; Nabila Brahmi-Chendouh; Baya Ladjouze; Ouardia Bouallag; Khadidja Adel; Noélia Duarte; Khodir Madani; Lila Boulekbache‐Makhlouf";dz;The North African Journal of Food and Nutrition Research;2026-09-09;article;https://doi.org/10.51745/najfnr.9.si.s98-s114;https://najfnr.com/home/article/download/897/472;https://doi.org/10.51745/najfnr.9.si.s98-s114;OpenAlex
1;hors domaines;6;On the unit Teissier distribution: properties, estimation procedures and applications;"Zuber Akhter; Mohamed Abdelwanis Mohamed Abdelaziz; M. Z. Anis; Ahmed Z. Afify";eg;Journal of Statistical Computation and Simulation;2026-09-24;article;https://doi.org/10.1080/00949655.2026.2731462;https://arxiv.org/pdf/2603.11685;https://doi.org/10.1080/00949655.2026.2731462;OpenAlex
1;hors domaines;6;High resolution large working distance scanning helium microscopy;"Sam Morgan Lambrick; Nick A. von Jeinsen; Alek Radić; David James Ward; John E. Halpin; Donald A. MacLaren; Andrew P Jardine";ss;Ultramicroscopy;2026-09-18;article;https://doi.org/10.1016/j.ultramic.2026.114446;;https://doi.org/10.1016/j.ultramic.2026.114446;OpenAlex
1;hors domaines;6;Vocal encoding of heritable sociability prevails over emotions in sheep bleats;"Avelyne S. Villain; Alain Boissy; Gaëtan Bonnafe; Christian Durand; Sébastien Douls; Paul Renaud-Goud; Marie‐Madeleine Mialon; Dominique Hazard; Elodie F. Briefer";ma;Philosophical Transactions of the Royal Society B Biological Sciences;2026-09-24;article;https://doi.org/10.1098/rstb.2025.0143;;https://doi.org/10.1098/rstb.2025.0143;OpenAlex
1;hors domaines;6;The gut microbiome-immune-antioxidant axis: Redox-driven host-microbial crosstalk as a determinant of cancer immunotherapy response;"Muhammad Alaa Eldeen; Jinwon Choi; Hyo Jeong Kim; Sohyun Park; Amama Rani; Mohamed A. Akl; Mohamed E. Youssef; Gehan A. M. Khodear; Kareem M. Abdelraheem; Bonglee Kim";eg;Eurasian Journal of Medicine and Oncology;2026-09-15;article;https://doi.org/10.36922/ejmo026240265;https://article.accscience.com/journal/EJMO/online_first/ejmo026240265/article_ejmo0262402651_a75b93.pdf;https://doi.org/10.36922/ejmo026240265;OpenAlex
1;hors domaines;6;Psychometric properties of the Arabic versions of the sleep health index (SHI) and sleep satisfaction tool (SST);"Haitham Jahrami; Khaled Trabelsi; Waqar Husain; Mohammed Al-Abri; Achraf Ammar; Zahra Saif; Seithikurippu Ratnas Pandi-Perumal; Ahmed Salem BaHammam; Joseph M. Dzierzewski";tn;Sleep Epidemiology;2026-09-17;article;https://doi.org/10.1016/j.sleepe.2026.100167;https://www.sciencedirect.com/science/article/pii/S2667343626000405/pdf;https://doi.org/10.1016/j.sleepe.2026.100167;OpenAlex
1;hors domaines;6;Baryonic Masses and Properties of Gaseous Satellite Galaxies;"Jingyao Zhu; Y. Asali; Mary E. Putman; T. Westmeier; W. J. G. de Blok; Barbara Catinella; Nathan Deg; Bi‐Qing For; Dane Kleiner; K. Lee-Waddell; F. M. Maccagni; D. J. Pisano; Austin Shen; Kristine Spekkens; Lister Staveley‐Smith";za;The Astrophysical Journal;2026-09-24;article;https://doi.org/10.3847/1538-4357/ae9a95;;https://doi.org/10.3847/1538-4357/ae9a95;OpenAlex
1;hors domaines;6;Multidimensional cognitive functioning across sport classifications: insights from high-performance athletes;"Carmel Camilleri; Kathryn Johnston; Nick Wattie; Joseph Baker; Magdalena Wojtowicz";ng;Frontiers in Psychology;2026-09-23;article;https://doi.org/10.3389/fpsyg.2026.1837191;;https://doi.org/10.3389/fpsyg.2026.1837191;OpenAlex
1;hors domaines;6;Leveraging organizational core values to navigate stakeholder ecosystems for effective community-led global health initiatives: Insights from Kisumu, Kenya;"Lavender Awino Okore; Edina Molnár; Wicklife Orero; Elizabeth Opiyo Onyango; Patrick Mbullo Owuor";ke;Journal of Global Health Economics and Policy;2026-09-12;article;https://doi.org/10.7189/001c.166232;https://jogh-ep.org/article/166232.pdf;https://doi.org/10.7189/001c.166232;OpenAlex
1;hors domaines;6;Feasibility study on acoustic power for enhanced cathode reactant distribution in PEM fuel cells;"Arne Graf von Schweinitz; Till Lennart Kösters; Tobias P. Ring; Xin Gao; Sabine Langer; Michael Heere";ma;Energy Conversion and Management X;2026-09-04;article;https://doi.org/10.1016/j.ecmx.2026.102236;https://www.sciencedirect.com/science/article/pii/S2590174526007191/pdf;https://doi.org/10.1016/j.ecmx.2026.102236;OpenAlex
1;hors domaines;6;The activity of a new bicyclic peptide, PLP-3, against colistin-resistant Pseudomonas aeruginosa biofilms;"Núria Martín-Vilardell; Doaa Higazy; Clara Ballesté‐Delpierre; Jordi Vilà; Niels Høiby; Oana Ciofu";eg;Biofilm;2026-09-15;article;https://doi.org/10.1016/j.bioflm.2026.100400;;https://doi.org/10.1016/j.bioflm.2026.100400;OpenAlex
1;hors domaines;6;Genomic signatures of historical pastoralism in Iberian livestock dogs;"Diogo Coutinho-Lima; Mariana Meneses-Ribeiro; Belén Villegas; Lourdes Alcaraz; José Vicente López‐Bao; Ignacio Doadrio; Raquel Godinho";za;BMC Biology;2026-09-24;article;https://doi.org/10.1186/s12915-026-02744-y;;https://doi.org/10.1186/s12915-026-02744-y;OpenAlex
1;hors domaines;6;Healthcare occupancy data as an early warning indicator of infectious disease surges in São Paulo;"Jose Deney Araújo; Juan Carlo Santos e Silva; Marcelo A. S. Bragatte; Erick Rodrigues Sousa; Isaac N. Schrarstzhaupt; Ester C. Sabino; Helder I. Nakaya; Carolina dos Santos Lázari; João Renato Rebello Pinho; Gerson Oliveira Penna; Jorge Kalil; Mariangela Simão; Anderson Fernandes Brito; Vanderson Sampaio";st;Communications Medicine;2026-09-22;article;https://doi.org/10.1038/s43856-026-01916-9;https://www.nature.com/articles/s43856-026-01916-9_reference.pdf;https://doi.org/10.1038/s43856-026-01916-9;OpenAlex
1;hors domaines;6;Bi(OTf)₃-catalyzed one-pot synthesis and antimicrobial evaluation of bioactive pyridopyrimidines supported by DFT, molecular dynamics, POM and pharmacophore analyses;"Anand W. Mehta; Mohamed Abdel‐Megid; Ragini C. Patil; Sumeer Ahmed; Mostafa E. Salem; Ahmed Abu-Rayyan; Amneh Shtaiwi; Younis Ahmad Hajam; Ajmal R. Bhat; Mohamed E. Eissa; Habtamu Abebe Agisho; Mohd Hasan Mujahid; Imane Yamari; Nadeem Raza; Ana Maria ZBANCIOC";ma;Results in Chemistry;2026-09-16;article;https://doi.org/10.1016/j.rechem.2026.103849;https://www.sciencedirect.com/science/article/pii/S2211715626008234/pdf;https://doi.org/10.1016/j.rechem.2026.103849;OpenAlex
1;hors domaines;6;Treatment and outcome of chronic disseminated candidiasis in the era of antifungal prophylaxis: a retrospective multicentre cohort of 111 patients;"Ilana Reinhold; Isabel Ramírez; Pao‐Yu Chen; Yee‐Chun Chen; Ankush Dhariwal; Jonathan Lambourne; Samir G. Agrawal; Maria Bastida; Carlota Gudiol; Serge Alfandari; Alessia Di Pilla; Sofya N. Khostelidi; Daniel Aguilar-Zapata; Aleksandra M. Barac; Ana Sofia Cipriano; Sabine Ehrlich; Jan Hendrik Grothe; J.J. Illarramendi; Sara Jennrich; Reham Abdelaziz Khedr; Dario Leotta; Gustavo‐Adolfo Méndez; Julia  Alexandra Nacov; Miki Nagao; Denis Cetin; Stefan Schwartz; Joerg Steinmann; Kornelius Arn; David Enoch; Daniel Föhring; Oana Joean; Philipp A. Koehler; Robert Krause; Johan A. Maertens; Francesco Marchesi; Chizaram Anselm Onyeaghala; Neil R. H. Stone; Yuri Vanbiervliet; Nathan Wolfensberger; Luise Hänsel; Julia Hurraß; Jens Panse; Ertan Sal; Jannik Stemler; Daniel Sabanés Bové; Rosanne Sprute; Maricela Valerio; Antonio Vena; Livio Pagano; Oliver A. Cornely; Danila Seidel; Ilana Reinhold; Isabel Cristina Ramírez‐Sánchez; Pao‐Yu Chen; Yee-Chun Chen; Ankush Dhariwal; Jonathan Lambourne; Samir G. Agrawal; Maria Bastida; Carlota Gudiol; Serge Alfandari; Alessia Di Pilla; Sofya Khostelidi; Daniel Aguilar-Zapata; Aleksandra Barac; Ana Sofia Cipriano; Sabine Ehrlich; Jan Grothe; J.J. Illarramendi; Sara Jennrich; Reham Khedr; Dario Leotta; Gustavo‐Adolfo Méndez; Julia A. Nacov; Miki Nagao; Güray Saydam; Stefan Schwartz; Jörg Steinmann; Kornelius Arn; David A. Enoch; Daniel Föhring; Oana Joean; Philipp Koehler; Robert Krause; Johan Maertens; Francesco Marchesi; Chizaram Onyeaghala; Neil Stone; Yuri Vanbiervliet; Nathan Wolfensberger; Luise Haensel; Julia Hurraß; Jens Panse; Ertan Sal; Jannik Stemler; Daniel Sabanés Bové; Rosanne Sprute; Maricela Valerio Minero; Antonio Vena; Livio Pagano";eg,ng;EClinicalMedicine;2026-09-16;article;https://doi.org/10.1016/j.eclinm.2026.104194;;https://doi.org/10.1016/j.eclinm.2026.104194;OpenAlex
1;hors domaines;6;Measurements of the production of W$$^{\pm }$$ and Z$$^0$$ bosons in pp collisions at $$\sqrt{s} = 13$$ TeV;"Ibrahim Jaser Abualrob; Shreyasi Acharya; Gianluca Aglieri Rinella; Luca Aglietta; Neelima Agrawal; Zubayer Ahammed; Shakeel Ahmad; I. Ahuja; Zulkaida Akbar; A. Akindinov; Valentina Akishina; Mohammad Al-Turany; D. Aleksandrov; Bruno Alessandro; Jose Ruben Alfaro Molina; Bushra Ali; A. Alici; Anton Alkin; Johan Alme; Giacomo Alocco; Torsten Alt; Igor Altsybeev; Cristian Andrei; Nicodemos Andreou; Anton Andronic; Evgeny Andronov; Massimo Angeletti; Venelin Anguelov; Federico Antinori; Pietro Antonioli; Nicole Apadula; Harald Appelshaeuser; Silvia Arcelli; Roberta Arnaldi; Ionut Cristian Arsene; Mesut Arslandok; Andre Augustinus; Ralf Peter Averbeck; Mohd Danish Azmi; Hitoshi Baba; Akash Raj John Babu; Angela Badala; Joonsuk Bae; Yunseul Bae; Yongwook Baek; Xiaozhi Bai; Raphaelle Marie Bailhache; Yoshini Bailung; Renu Bala; Alberto Baldisseri; Bartosz Balis; Shubham Bangalia; Z. Banoo; Veronika Barbasova; Francesco Barile; Luca Barioglio; Maria Barlou; Banajit Barman; Gergely Gabor Barnafoldi; Lee Stuart Barnby; Emilie Martine Barreau; Valerie Ramillien Barret; Leonardo Barreto de Oliveira Campos; Klaus Barth; Esther Bartsch; Nicole Bastid; Guillaume Batigne; Daniel Battistini; Boris Batyunya; Dibakar Bauri; Jose Luis Bazo Alba; Ian Gardner Bearden; P. Becht; Debadatta Behera; Swadhin Behera; Iouri Belikov; Valerio Di Bella; Francesca Bellini; Rene Bellwied; Lucina Gabriela Espinoza Beltran; Yael Antonio Vasquez Beltran; Gyula Bencedi; Adel Bensaoula; Stefania Maria Beole; Yaroslav A. Berdnikov; Anastasia Berdnikova; L. Bergmann; Lorenzo Bernardinis; Latchezar Betev; Partha Pratim Bhaduri; Tushar Bhalla; A. Bhasin; Buddhadeb Bhattacharjee; Sumit Bhattarai; Livio Bianchi; Jaroslav Bielcik; Jana Bielcikova; Ante Bilandzic; Anna Binoy; Gabor Biro";;The European Physical Journal C;2026-09-24;article;https://doi.org/10.1140/epjc/s10052-026-15943-2;;https://doi.org/10.1140/epjc/s10052-026-15943-2;OpenAlex
1;hors domaines;6;ACHIEVING THE SELECTION OF OPTIMAL PRESS BRAKE DESIGN VIA A FUZZY TOPSIS APPROACH;T. I. Mohammed;ng;FUTA JOURNAL OF ENGINEERING AND ENGINEERING TECHNOLOGY;2026-09-04;article;https://doi.org/10.51459/futajeet.2022.16.1.687;https://jeet.futa.edu.ng/jeet/article/download/687/347;https://doi.org/10.51459/futajeet.2022.16.1.687;OpenAlex
1;hors domaines;6;Independent Evaluation of Four SARS-CoV-2 Antigen Rapid Tests Against qRT-PCR in Niger;"Fatimata Hassane; Moussa Issa; Issifi Kollo Abdoulkader; Wilfried Hounkanrin; Hadiza Ousmane; Bintou Kiari Kairo; Balki Aoula; Santou Mamadou; Hama Hamidou Issa; Bassira Boubacar Issaka; Emeline Capo Chichi; Ronan Jambou; Adamou Lagaré";ne;European Scientific Journal ESJ;2026-09-09;article;https://doi.org/10.19044/esipreprint.9.2026.p609;https://eujournal.org/index.php/esj/article/download/21533/20887;https://doi.org/10.19044/esipreprint.9.2026.p609;OpenAlex
1;hors domaines;6;Multi source numerical assessment of tsunami hazard in Al Hoceima Bay Morocco;"Said El Moussaoui; Mohamed Taha REGGUI; Adil IBERKDICHEN";ma;Environmental and Water Sciences, public Health and Territorial Intelligence Journal;2026-09-11;article;https://doi.org/10.48421/imist.prsm/ewash-ti-v10i3.70335;;https://doi.org/10.48421/imist.prsm/ewash-ti-v10i3.70335;OpenAlex
1;hors domaines;6;Debt and Structural Adjustment Programs Through the Lens of International Development Law;D Diop;sn;Innovative Research Journal of Sociology and Humanities;2026-09-15;article;https://doi.org/10.5281/zenodo.22794475;;https://doi.org/10.5281/zenodo.22794475;OpenAlex
1;hors domaines;6;Effect of Interactive Education Using Puzzle Media on Oral Health Maintenance Knowledge among elementary school children;"Ade Putri Amelia; Reca Reca";za;Journal Center of Excellent Health Assistive Technology;2026-09-15;article;https://doi.org/10.36082/jchat.v4i2.3508;https://ejournal.poltekkesjakarta1.ac.id/index.php/jchat/article/download/3508/1075;https://doi.org/10.36082/jchat.v4i2.3508;OpenAlex
1;hors domaines;6;Shadows and Light: Reconsidering State Capture and Development in South Africa’s Power Sector;Lauren Hermanus;za;Strategic Review for Southern Africa;2026-09-14;article;https://doi.org/10.35293/srsa.v48i1.7469;https://upjournals.up.ac.za/index.php/strategic_review/article/download/7469/5342;https://doi.org/10.35293/srsa.v48i1.7469;OpenAlex
1;hors domaines;6;“The Study is Barren of a Theoretical Framework”: the use of Negative Evaluative Comments in Thesis Examiners’ Reports;Rita Akele Twumasi;gh;Revista de Gestão Social e Ambiental;2026-09-15;article;https://doi.org/10.24857/rgsa.v20n9-005;https://rgsa.openaccesspublications.org/rgsa/article/download/14637/8527;https://doi.org/10.24857/rgsa.v20n9-005;OpenAlex
1;hors domaines;6;Counsellors' Perceived Roles and Challenges in Supporting Pupils With Bedwetting in Primary Schools in Owerri Municipal Council of Imo State;"Francisca Uju Udeagha; Edna Nkechi Ofojebe; Christiana Ihuoma Ahaneku; IMMACULATA ADANMA UBAH";ng;SIAR-Global Journal of Humanities Management & Educational Review;2026-09-11;article;https://doi.org/10.66694/siar.gjhmer20263007;https://www.siarpublications.org/articles/233/download/;https://doi.org/10.66694/siar.gjhmer20263007;OpenAlex
1;hors domaines;6;Gargling with Boiled Red Ginger (Zingiber Officinale Var. Rubrum) Water on Changes in Saliva pH;"Raisya Nabila; Elfi Zahara";za;Journal Center of Excellent Health Assistive Technology;2026-09-15;article;https://doi.org/10.36082/jchat.v4i2.3514;https://ejournal.poltekkesjakarta1.ac.id/index.php/jchat/article/download/3514/1078;https://doi.org/10.36082/jchat.v4i2.3514;OpenAlex
1;hors domaines;6;ALTERATION IN PLATELET INDICES AS LABORATORY TOOLS FOR MONITORING HIV PATIENTS ON ANTIRETROVIRAL THERAPY IN A SOUTH-SOUTH TERTIARY HOSPITAL, NIGERIA;"Dennis A. Abunimye; Dorathy Chioma Okpokam; Joshua Pam Mwankon; Euphoria C. Akwiwu; Ogha Eyamnzie Okpokam; Stella B. Egbe; Onyekachi Ewa Ibe; Josephine O. Akpotuzor; Emmanuel Ifeanyi Obeagu";ng,za,zw;Universal Journal of Pharmaceutical Research;2026-09-15;article;https://doi.org/10.22270/ujpr.v11i4.1622;https://ujpronline.com/index.php/journal/article/download/1622/2222;https://doi.org/10.22270/ujpr.v11i4.1622;OpenAlex
1;hors domaines;6;ACCOMMODATIVE DISORDERS AMONG CHILDREN AGED 6-12 YEARS IN BENIN CITY, NIGERIA;"Edah Tamunominabo; Gloria Oiyahumen Anetor; John Anetor; Emmanuel Ifeanyi Obeagu";ng,za,zw;Universal Journal of Pharmaceutical Research;2026-09-15;article;https://doi.org/10.22270/ujpr.v11i4.1627;https://ujpronline.com/index.php/journal/article/download/1627/2227;https://doi.org/10.22270/ujpr.v11i4.1627;OpenAlex
1;hors domaines;6;ANTIHYPERGLYCEMIC AND IN VITRO ANTIOXIDANT ACTIVITIES OF HONEY IN ALLOXAN-INDUCED DIABETIC MALE ALBINO RATS;"Alaebo Prince Ogochukwu; Anyiam Paul Ndubuisi; Chinedu-Ndukwe Peace Amarachi; Ogbonna Augustine Okwudiri; Muoneke Bruno Somtochukwu; Chris-Eze Chidinma Esther; Egbuonu Anthony Chinedum Cemaluk; Udeh Purity Ebere";ng;Universal Journal of Pharmaceutical Research;2026-09-15;article;https://doi.org/10.22270/ujpr.v11i4.1628;https://ujpronline.com/index.php/journal/article/download/1628/2228;https://doi.org/10.22270/ujpr.v11i4.1628;OpenAlex
1;hors domaines;6;PROTECTIVE EFFECTS OF ANNONA MURICATA ETHANOL LEAF EXTRACT ON RENAL FUNCTION AND SERUM ANTIOXIDANT PARAMETERS IN MONOSODIUM GLUTAMATE INTOXICATED RATS;"Njoku Juliet Chinomso; Anyiam Paul Ndubuisi; Alaebo Prince Ogochukwu; Chris-Eze Chidinma Esther; Ebeleagu Joseph Chidiebere; Francis Blessing Chidinma";ng;Universal Journal of Pharmaceutical Research;2026-09-15;article;https://doi.org/10.22270/ujpr.v11i4.1624;https://ujpronline.com/index.php/journal/article/download/1624/2224;https://doi.org/10.22270/ujpr.v11i4.1624;OpenAlex
1;hors domaines;6;The Effect of CPP-ACP (Casein Phosphopeptide Amorphous Calcium Phosphate) on Salivary pH Changes in Children;"Maysharah Maysharah; Reca Reca";za;Journal Center of Excellent Health Assistive Technology;2026-09-15;article;https://doi.org/10.36082/jchat.v4i2.3502;https://ejournal.poltekkesjakarta1.ac.id/index.php/jchat/article/download/3502/1071;https://doi.org/10.36082/jchat.v4i2.3502;OpenAlex
1;hors domaines;6;The Biafran Agitations and the Nigerian Federation: The Paradox of the “One Nigeria” Mantra in the Post-Colonial African State;"Temple Obiefule Oguchukwu; Olu Ojedokun; Dr. Albert Modupe";ng,rw;British Journal of Advanced Research;2026-09-10;article;https://doi.org/10.68263/bjar-2wj7exe2;https://www.ivoryandfinch.com/articles/BJAR_AUG_26_003/download;https://doi.org/10.68263/bjar-2wj7exe2;OpenAlex
1;hors domaines;6;Audience perception of programming of online radio platforms among university students in Nyanza Region;Fred Awiti;ke;African Journal of Empirical Research;2026-09-13;article;https://doi.org/10.51867/ajernet.7.3.129;https://ajernet.net/ojs/index.php/ajernet/article/download/2257/1380;https://doi.org/10.51867/ajernet.7.3.129;OpenAlex
1;hors domaines;6;Analogue laws, digital streets: re-engineering Kenya's public order management framework for the Gen Z era;"Judy Mutinda; Joseph Mutungi; Resila A Onyango";ke;African Journal of Empirical Research;2026-09-15;article;https://doi.org/10.51867/ajernet.7.3.133;https://ajernet.net/ojs/index.php/ajernet/article/download/2261/1384;https://doi.org/10.51867/ajernet.7.3.133;OpenAlex
1;hors domaines;6;Examining military reform efforts and security outcomes in Defence Modernisation in Ethiopia;"Abdulkadir Mohammed Seid; Charles Okongo Imbiakha; Mumo Nzau";ke;African Journal of Empirical Research;2026-09-12;article;https://doi.org/10.51867/ajernet.7.3.128;https://ajernet.net/ojs/index.php/ajernet/article/download/2255/1379;https://doi.org/10.51867/ajernet.7.3.128;OpenAlex
1;hors domaines;6;Effect of sports participation on completion of primary school children in Karamoja region, Uganda;"Paul Opio; Edwin K. Wamukoya; Peter Wisiuba Bukhala";ke;African Journal of Empirical Research;2026-09-12;article;https://doi.org/10.51867/ajernet.7.3.127;https://ajernet.net/ojs/index.php/ajernet/article/download/2254/1378;https://doi.org/10.51867/ajernet.7.3.127;OpenAlex
1;hors domaines;6;Evaluation des apprentissages à l’ère de l’IA générative : enjeux éthiques et pédagogiques pour l’enseignement supérieur en Côte d’Ivoire;Koukougnon Flaubert Aka;ci;European Scientific Journal ESJ;2026-09-09;article;https://doi.org/10.19044/esipreprint.9.2026.p621;https://eujournal.org/index.php/esj/article/download/21536/20888;https://doi.org/10.19044/esipreprint.9.2026.p621;OpenAlex
1;hors domaines;6;Leadership styles used in the Anglican Diocese of Nairobi, Kenya;"Stephen Omucheni Shisia; Crispinous Iteyo; Elijah. O.S. Odhiambo";ke;African Journal of Empirical Research;2026-09-12;article;https://doi.org/10.51867/ajernet.7.3.126;https://ajernet.net/ojs/index.php/ajernet/article/download/2078/1377;https://doi.org/10.51867/ajernet.7.3.126;OpenAlex
1;hors domaines;6;Barriers to Curriculum Internationalization at an African Open Distance e-Learning University: A Qualitative Case Study of the University of South Africa;"Cebisa Nkhumeleni; Ayobami Precious Adekola";za;Open Access Journals at Oslo Metropolitan University (Oslo Metropolitan University);2026-09-07;article;;;https://journals.oslomet.no/nordiccie/article/view/6652;OpenAlex
1;hors domaines;6;Financial Inclusion and Insurance Uptake in Nigeria;"Benedicta Orobator; Michael Ify Chijuka";ng;NIU Journal of Management Sciences;2026-09-06;article;https://doi.org/10.58709/niujms.v12i3.2649;https://niujournals.ac.ug/ojs/index.php/NIUJMS/article/download/2649/3495;https://doi.org/10.58709/niujms.v12i3.2649;OpenAlex
1;hors domaines;6;Auditing Systems and Financial Reporting Quality in Selected Ministries in Delta State, Nigeria;"Harrison O. NWOSE; Frank Orits Ebiaghan";ng;AKSU Journal of Management Sciences;2026-09-15;article;https://doi.org/10.61090/aksujomas.11501;https://aksujomas.org.ng/articles/26/09/auditing-systems-and-financial-reporting-quality-in-selected-ministries-in-delta-state-nigeria/1.auditing-systems-and-financial-reporting-quality-in-selected-ministries-in-delta-state-nigeria.pdf;https://doi.org/10.61090/aksujomas.11501;OpenAlex
1;hors domaines;6;Loan Management Strategies and Financial Sustainability of Co-Operative Societies in Nigeria;"Peter Evoke EMOGHENE; Frank Orits Ebiaghan";ng;AKSU Journal of Management Sciences;2026-09-15;article;https://doi.org/10.61090/aksujomas.11502;https://aksujomas.org.ng/articles/26/09/loan-management-strategies-and-financial-sustainability-of-co-operative-societies-in-nigeria/2.loan-management-strategies-and-financial-sustainability-of-co.pdf;https://doi.org/10.61090/aksujomas.11502;OpenAlex
1;hors domaines;6;Human Capital and Process Innovation Capability for CompetitiveAdvantage: A Study on Manufacturing SMEs in Tigray;"Hailekiros Sibhato; Tekelay Gebremariam";et;East African Journal of Health Sciences;2026-09-04;article;https://doi.org/10.71624/27fpa441;;https://doi.org/10.71624/27fpa441;OpenAlex
1;hors domaines;6;Celebrity Endorsements and Brand Awareness of Betking in Abak Metropolis, Nigeria;Kufre Robert EKPENYONG;ng;AKSU Journal of Management Sciences;2026-09-15;article;https://doi.org/10.61090/aksujomas.11503;https://aksujomas.org.ng/articles/26/09/celebrity-endorsements-and-brand-awareness-of-betking-in-abak-metropolis-nigeria/3.celebrity-endorsements-and-brand-awareness-of-betking-in-abak.pdf;https://doi.org/10.61090/aksujomas.11503;OpenAlex
1;hors domaines;6;Brand Personality and Customer Loyalty of Indomie Noodles’ Super Pack in Uyo Metropolis.;Emem George UDOEKPO;ng;AKSU Journal of Management Sciences;2026-09-15;article;https://doi.org/10.61090/aksujomas.11504;https://aksujomas.org.ng/articles/26/09/brand-personality-and-customer-loyalty-of-indomie-noodles-super-pack-in-uyo-metropolis./4.brand-personality-and-customer-loyalty-of-indomie-noodles’-super-pack-in-uyo-metropolis..pdf;https://doi.org/10.61090/aksujomas.11504;OpenAlex
1;hors domaines;6;Combine effect of Slip parameter and Body acceleration for Unsteady Magnetohydrodynamic Blood flowing through a Bifurcated artery;"Aminu Haruna; Muhammad Mubaraak Muhammad; Suleiman Sabo; Aliyu Gambo; Manir Muhammad";ng;International Journal of Research Publication and Reviews;2026-09-09;article;https://doi.org/10.55248/gengpi.06.1226.2825;https://doi.org/10.55248/gengpi.06.1226.2825;https://doi.org/10.55248/gengpi.06.1226.2825;OpenAlex
1;hors domaines;6;Cartographie cognitive des exploitations agricoles sous pressions des transhumances sur le plateau d’Agonlin;"Epiphane NONKOUDJE; Clément Gbêhi; Roch Mongbo; Espérance Zossou; Augustin K. N. Aoudji";bj;European Scientific Journal ESJ;2026-09-09;article;https://doi.org/10.19044/esipreprint.9.2026.p662;https://eujournal.org/index.php/esj/article/download/21540/20890;https://doi.org/10.19044/esipreprint.9.2026.p662;OpenAlex
1;hors domaines;6;Investigating Work Passion and Work Engagement as Antecedents of Organisational Citizenship Behaviour in the Construction Industry;"Tamarynd Van Aarde; Gerhard Hendrik Rabie; Leon T. De Beer";za;African Journal of Employee Relations;2026-09-10;article;https://doi.org/10.25159/2664-3731/18026;https://unisapressjournals.co.za/index.php/AJER/article/download/18026/9086;https://doi.org/10.25159/2664-3731/18026;OpenAlex
1;hors domaines;6;Effect of Earnings Persistence on Dividend Payout of NonFinancial Firms Listed at the Nairobi Securities Exchange;"Stephen Munuve; Oluoch J. Oluoch; Tobias Olweny; Agnes Njeru";ke;European Scientific Journal ESJ;2026-09-09;article;https://doi.org/10.19044/esipreprint.9.2026.p644;https://eujournal.org/index.php/esj/article/download/21539/20889;https://doi.org/10.19044/esipreprint.9.2026.p644;OpenAlex
1;hors domaines;6;Assessment of Contract Administration Practices in Public Building Projects in Akure, Ondo State, Nigeria;"O. A. Obakin; O.E. Osabiya";ng;Advances in Multidisciplinary & Scientific Research Journal Publication;2026-09-10;article;https://doi.org/10.22624/aims/bhi/v12n3p2;https://doi.org/10.22624/aims/bhi/v12n3p2;https://doi.org/10.22624/aims/bhi/v12n3p2;OpenAlex
1;hors domaines;6;Assessment Of Academic Self-Concept And Academic Achievement Of Nce Three Students In Teaching Practice At The Federal College Of Education, Yola, Adamawa State;"Abbagana Kolo Korode; Yusuf Bakari; LAWSON LUKA";ng;International Journal of Research Publication and Reviews;2026-09-15;article;https://doi.org/10.55248/gengpi.06.1226.2821;https://doi.org/10.55248/gengpi.06.1226.2821;https://doi.org/10.55248/gengpi.06.1226.2821;OpenAlex
1;hors domaines;6;English Language Teachers' and Educators' Perspectives on the BGCSE English Language Curriculum Implementation Using CLT;Mbizo Mafuraga;bw;International Journal of Language and Literary Studies;2026-09-14;article;https://doi.org/10.36892/ijlls.v8i5.2754;https://ijlls.org/index.php/ijlls/article/download/2754/1258;https://doi.org/10.36892/ijlls.v8i5.2754;OpenAlex
1;hors domaines;6;Trafficking for Sexual Exploitation in Amma Darko’s Beyond the Horizon: A Critique;"Chidiebere Godwill Enyia; Joseph John Angulu; Akinbinu Paul Olarewaju; Nwadike Maria-Jane Chinasaokwu; Nwachukwu Ebere Mercy; Mekomam Raymond Nnamdi";ng;International Journal of Advanced Multidisciplinary Research and Studies;2026-09-18;article;https://doi.org/10.62225/2583049x.2026.6.5.6896;https://www.multiresearchjournal.com/admin/uploads/archives/archive-1790070200.pdf;https://doi.org/10.62225/2583049x.2026.6.5.6896;OpenAlex
1;hors domaines;6;THE ROLE OF ISONIAZID IN THE TREATMENT OF TUBERCULOSIS: MECHANISMS, EFFICACY AND CLINICAL CHALLENGES: A REVIEW;"Chekwube A. Ezegbe; Obioma R. Emeka-Obi; EZINNE C. OKORAFOR; Chikaodi G. Onuaja; Nkesi A. Amadi; Ruhuoma G. Amadi";ng;Universal Journal of Pharmaceutical Research;2026-09-15;article;https://doi.org/10.22270/ujpr.v11i4.1633;https://ujpronline.com/index.php/journal/article/download/1633/2232;https://doi.org/10.22270/ujpr.v11i4.1633;OpenAlex
1;hors domaines;6;DEVELOPING PROPOSED KEY NURSING PERFORMANCE INDICATORS AT INTENSIVE CARE UNITS OF THE NATIONAL HEART INSTITUTE;"Dr. EGLAL AHMED ABD EL WAHAB; Nadia Taha Mohamed; Dr. MOHAMED ABEDEL HADY ABDEL RAHIM; AMAL ABOU ZAID MAHMOUD";eg;Journal of Tianjin University Science and Technology;2026-09-10;article;https://doi.org/10.5281/zenodo.22787714;;https://doi.org/10.5281/zenodo.22787714;OpenAlex
1;hors domaines;5;Evaluating post-fire residual impact resistance of alkali-activated slag systems;"Ahmed Soliman; Ahmed Abubakr; Omar Abdelazim";eg;Proceedings of the Institution of Civil Engineers - Construction Materials;2026-09-15;article;https://doi.org/10.1680/jcoma.25.00117;;https://doi.org/10.1680/jcoma.25.00117;OpenAlex
1;hors domaines;5;Genetic and province-scale relationships of alkaline leucogranite-foid syenite in the Haruchas Dual Complex (South Namibia);"Jorge C.L. Arthuzzi; R. Johannes Giebel; Michael W. Marks; Aratz Beranoaguirre; Sara Rose Kimmig; Antonin Bilau; P.H. Macey; David L. Reid; Mohsin Raza; Lorenz Kemmler; Jochen Kolb; Gregor Markl; Pete R. Siegfried; Benjamin F. Walter";za;Journal of African Earth Sciences;2026-09-17;article;https://doi.org/10.1016/j.jafrearsci.2026.106352;;https://doi.org/10.1016/j.jafrearsci.2026.106352;OpenAlex
1;hors domaines;5;Disentangling local adaptation and phenotypic plasticity in traits associated with altitude and temperature in widespread tropical butterflies;"Tien T. T. Nguyen; Patricio A. Salazar; Sophie Helen Smith; Kimberly Gavilanes; Michelle Guachamin-Rosero; Gabriela Montejo‐Kovacevich; Luke B Richardson; Chris D. Jiggins; Caroline Nicole Bacquet; Nicola J. Nadeau";ss;Journal of Evolutionary Biology;2026-09-23;article;https://doi.org/10.1093/jeb/voag093;https://academic.oup.com/jeb/advance-article-pdf/doi/10.1093/jeb/voag093/71344554/voag093.pdf;https://doi.org/10.1093/jeb/voag093;OpenAlex
1;hors domaines;5;Digital twins in obesity: Emerging applications in prevention, prediction and personalised management;"Gloria C. Okoye; Joshua Opeyemi Edu; Damilola Akinsulire; Muyiwa Ademola Ogunbona; Osazuwa T. Ighodaro; David  Bamidele Olawade";ng;Obesity Medicine;2026-09-18;article;https://doi.org/10.1016/j.obmed.2026.100748;https://www.sciencedirect.com/science/article/pii/S2451847626000667/pdf;https://doi.org/10.1016/j.obmed.2026.100748;OpenAlex
1;hors domaines;5;Advancing automated phase recognition in cataract surgery through the SICS-155 challenge;"Simon Müller; Bhuvan Sachdeva; Singri Niharika Prasad; Raphael Lechtenboehmer; Frank G Holz; Robert P Finger; Christopher Nielsen; Patrick Gooi; Adrian C.C. Gooi; Nils D. Forkert; Yasser El Jarida; Youssef Iraqi; Loubna Mekouar; Yiran Kong; Zhihai Huang; Jiawei Du; Huiqi Li; Lasse Renz-Kiefel; Eric L. Wisotzky; Dong Zheng; Jiacheng Lin; Miao Hu; Yanwu Xu; Mohit Jain; Kaushik Murali; Maximilian W M Wintergerst; Thomas Schultz";ma;Medical Image Analysis;2026-09-08;article;https://doi.org/10.1016/j.media.2026.104313;;https://doi.org/10.1016/j.media.2026.104313;OpenAlex
1;hors domaines;5;Precursor-concentration-tuned surface chemistry and biointerface activity of Vetiveria zizanioides-mediated porous β-Ni(OH)₂ nanosheets;"Harpreet Kaur; Ramandeep Kaur; Chandra Kumar; Monika Shrivastav; Chirag G. Makvana; Divya Singhal; Gassoumi Bouzid; Md. Sohrab Hossain; Ayman A. Ghfar";tn;Surfaces and Interfaces;2026-09-17;article;https://doi.org/10.1016/j.surfin.2026.110642;;https://doi.org/10.1016/j.surfin.2026.110642;OpenAlex
1;hors domaines;5;Seasonal variation in volatile organic compound emissions and secondary organic aerosol formation from unconventional oil and gas development in the Eagle Ford Shale;"K Konon; Luke El Khoury; Evelyn Deveraux; Chunying Chao; Pearl Abue; Leif G. Jahn; Austin Turner; Chou-Hsien Lin; Mrinali Modi; Daniel C. Blomdahl; Kristi N. McPherson; David T. Allen; Pawel K. Misztal; Lea Hildebrandt Ruiz";gh;Atmospheric Environment;2026-09-18;article;https://doi.org/10.1016/j.atmosenv.2026.122368;https://www.sciencedirect.com/science/article/pii/S1352231026005984/pdf;https://doi.org/10.1016/j.atmosenv.2026.122368;OpenAlex
1;hors domaines;5;Reference genomes and fossils revise bat family phylogeny and biogeography;"Ariadna E. Morales; Yan Liang; William R. Thomas; Evgeny V. Leushkin; F. Xavier Castellanos; Denis M. Larkin; Tom Brown; Bastian Fromm; Suzanne J. Hand; Zixia Huang; Graham M. Hughes; Matthew F. Jones; Burton K. Lim; Meike Mai; Eugene Wimberly Myers; Martin Pippel; Sébastien J. Puechmaille; Nancy B. Simmons; Linelle Ann L. Abueg; Nadav Ahituv; Zahran A. AlAbdulsalam; Ine Alvarez van Tussenbroek; Dineilys Aparicio; Lina M. Arcila Hernández; Alexander Ben Hamadou; Petr Benda; Mark Blaxter; Alex Borisenko; Jorge Brocca; Nair Cabezón; Lucia Carbone; José I. Carvajal; Wharton O. Y. Chan; Paul Andrew Davis; Dina K. N. Dechmann; Annette Denzinger; Judith L. Eger; Seth J. Eiseb; David Enard; Mark D. Engstrom; Nicole M. Foley; Giulio Formenti; Jackson Fuller; Ismael Galván; Akshamal M. Gamage; Neil J. Gemmell; Joanne Gillum; Alejandro Gonzales-Irribarren; Mailyn A. Gonzalez; Steven Michael Goodman; Jonathan Gray; Carola Greve; Michael W Guernsey; Edgar G. Gutiérrez; Yelena Guttman; Michael Hackenberg; Elena Hilario; Leon Hilgers; Thomas W. Horsley; Melissa R. Ingala; Deirdre Jafferally; Erich D. Jarvis; Sahieda A. Joemratie; Mirjam Knörnschild; Jenna E. Kohles; Dimitrios ‐ Georgios Kontopoulos; Bonhwang Koo; M. Elise Lauterbur; Michael C. Letko; Harris A. Lewin; Shenglin Liu; Darrell Lizamore; Brian D. Lloyd; Lívia Loureiro; M. Cristina MacSwiney G.; Yury V. Malovichko; Kirsty McCaffrey; Dominik Werner Schmid; Magdalena Meyer; William O. Mgoola; Matthieu Muffato; Vincent J. Munster; William J. Murphy; Martina Nagy; Nicolas Nesi; Kimberly A. Nevonen; Haris Nicolaou; Evans Ewald Nkrumah; Zacharias Norman; Brian P O'Toole; Sarah H. Olson; Alain Ondzie; Bismark A. Opoku; Jorge Ortega; William S. Pearman; Francy J. Pérez-Llanos; Kendra L. Phelps; Myrtani Pieri; Sarahjane Power; M.P. Prylutskyi";cg,gh,mg,na;Nature;2026-09-23;article;https://doi.org/10.1038/s41586-026-11007-3;;https://doi.org/10.1038/s41586-026-11007-3;OpenAlex
1;hors domaines;5;Mortality benefit and lifetime survival gains with vericiguat in HFrEF: Bayesian and actuarial analyses of the VICTOR trial;"Francesco Fioretti; Faiez M. Zannad; Derek Cyr; K J Anstrom; Irina Barash; Marc P. Bonaca; Stefano Corda; Anique Ducharme; Justin Ezekowitz; Anuradha Lala; Carolyn S.P. Lam; Eldrin F Lewis; JoAnn M. Lindenfeld; Ciaran J. McMullan; Robert John Mentz; Marco Metra; Alanna A. Morris; Christopher M. O’Connor; Piotr P. Ponikowski; Yogesh N V Reddy; Giuseppe M.C. Rosano; C I Saldarriaga; Michele Senni; James E. Udelson; Adriaan A. Voors; Javed Butler";za;European Journal of Heart Failure;2026-09-11;article;https://doi.org/10.1093/ejhf/xuag267;;https://doi.org/10.1093/ejhf/xuag267;OpenAlex
1;hors domaines;5;Section 139 Municipal Interventions in South Africa: A Narrative Literature Review of Implementation, Successes and Failures;Luvuyo Jalisa;za;Politeia;2026-09-15;article;https://doi.org/10.25159/2663-6689/22023;;https://doi.org/10.25159/2663-6689/22023;OpenAlex
1;hors domaines;5;First Principle Study of Electronic Structure, Magnetic and Linear Properties of FeCoSi Half Heulser Alloy;"Sambo Jamaludeen; Adam. A. Usman; Benson J. Yerima";ng;FUDMA Journal of Sciences;2026-09-07;article;https://doi.org/10.33003/fjs-2026-1015-5501;https://fjs.fudutsinma.edu.ng/index.php/fjs/article/download/5501/3924;https://doi.org/10.33003/fjs-2026-1015-5501;OpenAlex
1;hors domaines;5;Development and Internal Validation of a Composite Clinical Risk Index for Predicting PCR-Confirmed Lassa Fever among Febrile Patients in Nigeria Using Penalized Logistic Regression;"Moses Longji Dashal; Gwong DA; KE Lasisi; AA Issa; Rasheed B";ng;Journal of Infectious Diseases & Travel Medicine;2026-09-04;article;https://doi.org/10.23880/jidtm-16000201;https://doi.org/10.23880/jidtm-16000201;https://doi.org/10.23880/jidtm-16000201;OpenAlex
1;hors domaines;5;What Fiji's ongoing HIV epidemic means for Aotearoa New Zealand;" Sharon McLennan; Akisi Ravono; Johanna Thomas‐Maude;  Avendra Prakash;  Patrick Tamaicakai";ug;Otago University Research Archive (University of Otago);2026-09-08;article;;https://ourarchive.otago.ac.nz/view/delivery/64OTAGO_INST/12464005030001891/13464005020001891;https://ourarchive.otago.ac.nz/esploro/outputs/website/What-Fijis-ongoing-HIV-epidemic-means/9926905936601891;OpenAlex
1;hors domaines;5;Assessment of the Availability and Utilization of ICT in Teaching Biology in Senior Secondary Schools;"Ugwoke Emmanuela Kelechi; George Blessing Temitope; Johnbull Poweide Ikoro; Terwase Wuese; Princess Chinyere Ikpeaba; Prince Ndubuisi Uzoma; Ogabido Wisdom Chinemerem; Ikechukwu Divinfavour Chukwuemeka; Emmanuel Favour Chukuma";ng;International Journal of Advanced Multidisciplinary Research and Studies;2026-09-18;article;https://doi.org/10.62225/2583049x.2026.6.5.6899;https://www.multiresearchjournal.com/admin/uploads/archives/archive-1790071232.pdf;https://doi.org/10.62225/2583049x.2026.6.5.6899;OpenAlex
1;hors domaines;5;The Return Map in the Class $\mathcal{O}_C$: Geometry, Dynamics, and Thickness Regularity;"Mohammed Barkatou; Mohamed El Morsalani";ma;Journal of Nonlinear Dynamics and Applications;2026-09-23;article;https://doi.org/10.62762/jnda.2026.569839;https://www.icck.org/filebob/uploads/storage/JNDA_NlZqzd5pcXrPdyNSE.pdf;https://doi.org/10.62762/jnda.2026.569839;OpenAlex
1;hors domaines;5;Antibiotic Consumption among Patients in the Urology Department;"Ayoub NACIRI; Mouad ElBadr; Adil Kbirou; Rachid Aboutaieb";ma;Saudi Journal of Pathology and Microbiology;2026-09-14;article;https://doi.org/10.36348/sjpm.2026.v11i07.001;https://saudijournals.com/media/articles/SJPM_117_184-190.pdf;https://doi.org/10.36348/sjpm.2026.v11i07.001;OpenAlex
1;hors domaines;5;Design documentation deficit in public infrastructure: A mixed-methods analysis of compliance, coordination, and lifecycle management in Nepal’s irrigation projects;"Sadikshya Dhakal; Subash Kumar Bhattarai";eg;Design+;2026-09-10;article;https://doi.org/10.36922/dp026260028;https://article.accscience.com/journal/DP/online_first/dp026260028/article_dp0262600281_133b65.pdf;https://doi.org/10.36922/dp026260028;OpenAlex
1;hors domaines;5;THE ROLE OF CHROMOSOMAL TRANSLOCATIONS IN HEMATOLOGIC MALIGNANCIES: MECHANISTIC INSIGHTS AND CLINICAL CORRELATES;"Emmanuel Ifeanyi Obeagu; Abraham John Chuwkwuebuka; Ezeldine K. Abdalhabib";za;Universal Journal of Pharmaceutical Research;2026-09-15;article;https://doi.org/10.22270/ujpr.v11i4.1630;https://ujpronline.com/index.php/journal/article/download/1630/2230;https://doi.org/10.22270/ujpr.v11i4.1630;OpenAlex
1;hors domaines;5;A proof of the Fong--Tsui conjecture;"Mohamed Amine Aouichaoui; Fuad Kıttaneh; Yicen Ma";tn;arXiv (Cornell University);2026-09-14;preprint;;https://arxiv.org/pdf/2609.16236;https://arxiv.org/abs/2609.16236;OpenAlex
1;hors domaines;5;Quark fracture function at small $x$ from the Color Glass Condensate;"Paul Caucal; Nolann Juet; Farid Salazar";tn;arXiv (Cornell University);2026-09-15;preprint;;https://arxiv.org/pdf/2609.16953;https://arxiv.org/abs/2609.16953;OpenAlex
1;hors domaines;5;Enabling Work Premises for Transforming and Empowering SMEs in Tigray: Challenges and Strategic Solutions;"Shishay Amare; Hailekiros Sibhato; Haftay Hagos";et;East African Journal of Health Sciences;2026-09-04;article;https://doi.org/10.71624/hxbfrh46;;https://doi.org/10.71624/hxbfrh46;OpenAlex
1;hors domaines;5;Lease Financing for Competitiveness and Expansion of SMEs in Tigrai:Challenges and Strategic Solutions;"Hailekiros Sibhato; Shishay Amare; Haftay Hagos";et;East African Journal of Health Sciences;2026-09-04;article;https://doi.org/10.71624/0mrcwz92;;https://doi.org/10.71624/0mrcwz92;OpenAlex
1;hors domaines;4;Building a Common Language for Inclusion: Collaborative School-Based Teacher Professional Development in Kazakhstan;"Rita Kaša; Assem Tazhiyeva; Aliya Khamza; Aliya Sabitova";ma;Open Access Journals at Oslo Metropolitan University (Oslo Metropolitan University);2026-09-09;article;;;https://journals.oslomet.no/nordiccie/article/view/6673;OpenAlex
1;hors domaines;4;Sampling Strategy of Free-Form Surface Inspection using Contact Measurement;"Goitom Tesfay; Rega Rajendra; Elias Berhe; Zemichael Amare";et;East African Journal of Health Sciences;2026-09-04;article;https://doi.org/10.71624/wdpj6b23;;https://doi.org/10.71624/wdpj6b23;OpenAlex
1;hors domaines;4;THE IMPACT OF PANCYTOPENIA ON THE MANIFESTATIONS OF CHRONIC HEART FAILURE IN PATIENTS INFECTED WITH THE HUMAN IMMUNODEFICIENCY VIRUS: A CROSS-SECTIONAL STUDY;"Emmanuel Ifeanyi Obeagu; Olga Geogievna Goryacheva; Vladimir G. Zhelobov; Mikhail A. Zubarev; Rana Lokesh; Alexander S. Goryachev";za,zw;Universal Journal of Pharmaceutical Research;2026-09-15;article;https://doi.org/10.22270/ujpr.v11i4.1629;https://ujpronline.com/index.php/journal/article/download/1629/2229;https://doi.org/10.22270/ujpr.v11i4.1629;OpenAlex
1;hors domaines;3;Geophysical Investigation of the Causes of Building Cracks in a Basement Complex Terrain of FUNAAB, Southwest Nigeria;"Hazeez Owolabi Edunjobi; Hakeem Iyiola Kuforiji; Kehinde Daniel Ajayi; Samuel Imoleayo Adedini; Sakirudeen Akinola Ishola; Gideon Oluyinka Layade; V. Makinde";ng;Nigerian Journal of Physics;2026-09-14;article;https://doi.org/10.62292/njp.v35(s).2026.708;https://njp.nipngr.org/index.php/njp/article/download/708/495;https://doi.org/10.62292/njp.v35(s).2026.708;OpenAlex
1;hors domaines;3;Effect of Relaxation Programs and Breathing Techniques on Stress Levels of Pregnant Women in Health Centers;"Grace Carol Sipasulta; Welly";za;Professional Evidence-based Research and Advances in Wellness and Treatment;2026-09-06;article;https://doi.org/10.69855/perawat.v3i3.695;https://gpijournal.com/index.php/perawat/article/download/695/609;https://doi.org/10.69855/perawat.v3i3.695;OpenAlex
1;hors domaines;3;Linking high-performance work systems to employee innovative behaviour: Evidence from Ghanaian Universities;"Baba Blonch Adombilla; Ethel Duorinaa; Godfrey Adda; Diana Aduko Aburiya; Michael Yipake Banseh";gh;African Journal of Empirical Research;2026-09-15;article;https://doi.org/10.51867/ajernet.7.3.132;https://ajernet.net/ojs/index.php/ajernet/article/download/2260/1383;https://doi.org/10.51867/ajernet.7.3.132;OpenAlex
1;hors domaines;3;Emulating the Forced Response of Climate Models with Generative Machine Learning;"Graham Clyne; Julia Kaltenborn; Peer Nowack; Claire Monteleoni; Anasatase Charantonis";dz;Machine Learning Earth;2026-09-24;article;https://doi.org/10.1088/3049-4753/aeac2f;;https://doi.org/10.1088/3049-4753/aeac2f;OpenAlex
1;hors domaines;3;Lump, breather, and multi-wave solutions of an extended (3+1)-dimensional generalized Kadomtsev-Petviashivli equation;"Hamood Ur Rehman; Nosheen Shafiq; M. S. Osman; W. Mahmoud; Abdul‐Majid Wazwaz; Yakup Yildirim";eg;Journal of Umm Al-Qura University for Applied Sciences;2026-09-08;article;https://doi.org/10.1007/s43994-026-00335-9;;https://doi.org/10.1007/s43994-026-00335-9;OpenAlex
1;hors domaines;2;Predictive Analytics in Banking: Regulatory Reporting, Supervision, and Portfolio Oversight, Advances and Future Opportunities;"Ifeanyichukwu Jeffrey Okwesa; Uchechi Mary-Linda Unamma; Funmilayo Ashore-Onisemo; Serif Oyindamola Oyesiji";ng;International Journal of Research Publication and Reviews;2026-09-14;article;https://doi.org/10.55248/gengpi.06.1226.2839;https://doi.org/10.55248/gengpi.06.1226.2839;https://doi.org/10.55248/gengpi.06.1226.2839;OpenAlex
1;hors domaines;2;Spatial organization and mitigation of autofluorescence in multiplexed spatial proteomics of aged fresh-frozen human brain;"Iva Sutevski; Luochen Guo; Niclas Branzell; Per E. Andrén; Per Svenningsson; Burcu Ayoglu";za;bioRxiv (Cold Spring Harbor Laboratory);2026-09-18;preprint;https://doi.org/10.64898/2026.09.11.750056;https://www.biorxiv.org/content/biorxiv/early/2026/09/18/2026.09.11.750056.full.pdf;https://doi.org/10.64898/2026.09.11.750056;OpenAlex
1;hors domaines;2;WASTEWATER CHARACTERISTICS AND MICROBIAL ECOSYSTEM INTERACTIONS IN SUSTAINABLE ENERGY RECOVERY TECHNOLOGIES;"A.Zh. Temirbekova; Zh.B. Tekebayeva; K.A. Kulzhanova; A.M. Begakhmet; Zh.A. Nurbekova; A.Zh. Temirkhanov; Ж.М. Бекшин; T. Mkilima; К С Мейрамкулова; A.B. ABZHALELOV";tz;МИКРОБИОЛОГИЯ ЖӘНЕ ВИРУСОЛОГИЯ;2026-09-15;article;https://doi.org/10.53729/mv-as.2026.03.01;https://imv-journal.kz/index.php/mav/article/download/737/530/3772;https://doi.org/10.53729/mv-as.2026.03.01;OpenAlex
1;hors domaines;2;Eddy-mean flow interactions in the Caribbean Sea and their modulation by current feedback to the atmosphere;"Marco Larrañaga; Sorayda Tanahara; Sthitapragya Ray; Eric P. Chassignet; Julien Jouanno; Mark A. Bourassa; Giovanni Durante; Oscar Tiznado; K. C. Lugo-Ibarra; Catalina Inés Cortés-Vélez; Lionel Renault; Marco Larrañaga";bj;;2026-09-22;preprint;https://doi.org/10.22541/essoar.15009299/v1;https://essopenarchive.org/doi/pdf/10.22541/essoar.15009299/v1;https://doi.org/10.22541/essoar.15009299/v1;OpenAlex
2;env;13;Critical review of leachate pathways, groundwater contamination, and health risks in tropical urban aquifers;"M. Bamini; R. K. Somashekar";;Discover Environment;2026-09-09;article;https://doi.org/10.1007/s44274-026-01021-7;https://link.springer.com/content/pdf/10.1007/s44274-026-01021-7.pdf;https://doi.org/10.1007/s44274-026-01021-7;OpenAlex
2;env;12;Areas of high risk for mammalian biodiversity and nature's contributions to people under global warming;"Marta Cimatti; Andrea Sacchi; Moreno Di Marco";;Conservation Science and Practice;2026-09-24;article;https://doi.org/10.1111/csp2.70366;;https://doi.org/10.1111/csp2.70366;OpenAlex
2;env;12;Environmental and household factors associated with depressive symptoms in rural Kilifi County, Kenya: a machine learning analysis;"John Andrew; Ashley Njoroge; David Andai; Edna Bosire; Jasmit Shah";;Frontiers in Public Health;2026-09-23;article;https://doi.org/10.3389/fpubh.2026.1826112;https://www.frontiersin.org/journals/public-health/articles/10.3389/fpubh.2026.1826112/pdf;https://doi.org/10.3389/fpubh.2026.1826112;OpenAlex
2;env;12;Heavy Metal Contamination of African Leafy Vegetables Grown in Urban and Peri-Urban Agricultural Systems- A Review;"Rachael N. Nyagaka; Gerald Wachira Mbugua; Kevin O. Okoth; Mark Peter Odero";;Asian Journal of Applied Chemistry Research;2026-09-19;article;https://doi.org/10.9734/ajacr/2026/v17i4424;;https://doi.org/10.9734/ajacr/2026/v17i4424;OpenAlex
2;env;11;Multi-Seasonal Analysis of Hydroclimate Variability and Anthropogenic Pressures on the Keta and Muni-Pomadze Wetlands;"Francis Quayson; Xiaoli Ding";;Hydrology;2026-09-15;article;https://doi.org/10.3390/hydrology13090249;;https://doi.org/10.3390/hydrology13090249;OpenAlex
2;env;10;Complements, Not Substitutes? Health Systems, Institutional Quality, and the PM2.5–NCD Mortality Nexus—A Global Panel Analysis;"José Antonio Martínez García; Laura Martínez";;World;2026-09-16;article;https://doi.org/10.3390/world7090161;;https://doi.org/10.3390/world7090161;OpenAlex
2;env;10;Ethnobotanical uses of medicinal plants across health-related disease groups in Taza Province, Northern Morocco;"Badia El Aarage; Issam Ghabbour; Fatine Elhlou; Abdelmajid Khabbach; Khalil Hammani; Nabil Ghabbour";;Ethnobotany Research and Applications;2026-09-23;article;https://doi.org/10.32859/era.35.69.1-30;;https://doi.org/10.32859/era.35.69.1-30;OpenAlex
2;env;10;Financial Toxicity and Healthcare Inequities among Oncology Patients in Low- and Middle-Income Countries: A Systematic Review;"Makhliyokhon Kuldasheva; Kalash Dwivedi; Nilufar T. Khamzayeva; Munira Allaeva; Jasurbek A. Kholmatov; Nilufar H. Ganiyeva; Munirakhon A. Mamadjonova; Makhliyo A. Alisherova; Iroda B. Takhirova; Daler R. Orifzhonov; Sardor Dursunov";;Indian Journal of Medical and Paediatric Oncology;2026-09-10;review;https://doi.org/10.1055/s-0046-1827818;;https://doi.org/10.1055/s-0046-1827818;OpenAlex
2;env;10;Hydrochemical Assessment and Exploratory Machine Learning Analysis of Nitrate Contamination in Groundwater of the Garet Tarf Alluvial Plain, NE Algeria;"Djoudi Salima; Pistre Séverin";;Preprints.org;2026-09-07;preprint;https://doi.org/10.20944/preprints202609.0421.v1;;https://doi.org/10.20944/preprints202609.0421.v1;OpenAlex
2;env;10;Medicinal plants use for the management of polycystic ovary syndrome (PCOS) among Algerian women: An ethnobotanical study;"Selma Houchi; Hanane Khither; Ahlem Karbab; Wafa Nouioua";;Ethnobotany Research and Applications;2026-09-23;article;https://doi.org/10.32859/era.35.65.1-16;;https://doi.org/10.32859/era.35.65.1-16;OpenAlex
2;env;9;Annual changes in tropical rainforest cover and edge area, 1990–2023;"Valentina Soto Minutti; Isabelle Maréchaux; Michel Le Page; Nicolas Labrière; Julien Lamour; Jérôme Chave";;Scientific Reports;2026-09-15;article;https://doi.org/10.1038/s41598-026-71092-2;https://www.nature.com/articles/s41598-026-71092-2_reference.pdf;https://doi.org/10.1038/s41598-026-71092-2;OpenAlex
2;env;9;Attribution and projection of February extreme rainfall events in Southeast Africa;"Donghyun Lee; Carol Sirou Chen; Paulo Ceppi; Friederike E. L. Otto; In‐Hong Park; Nicholas James Leach; Sarah Sparrow; Myles Allen";;Environmental Research Letters;2026-09-15;article;https://doi.org/10.1088/1748-9326/aea7b9;https://iopscience.iop.org/article/10.1088/1748-9326/aea7b9/pdf;https://doi.org/10.1088/1748-9326/aea7b9;OpenAlex
2;env;9;Environmental contamination with Echinococcus granulosus sensu lato: a cross-climatic survey of vegetables, soil, and dog feces in Iran;"Saeid Nasibi; Fatemeh Ghaffarifar; Abdolhossein Dalimi; Hooman Latifi; Peter Deplazes; Majid Fasihi Harandi";;Scientific Reports;2026-09-16;article;https://doi.org/10.1038/s41598-026-71556-5;https://www.nature.com/articles/s41598-026-71556-5_reference.pdf;https://doi.org/10.1038/s41598-026-71556-5;OpenAlex
2;env;9;Fingerprints of anthropogenic climate change in multi-season precipitation patterns across Sub-Saharan Africa;"A. J. Rigden; Yan Zhang; Christopher Chalmers";;Environmental Research Climate;2026-09-18;article;https://doi.org/10.1088/2752-5295/aea9be;https://iopscience.iop.org/article/10.1088/2752-5295/aea9be/pdf;https://doi.org/10.1088/2752-5295/aea9be;OpenAlex
2;env;9;Flood-wildfire co-occurrence risks disrupt global staple food trade and erode SDG progress;"Songhua Huan; Chiwei Xiao; Zhiming Feng; Wei Chen; Hongwei Dong; Josep Peñuelas";;npj Science of Food;2026-09-09;article;https://doi.org/10.1038/s41538-026-01111-z;https://www.nature.com/articles/s41538-026-01111-z_reference.pdf;https://doi.org/10.1038/s41538-026-01111-z;OpenAlex
2;env;9;Height-aware and protection-informed flood assessment shifts global urban risk distribution;"Jiayong Liang; Imaan Hilaly; Xuyan Gao; ChengHe Guan; Ying Li; Kangning Huang";;Scientific Reports;2026-09-17;article;https://doi.org/10.1038/s41598-026-70981-w;https://www.nature.com/articles/s41598-026-70981-w_reference.pdf;https://doi.org/10.1038/s41598-026-70981-w;OpenAlex
2;env;9;Integrating scanned literature and online sources to build a data text collection for plant biodiversity;"Nicolas Turenne; Eric Chenin; Youcef Sklab; Jean‐Daniel Zucker";;Biodiversity Data Journal;2026-09-24;article;https://doi.org/10.3897/bdj.14.e191990;;https://doi.org/10.3897/bdj.14.e191990;OpenAlex
2;env;9;Managing global risks of invasive aquatic plants under climate change: ensemble species distribution modeling and economic cost projections;"Wei Xing; Zixuan Feng; Wenmin Huang; Xiaowei Li";;Frontiers in Plant Science;2026-09-07;article;https://doi.org/10.3389/fpls.2026.1895896;https://www.frontiersin.org/journals/plant-science/articles/10.3389/fpls.2026.1895896/pdf;https://doi.org/10.3389/fpls.2026.1895896;OpenAlex
2;env;9;Mapping agricultural dynamics in displacement-affected landscapes using satellite foundation model embeddings;"Abena Boatemaa Asare-Ansah; Jamon Van Den Hoek; Adebowale Daniel Adebayo; XiaoPeng Song; Catherine Nakalembe";;Environmental Research Letters;2026-09-23;article;https://doi.org/10.1088/1748-9326/aeabbc;;https://doi.org/10.1088/1748-9326/aeabbc;OpenAlex
2;env;9;Recent Changes in Lake Chad’s Surface Water Extent: A Remote Sensing Assessment Using Sentinel-2 Land Cover Data (2017-2025);"Umar Yusuf; Umar Usman";;;2026-09-24;preprint;https://doi.org/10.31223/x5b22z;;https://doi.org/10.31223/x5b22z;OpenAlex
2;env;9;Scenario-driven ozone projections and associated impact on mortality over Africa with an integrated machine learning framework;"Huimin Li; Yang Yang; Hailong Wang";;Atmospheric chemistry and physics;2026-09-22;article;https://doi.org/10.5194/acp-26-13341-2026;;https://doi.org/10.5194/acp-26-13341-2026;OpenAlex
2;env;9;Surface Thermal State, Antecedent Hydroclimate, and Post-Fire Vegetation–Water Response in the Zambezi River Basin: A Multi-Source Environmental Time-Series Analysis;"Hunter Lutz; Garrett Uthlaut; Robin Kim; V. Vijaya Lakshmi";;Remote Sensing;2026-09-04;article;https://doi.org/10.3390/rs18173009;;https://doi.org/10.3390/rs18173009;OpenAlex
2;env;8;Coccinia grandis: Phytochemical Diversity, Molecular Pharmacological Insights and Emerging Nano-Formulations;"Nitish Sengar; Avijit Mazumder; Saumya Das";;Drug Delivery Letters;2026-09-11;article;https://doi.org/10.2174/0122103031482074260827110751;;https://doi.org/10.2174/0122103031482074260827110751;OpenAlex
2;env;8;Global Downstream River Flows and Continental Runoff: An Update to 2024;"Aiguo Dai; Jun Hu; Anmin Duan; Xianghui Guo; Liu Ming; Risheng Liang; Guizhi Wang; Minhan Dai";;Journal of Hydrometeorology;2026-09-21;article;https://doi.org/10.1175/jhm-d-26-0008.1;;https://doi.org/10.1175/jhm-d-26-0008.1;OpenAlex
2;env;8;Identification of Escherichia coli Pathotypes in Natural Cocoa Mass Produced in Côte d’Ivoire from March to May 2025: Indicators of Recent Fecal Contamination;"Kamou Richard KAMOU; Vandjiguiba Diaby; Adrien Mani KOUANGBE; Karamoko OUATTARA";;Current Journal of Applied Science and Technology;2026-09-12;article;https://doi.org/10.9734/cjast/2026/v45i104767;;https://doi.org/10.9734/cjast/2026/v45i104767;OpenAlex
2;env;8;Integrated assessment of Dakhla (Southern Morocco) groundwater suitability for irrigation: Combining hydrochemical, microbiological, and multivariate analyses;"El Habib El Fakir; Hayat Loukili; Khalid Zaroual; Faycel Bendidi; Ahmed El-Bouzidi; Abdelkader Anouzla; Dounia Beqqour; Brahim Achiou; Saâd Alami Younssi; Ali Moussadik; Abdellah Sellam; Younes Abrouki; Abdelkader Zarrouk";;Next Sustainability;2026-09-24;article;https://doi.org/10.1016/j.nxsust.2026.100520;;https://doi.org/10.1016/j.nxsust.2026.100520;OpenAlex
2;env;8;Intimate partner violence in sub-Saharan Africa under climate change and socioeconomic scenarios;"Jonas Peisker; Roman Hoffmann; Angela Baschieri; Chiagozie Udeh; Erich Striessnig";;Global Environmental Change;2026-09-10;article;https://doi.org/10.1016/j.gloenvcha.2026.103224;https://www.sciencedirect.com/science/article/pii/S0959378026001135/pdf;https://doi.org/10.1016/j.gloenvcha.2026.103224;OpenAlex
2;env;8;Maternal Epigenetic Signatures Linking Prenatal Serum PFAS Concentrations to Birth Size in an African American Maternal–Child Cohort;"Youran Tan; Anne L. Dunlop; Todd M. Everson; Alicia K. Smith; Stephanie Marie Eick; Ziyin Tang; Shudi Pan; Neha Sehgal; D. J. Barr; Kurunthachalam Kannan; P. Barry Ryan; Carmen J. Marsit; Donghai Liang";;Environmental Science & Technology;2026-09-23;article;https://doi.org/10.1021/acs.est.6c03113;;https://doi.org/10.1021/acs.est.6c03113;OpenAlex
2;env;8;The Impact of Extreme Weather on Air Quality: A Satellite-Based Deep Learning Analysis for Air Quality Prediction A Case In Democratic Republik of the Congo;"Aprilyta Nur'Aeni; Trista Meilanie; Hamdi Akhsan; Murniati";;JURNAL ILMU FISIKA | UNIVERSITAS ANDALAS;2026-09-18;article;https://doi.org/10.25077/jif.18.2.169-183.2026;https://jif.fmipa.unand.ac.id/index.php/jif/article/download/785/326;https://doi.org/10.25077/jif.18.2.169-183.2026;OpenAlex
2;env;8;Volcanic Aerosol Forcing Suppresses Tropical African Rainfall: Mechanisms and Modulation by a Warmer Climate;"Miao Yu; Chaochao Gao; Xiyan Xu; Yue Liang";;Journal of Geophysical Research Atmospheres;2026-09-23;article;https://doi.org/10.1029/2026jd046721;;https://doi.org/10.1029/2026jd046721;OpenAlex
2;env;7;Assessment of ethnobotanical knowledge about Flemingia faginea (Guill. & Perr.) Baker around the protected areas of Bontioli and Tiogo (Burkina Faso);"Raymond Nana; Hugues Roméo Bazié; Assan Gnoumou";;Ethnobotany Research and Applications;2026-09-23;article;https://doi.org/10.32859/era.35.64.1-16;;https://doi.org/10.32859/era.35.64.1-16;OpenAlex
2;env;7;Energy Transition, Greenhouse Gas Emissions, and Biodiversity: Global Assessment;"Ziwei Wang; Biyuan Liu";;Sustainable Development;2026-09-16;article;https://doi.org/10.1002/sd.71655;;https://doi.org/10.1002/sd.71655;OpenAlex
2;env;7;Ethnobotanical focus on the traditional uses of plants in the Ziz Valley, Errachidia, in the Biosphere Reserve of the Oases of Southwestern Morocco by local populations;"Azzedine Hafid; Mehdi BOURAQ; Abdelghani Bouchyoua; Youssef Lahlou; Hanane Oualili; Abdelkhalik Sadiki; Abdellah Maissour; Malika Belfaiza; Kacem Makroum; Ahmed Boukil; Abdelmajid Khabbach";;Ethnobotany Research and Applications;2026-09-23;article;https://doi.org/10.32859/era.35.54.1-33;;https://doi.org/10.32859/era.35.54.1-33;OpenAlex
2;env;7;Ethnomedicinal knowledge and geographic patterns of medicinal plants used for Leishmaniasis management in Southeastern Morocco: Integrating GIS, multivariate statistics, and machine learning;"Chaima Belarbi; Lahsen El Ghadraoui";;Ethnobotany Research and Applications;2026-09-23;article;https://doi.org/10.32859/era.35.61.1-20;;https://doi.org/10.32859/era.35.61.1-20;OpenAlex
2;env;7;Greenhouse Gas Emissions and Climate Change Impacts on Row Crop Production: Current Evidence, Challenges, and Adaptation Strategies;"Emmanuel Ogbonnia Oko; Chidinma Sarah Njoku";;Journal of Global Ecology and Environment;2026-09-15;article;https://doi.org/10.56557/jogee/2026/v22i311111;;https://doi.org/10.56557/jogee/2026/v22i311111;OpenAlex
2;env;7;Market ethnobotany at the Strait: trade, traditional knowledge, and sustainability of medicinal and aromatic plants in Northern Morocco;;;Ethnobotany Research and Applications;2026-09-23;article;https://doi.org/10.32859/era.35.60.1-30;;https://doi.org/10.32859/era.35.60.1-30;OpenAlex
2;env;7;Near-term anthropogenic aerosol reductions under a future sustainability pathway could avert nearly 40% of mid-century PM2.5 mortality;"Joe Adabouk Amooli; Kostas Tsigaridis; Sourangsu Chowdhury; Sharar Ahmadi; Robert J. Allen; Annica M. L. Ekman; Maxwell T. Elling; Luke Fraser-Leach; Paul Thomas Griffiths; James Keeble; Tsuyoshi Koshiro; Paul J. Kushner; Anna Lewinschal; Marianne T. Lund; Molly Macrae; Risto Makkonen; Joonas Merikanto; Pierre Nabat; Larissa Nazarenko; Declan O’Donnell; Naga Oshima; Geeta Persad; Steven Trevor Rumbold; Bjørn Hallvard Samset; Neil C. Swart; Toshihiko Takemura; Knut von Salzen; Laura J. Wilcox; Daniel M. Westervelt";;;2026-09-07;preprint;https://doi.org/10.22541/essoar.15008438/v1;;https://doi.org/10.22541/essoar.15008438/v1;OpenAlex
2;env;7;Physiological and Agronomic Responses of Tef (Eragrostis tef [Zucc.] Trotter) to Terminal Drought Stress;"Beakal Tadesse Girma; Amsalu Gobena Roro; Kebebew Assefa; Zerihun Tadele; Jill M. Farrant";;Preprints.org;2026-09-22;preprint;https://doi.org/10.20944/preprints202609.1952.v1;;https://doi.org/10.20944/preprints202609.1952.v1;OpenAlex
2;env;7;Protopsyllidioids (Hemiptera, Protopsyllidioidea, Postopsyllidiidae) from a Cretaceous Crater Lake in Orapa Diamond Mine;"Sandiso Mnguni; Zolile Maseko; Evans Mauda; Lelethu Unathi-Nkosi Peter Heshula";;Journal of Entomological Science;2026-09-14;article;https://doi.org/10.18474/jes26-06;;https://doi.org/10.18474/jes26-06;OpenAlex
2;env;7;‘Desperate rodents’ pose hantavirus risk to humans — boosted by climate change and deforestation;Tsitsi Bhobo;;Nature Health;2026-09-15;article;https://doi.org/10.1038/s44360-026-00200-3;https://www.nature.com/articles/s44360-026-00200-3.pdf;https://doi.org/10.1038/s44360-026-00200-3;OpenAlex
2;env;6;A multi-river contactless river water level dataset using UAS radar;"Zhou Zhen; Xinqi Hu; Fabian Merk; Markus Disse; Elisa Caccamo; Silvia Barbetta; Daniele Giordan; Angelica Tarpanelli; Villads Flendsted Jensen; Michael Andreas Pedersen; Sune Nielsen; Daniel Wennerberg; Viktor Fagerström; David Gustafsson; Alexey Dobrovolskiy; Niksa Orlic; Tomislav Grubeša; Luka Drmić; Maria José Escorihuela; Peter Bauer-Gottwein";;;2026-09-10;preprint;https://doi.org/10.22541/essoar.15008655/v1;https://essopenarchive.org/doi/pdf/10.22541/essoar.15008655/v1;https://doi.org/10.22541/essoar.15008655/v1;OpenAlex
2;env;6;A multi-river contactless river water level dataset using UAS radar altimetry;"Zhou Zhen; Xinqi Hu; Fabian Merk; Markus Disse; Elisa Caccamo; Silvia Barbetta; Daniele Giordan; Angelica Tarpanelli; Villads Flendsted Jensen; Michael Andreas Pedersen; Sune Nielsen; Daniel Wennerberg; Viktor Fagerström; David Gustafsson; Alexey Dobrovolskiy; Niksa Orlic; Tomislav Grubeša; Luka Drmić; Maria José Escorihuela; Peter Bauer-Gottwein";;;2026-09-14;preprint;https://doi.org/10.22541/essoar.15008655/v2;https://essopenarchive.org/doi/pdf/10.22541/essoar.15008655/v2;https://doi.org/10.22541/essoar.15008655/v2;OpenAlex
2;env;6;An interspecies correlation estimation (ICE) model to predict acute toxicity of organic chemicals to the African clawed frog (Xenopus laevis) using rainbow trout (Oncorhynchus mykiss) data;"Lennart Weltje; Dhruv Savaliya";;Ecotoxicology;2026-09-24;article;https://doi.org/10.1007/s10646-026-03165-x;;https://doi.org/10.1007/s10646-026-03165-x;OpenAlex
2;env;6;Comparing the Affect of Climate Change on Food Security and Farming in Burkina Faso;"Karachi Emy-Munonye; Jessica Ainsworth; John Qu";;George Mason University;2026-09-18;article;https://doi.org/10.13021/jssr2026.5605;;https://doi.org/10.13021/jssr2026.5605;OpenAlex
2;env;6;Comprehensive assessment of water balance, climatic tendencies and anthropogenic economic impact on the Tanganyika lake basin;"V V Vershinin; Arlette Ntindekure";;Mezhdunarodnyi sel skokhozyaistvennyi zhurnal;2026-09-15;article;https://doi.org/10.55186/25876740_2026_69_5_616;;https://doi.org/10.55186/25876740_2026_69_5_616;OpenAlex
2;env;6;Economic Vulnerability of Cereal Production in Northern Algeria under Climate Change: Cost-Benefit Analysis of Adaptation Strategies Using DSSAT-SWOT;ARIBI Mohamed MAROUF;;AgEcon Search (University of Minnesota, USA);2026-09-24;article;https://doi.org/10.22004/ag.econ.412824;;https://doi.org/10.22004/ag.econ.412824;OpenAlex
2;env;6;Heterogeneous effects of climate variability and health financing on life expectancy: A quantile panel analysis of seven Asian and African Nations;"Yuan Feng; Nan Lü; Chunbao Ge";;Theoretical and Applied Climatology;2026-09-24;article;https://doi.org/10.1007/s00704-026-06607-y;;https://doi.org/10.1007/s00704-026-06607-y;OpenAlex
2;env;6;Jihadist Groups and Water's Weaponization: Environmental Terrorism in Lake Chad Basin;Ilas Touazi;;Journal of Central and Eastern European African Studies;2026-09-22;article;https://doi.org/10.12700/jceeas.2026.6.2.458;https://jceeas.bdi.uni-obuda.hu/index.php/jceeas/article/download/458/561;https://doi.org/10.12700/jceeas.2026.6.2.458;OpenAlex
2;env;6;Lessons from integrated climate change adaptation and mitigation interventions for synergies and co-benefits in African cities;"Carl-Philipp Bodenstein; Shuaib Lwasa";;Discover Cities;2026-09-05;article;https://doi.org/10.1007/s44327-026-00359-0;https://link.springer.com/content/pdf/10.1007/s44327-026-00359-0.pdf;https://doi.org/10.1007/s44327-026-00359-0;OpenAlex
2;env;6;Mitigating Aflatoxin Contamination: A Review on Strategies for Safe Food Crops;"Emmanuel Ankrumah; Paul Inyang; E. M. Ndifon; Agashi Albert Iruka; U. N. Okorie";;Discoveries in Agriculture and Food Sciences;2026-09-05;article;https://doi.org/10.14738/dafs.1405.12041;https://scholarpublishing.org/journals/index.php/DAFS/article/download/12041/12277;https://doi.org/10.14738/dafs.1405.12041;OpenAlex
2;env;6;Multi-omics-driven predictive modelling of antimicrobial resistance emergence in African food value chains under climate change scenarios;"Great Iruoghene Edo; Omoriwhovo Enoch. O; Morenike Olufunmilayo Akpo; Kugbere Emumejaye; Izuwa Iwanegbe; Ephraim Evi Alex Oghroro; Joseph Oghenewogaga Owheruo; Patrick Othuke Akpoghelie; Emad Yousif; Agatha Ngukuran Jikah; Arthur Efeoghene Athan Essaghah; Ibiyinka Agboola Fuwape; Musa A. Said; Huzaifa Umar; Dina S. Ahmed; Ahmed A. Alamiery";;Food Research International;2026-09-14;article;https://doi.org/10.1016/j.foodres.2026.120811;;https://doi.org/10.1016/j.foodres.2026.120811;OpenAlex
2;env;6;Multi-purpose assessment of groundwater quality and hydrochemistry in arid desert aquifers (Béni Ounif syncline, Algeria): An indexical, graphical, statistical, deterministic, and bootstrap-based probabilistic approach;"Abdellah Arfa; Boualem Bouselsal; Lahcen Benaabidate; Johnbosco C. Egbueri";;Physics and Chemistry of the Earth Parts A/B/C;2026-09-17;article;https://doi.org/10.1016/j.pce.2026.104849;;https://doi.org/10.1016/j.pce.2026.104849;OpenAlex
2;env;6;Phytochemical characterization and toxicological evaluation of ethanolic leaf extracts of;"Anoushka Bansal; Vibha Rani; Sujata Mohanty";;Springer Link (Chiba Institute of Technology);2026-09-09;article;https://doi.org/10.1051/bioconf/202625201011/pdf;https://www.bio-conferences.org/10.1051/bioconf/202625201011/pdf;https://www.bio-conferences.org/10.1051/bioconf/202625201011/pdf;OpenAlex
2;env;6;Synthesis, Spectral Characterization, and Photocatalytic Application of Metallo-phthalocyanines Bearing Schiff Base Moieties for Dye-Contaminated Wastewater Remediation and ADMET-Based Evaluation of Their Potential as Therapeutic Agents;"Mays Saeed Obied; Mohanad Mousa Kareem; Ahmed F. Halbus";;Bangladesh Journal of Infectious Diseases;2026-09-08;article;https://doi.org/10.3329/bjid.v13i1.91669;https://www.banglajol.info/index.php/BJID/article/download/91669/59809;https://doi.org/10.3329/bjid.v13i1.91669;OpenAlex
2;env;6;The Erosion of Clinical Competence in Global Dental Education: A Narrative Review of Quality Decline among New Graduates;Althaaf Khan;;International Journal of Modern Science and Research Technology;2026-09-22;review;https://doi.org/10.67317/ijmsrt26sep087;https://ijmsrt.com/storages/download-paper/IJMSRT26SEP087;https://doi.org/10.67317/ijmsrt26sep087;OpenAlex
2;env;6;Too Hot to Move? Climate Change, Extreme Heat and Physical Activity in Sub-Saharan Africa: Implications for Health Equity and Climate Adaptation. A Critical Narrative Review;Koseyinoluwa Gbolahan Opabunmi;;Open Science Framework;2026-09-12;review;https://doi.org/10.17605/osf.io/pj6e5;;https://doi.org/10.17605/osf.io/pj6e5;OpenAlex
2;env;5;Artificial Intelligence for Climate Change Adaptation in Sustainable Maize Production and Socioeconomic Development in South Africa: A Comprehensive Scoping Review;"Samkelo Dlamini; Ernest Mnkandla; Charles Mbohwa; Rendani H. Khwidzhili";;Preprints.org;2026-09-22;preprint;https://doi.org/10.20944/preprints202609.1940.v1;;https://doi.org/10.20944/preprints202609.1940.v1;OpenAlex
2;env;5;Efficient River Planform Classification in the Tibetan Plateau: A Knowledge-Distilled Lightweight Model;"Zewei Du; Xiongdong Zhou; Zhiwei Li; Yucong He; Yike Sun";;;2026-09-09;preprint;https://doi.org/10.22541/essoar.15008583/v1;https://essopenarchive.org/doi/pdf/10.22541/essoar.15008583/v1;https://doi.org/10.22541/essoar.15008583/v1;OpenAlex
2;env;5;Etude longitudinale des Ilots de Chaleurs Urbains (ICU) dans le contexte de changement climatique : facteurs spatiaux, bilan énergétique de surface et implications pour la santé publique;"Charteris Claude Mahoungou; Paul Gurriel Ndolo; Gervais Aurélien Dibantsa";;European Scientific Journal ESJ;2026-09-09;article;https://doi.org/10.19044/esipreprint.9.2026.p449;https://eujournal.org/index.php/esj/article/download/21515/20878;https://doi.org/10.19044/esipreprint.9.2026.p449;OpenAlex
2;env;5;Host Vulnerability and Divergent Toxicity Phenotypes During Intravesical BCG Therapy for Non-Muscle-Invasive Bladder Cancer: A Two-Centre Exploratory Cohort Study in Cameroon;"Tagang Titus Ngwa-Ebogo; Forcha Yannick Tandu; Arielle Ngongang; Marie Louise Manka’a; Saango Djibril Nforkaa; Landry Oriole Mbouché; Fru Forbuzshi Angwafo III";;Preprints.org;2026-09-10;preprint;https://doi.org/10.20944/preprints202609.0845.v1;;https://doi.org/10.20944/preprints202609.0845.v1;OpenAlex
2;env;5;Influence des paramètres géomorphologiques sur la distribution spatiale de la température de surface en milieu urbain tropical : cas de Brazzaville (2013-2022) (République du Congo);"Idriss Auguste Williams M'BOUKA MILANDOU; Gerginio Koumba Massoussa";;European Scientific Journal ESJ;2026-09-09;article;https://doi.org/10.19044/esipreprint.9.2026.p419;https://eujournal.org/index.php/esj/article/download/21510/20877;https://doi.org/10.19044/esipreprint.9.2026.p419;OpenAlex
2;env;5;Irrigation Water Quality, Soil Properties and Infiltration Behavior in Sandy-Loam Soils Under Irrigation: Evidence from Eastern Rwanda;"Sonia Ikundabayo; Jean de Dieu Bazimenyera; Romuald Bagaragaza";;Preprints.org;2026-09-23;preprint;https://doi.org/10.20944/preprints202605.0600.v2;;https://doi.org/10.20944/preprints202605.0600.v2;OpenAlex
2;env;5;Local Knowledges and Plants Conservation in Two Communities in the Menoua Division (Western Cameroon);"Tiokeng Bertine; Nguimgo Murielle Davy Varhol; Anguessin Benjamine; Nguetsop Victor François; Mapongmetsem Pierre-Marie";;Journal of Agriculture and Ecology Research International;2026-09-04;article;https://doi.org/10.9734/jaeri/2026/v27i5806;;https://doi.org/10.9734/jaeri/2026/v27i5806;OpenAlex
2;env;5;Mapping Water-Accessibility Deficits Across Ethiopia’s Eastern and Southern Drought Belt;"Kina Xu; Jessica Ainsworth; Xianjun Hao; John Qu";;George Mason University;2026-09-18;article;https://doi.org/10.13021/jssr2026.5606;;https://doi.org/10.13021/jssr2026.5606;OpenAlex
2;env;5;Metal Contamination and Ecological Risks in the Kasaï and Tshikapa Rivers (DR Congo): Insights from Geochemical Analyses of Sediments and Water;"Emmanuel K. Atibu; Nicole M. Makanina; Emmanuel N. Nkombwa; Gurvitch O. Nsiala; Jean‐Paul Otamonga; John Poté";;International Journal of Innovative Science and Research Technology (IJISRT);2026-09-24;article;https://doi.org/10.38124/ijisrt/26sep513;;https://doi.org/10.38124/ijisrt/26sep513;OpenAlex
2;env;5;Unlocking the Hidden Data Asset of Artisanal and Small-Scale Gold Mining: A Big Data Analytics Framework for Improving Mineral Resource Management and Mine Viability in Zimbabwe;Chanetsa Sibanda;;Preprints.org;2026-09-22;preprint;https://doi.org/10.20944/preprints202609.1898.v1;;https://doi.org/10.20944/preprints202609.1898.v1;OpenAlex
2;env;4;A systematic literature review to identify factors that influence community vulnerability to health risks associated with climate change in livestock and aquaculture systems in Eastern, Western, and Southern Africa;"Max Korir; Nicholas Ngwili; Bernard Bett";;;2026-09-05;review;https://doi.org/10.37766/inplasy2026.9.0024;;https://doi.org/10.37766/inplasy2026.9.0024;OpenAlex
2;env;4;Baseline Assessment Report: Mapping and Diagnosing the Decision Context Regreening for the Future: Integrating Climate Change Adaptation Pathways into Community-led Regreening in East Africa;"Edward Sparkes; Samira Pfeiffer; Andrea De; San Jorge; Saskia Werners; Vincent O Oeba; Titus Cheruiyot; Mte Mbuvi; Anne Mpaayei; Kennedy Michubu; Jasper Mogote; Linus Wekesa; Grace Nkatha; Betty Lashaye; Mercy Kivuti; Jane Njehu; Riziki Mwadalu; Joseph Adome; Willis Okumu; Dorise Ng'ong; Vivian Achieng; Solomon Mbivya; Humphrey Wafula; Mieke Bourne; Laura Mukhwana; Tor-G Vagen; Timothy Downing; Eunice Ongoro; Christopher Oludhe; Daniel Olago; Seth Opoku Mensah; Peter Nguyen";;;2026-09-07;article;https://doi.org/10.13140/rg.2.2.20103.56487;;https://doi.org/10.13140/rg.2.2.20103.56487;OpenAlex
2;env;4;Behavioural Drivers of Consumer Demand for Deforestation-Free Products in Cameroon;Bienvenue Belinga;;;2026-09-20;article;https://doi.org/10.13140/rg.2.2.11306.12480/1;;https://doi.org/10.13140/rg.2.2.11306.12480/1;OpenAlex
2;env;4;Biodiversity Finance Landscape in Zambia;"Kabaso Mulenga; Bruno Mweemba; Jacob Mwitwa";;;2026-09-23;article;https://doi.org/10.13140/rg.2.2.35820.73602;;https://doi.org/10.13140/rg.2.2.35820.73602;OpenAlex
2;env;4;Climate change and fungal infections in sub-Saharan Africa: pathways of emerging risk and priorities for health-system adaptation;Ivaan Pitua;;;2026-09-10;article;https://doi.org/10.13140/rg.2.2.24682.89287;;https://doi.org/10.13140/rg.2.2.24682.89287;OpenAlex
2;env;4;Homa Bay County Baseline Assessment Report: Mapping and Diagnosing the Decision Context Regreening for the Future: Integrating Climate Change Adaptation Pathways into Community-led Regreening in East Africa;"Edward Sparkes; Samira Pfeiffer; Andrea De; San Jorge; Saskia Werners; Vincent O Oeba; Titus Cheruiyot; Mte Mbuvi; Anne Mpaayei; Kennedy Michubu; Jasper Mogote; Linus Wekesa; Grace Nkatha; Betty Lashaye; Mercy Kivuti; Jane Njehu; Riziki Mwadalu; Jane Njuguna; Joseph Adome; Willis Okumu; Dorise Ng'ong; Vivian Achieng; Solomon Mbivya; Humphrey Wafula; Mieke Bourne; Laura Mukhwana; Tor-G Vagen; Timothy Downing; Eunice Ongoro; Christopher Oludhe; Daniel Olago; Seth Opoku Mensah; Peter Nguyen";;;2026-09-07;article;https://doi.org/10.13140/rg.2.2.11714.95684;;https://doi.org/10.13140/rg.2.2.11714.95684;OpenAlex
2;env;4;Makueni County Baseline Assessment Report: Mapping and Diagnosing the Decision Context Regreening for the Future: Integrating Climate Change Adaptation Pathways into Community-led Regreening in East Africa;"Edward Sparkes; Samira Pfeiffer; Andrea De; San Jorge; Saskia Werners; Vincent O Oeba; Titus Cheruiyot; Mte Mbuvi; Anne Mpaayei; Kennedy Michubu; Jasper Mogote; Linus Wekesa; Grace Nkatha; Betty Lashaye; Mercy Kivuti; Jane Njehu; Riziki Mwadalu; Joseph Adome; Willis Okumu; Dorise Ng'ong; Vivian Achieng; Solomon Mbivya; Humphrey Wafula; Mieke Bourne; Laura Mukhwana; Tor-G Vagen; Timothy Downing; Eunice Ongoro; Christopher Oludhe; Daniel Olago; Seth Opoku Mensah; Peter Nguyen";;;2026-09-07;article;https://doi.org/10.13140/rg.2.2.15070.40009;;https://doi.org/10.13140/rg.2.2.15070.40009;OpenAlex
2;env;4;Mobilizing crop diversity for climate change adaptation and resilience: Field experiences from Africa With contributions from: Mobilizing crop diversity for climate change adaptation and resilience: Field experiences from Africa Mobilizing crop diversity for climate change adaptation and resilience: field experiences from Africa;"Ronnie Vernooy; J Adokorach; Harouna Coulibaly; Carlo Fadda; Manata Jeko; Ronald Kakeeto; Patrick Kasasa; Jonathan Sikitu Kazungu; Sipiwe Mapanda; Margaret H.N. Mollel; John Wasswa Mulumba; Andrew Mushita; Desterio Ondieki Nyamongo; Gloria Otieno; T Recha; Amadou Sidibé; Geoffrey Simiu; Bernard Wanjala; Patrick Wahome; L ' Équipe";;;2026-09-15;article;https://doi.org/10.13140/rg.2.2.26183.66725;;https://doi.org/10.13140/rg.2.2.26183.66725;OpenAlex
2;env;4;Nyamira County Baseline Assessment Report: Mapping and Diagnosing the Decision Context Regreening for the Future: Integrating Climate Change Adaptation Pathways into Community-led Regreening in East Africa;"Edward Sparkes; Samira Pfeiffer; Andrea De; San Jorge; Saskia Werners; Vincent O Oeba; Titus Cheruiyot; Mte Mbuvi; Anne Mpaayei; Kennedy Michubu; Jasper Mogote; Linus Wekesa; Grace Nkatha; Betty Lashaye; Mercy Kivuti; Jane Njehu; Riziki Mwadalu; Jane Njuguna; Joseph Adome; Willis Okumu; Dorise Ng'ong; Vivian Achieng; Solomon Mbivya; Humphrey Wafula; Mieke Bourne; Laura Mukhwana; Tor-G Vagen; Timothy Downing; Eunice Ongoro; Christopher Oludhe; Daniel Olago; Seth Opoku Mensah; Peter Nguyen";;;2026-09-07;article;https://doi.org/10.13140/rg.2.2.31008.75525;;https://doi.org/10.13140/rg.2.2.31008.75525;OpenAlex
2;env;4;Nyandarua County Baseline Assessment Report: Mapping and Diagnosing the Decision Context Regreening for the Future: Integrating Climate Change Adaptation Pathways Into Community-led Regreening in East Africa;"Edward Sparkes; Samira Pfeiffer; Andrea De; San Jorge; Saskia Werners; Vincent O Oeba; Titus Cheruiyot; Mte Mbuvi; Anne Mpaayei; Kennedy Michubu; Jasper Mogote; Linus Wekesa; Grace Nkatha; Betty Lashaye; Mercy Kivuti; Jane Njehu; Riziki Mwadalu; Jane Njuguna; Joseph Adome; Willis Okumu; Dorise Ng'ong; Vivian Achieng; Solomon Mbivya; Humphrey Wafula; Mieke Bourne; Laura Mukhwana; Tor-G Vagen; Timothy Downing; Eunice Ongoro; Christopher Oludhe; Daniel Olago; Seth Opoku Mensah; Peter Nguyen";;;2026-09-07;article;https://doi.org/10.13140/rg.2.2.28492.17283;;https://doi.org/10.13140/rg.2.2.28492.17283;OpenAlex
2;env;4;Synthesis Report Baseline Assessment: Mapping and Diagnosing the Decision Context Regreening for the Future: Integrating Climate Change Adaptation Pathways into Community-Led Regreening in East Africa;"Edward Sparkes; Samira Pfeiffer; Andrea De; San Jorge; Saskia Werners; Vincent O Oeba; Titus Cheruyoit; Mte Mbuvi; Anne Mpaayei; Kennedy Michubu; Jasper Mogote; Linus Wekesa; Grace Nkatha; Betty Lashaye; Mercy Kivuti; Jane Njehu; Riziki Mwadalu; Joseph Adome; Willis Okumu; Dorise Ng'ong; Vivian Achieng; Solomon Mbivya; Humphrey Wafula; Mieke Bourne; Laura Mukhwana; Tor-G Vagen; Timothy Downing; Eunice Ongoro; Christopher Oludhe; Daniel Olago";;;2026-09-07;article;https://doi.org/10.13140/rg.2.2.31847.61600;;https://doi.org/10.13140/rg.2.2.31847.61600;OpenAlex
2;env;4;Xenohydrological Futures: Decolonial Ecologies and More-than-Human Contact Zones in Nnedi Okorafor’s Lagoon;"Sumit Saha; Amar Chakrabortty";;Research Square;2026-09-23;preprint;https://doi.org/10.21203/rs.3.rs-10836327/v1;https://www.researchsquare.com/article/rs-10836327/latest.pdf;https://doi.org/10.21203/rs.3.rs-10836327/v1;OpenAlex
2;env;3;Making a difference to health outcomes, a closer look at wetland methane, and marvellous Malawian insects;;;Nature Africa;2026-09-10;article;https://doi.org/10.1038/d44148-026-00270-1;;https://doi.org/10.1038/d44148-026-00270-1;OpenAlex
2;sante;11;Smoking cessation readiness among frontline healthcare workers in Malawi: a multicenter cross-sectional study;"Alexander Thomas Mboma; Bright Sibale; Dziwenji Makombe; Elias  Peter Mwakilama; Hlupekile Phiri; Samson Banankhu Mhango";;BMC Health Services Research;2026-09-24;article;https://doi.org/10.1186/s12913-026-15687-5;;https://doi.org/10.1186/s12913-026-15687-5;OpenAlex
2;sante;10;Evaluation of functional annotation-informed and ancestry-specific polygenic risk scores for ischemic stroke;"Nicole D. Armstrong; Vinodh Srinivasasainagendra; Amit Patki; Lavanya Pilla; Chad Aldridge; Alana C. Jones; Ulrich Broeckel; Ethan M. Lange; Leslie A. Lange; Pankaj Arora; Nita A. Limdi; Hirotaka Iwaki; Lana Sargent; Joohyun Kim; Maggie Ng; Josep M. Mercader; Keith L. Keene; Bradford B. Worrall; Hemant Tiwari; Marguerite R. Irvin";;Frontiers in Bioinformatics;2026-09-10;article;https://doi.org/10.3389/fbinf.2026.1875388;https://www.frontiersin.org/journals/bioinformatics/articles/10.3389/fbinf.2026.1875388/pdf;https://doi.org/10.3389/fbinf.2026.1875388;OpenAlex
2;sante;10;Occupational Health, Reproductive Risks, and Gender Inequity Among Female Automobile Artisans in Sub-Saharan Africa's Informal Economy: A Narrative Synthesis;Idris Muhammad Yakubu;;Preprints.org;2026-09-14;preprint;https://doi.org/10.20944/preprints202609.1094.v1;;https://doi.org/10.20944/preprints202609.1094.v1;OpenAlex
2;sante;10;Soy as a source of isoflavones vs other sources of phytoestrogens: comparative effects on breast cancer risk and progression – a systematic review;"Noval Ramadhani Muhardiansyah; Herfiansyah Audyas Eka Sakti; Rani Dwi Lestari; Stefani Anggraeni; Salwa Zahrata Arfadina; Happy Kurnia Permatasari; Holipah Holipah";;Cogent Food & Agriculture;2026-09-23;review;https://doi.org/10.1080/23311932.2026.2735547;https://www.tandfonline.com/doi/pdf/10.1080/23311932.2026.2735547?needAccess=true;https://doi.org/10.1080/23311932.2026.2735547;OpenAlex
2;sante;9;Global burden and epidemiological determinants of pulmonary arterial hypertension among women aged 55 years and older: a GBD 2023 analysis;"Guang-Wei Huang; Yue Cui; Zhi‐Cheng Jing; Hai‐Long Dai";;Frontiers in Medicine;2026-09-07;article;https://doi.org/10.3389/fmed.2026.1853948;;https://doi.org/10.3389/fmed.2026.1853948;OpenAlex
2;sante;9;Global prevalence of vasomotor symptoms in the menopause transition: systematic review and meta-analysis;"Shahara Aziz Ellahi; Aimee E Spector; Vikram Talaulikar; Alexandra Faulkner; Roopal Desai";;Climacteric;2026-09-16;review;https://doi.org/10.1080/13697137.2026.2722609;https://www.tandfonline.com/doi/pdf/10.1080/13697137.2026.2722609?needAccess=true;https://doi.org/10.1080/13697137.2026.2722609;OpenAlex
2;sante;9;Involving a black woman patient and public involvement group in maternal health methodology research: learning from the PROMISE Study;"Sophie Susannah Hall; Georgia Clancy; Shireen Patel; Bhuvan Majmudar; Fatou Benga; Makini Jones; Catherine Henshall";;Research Involvement and Engagement;2026-09-23;article;https://doi.org/10.1186/s40900-026-00983-5;;https://doi.org/10.1186/s40900-026-00983-5;OpenAlex
2;sante;9;Methodological considerations in ‘characteristics of post-exercise responders versus non-responders following aerobic or isometric exercise in physically inactive adults of African and South Asian descent with high-normal blood pressure or grade I hypertension’;Anamika Rajpoot;;Blood Pressure;2026-09-20;article;https://doi.org/10.1080/08037051.2026.2736956;https://www.tandfonline.com/doi/pdf/10.1080/08037051.2026.2736956?needAccess=true;https://doi.org/10.1080/08037051.2026.2736956;OpenAlex
2;sante;9;“You guys don’t listen to us”: a mixed methods study of barriers to breast and cervical cancer screening among black women;"Jessica D. Rothstein; Whitney E. Miller; Yexuan Jiang; Brea Callen; Sara Zdunek; Arden Handler; Leslie R. Carnahan";;BMC Health Services Research;2026-09-24;article;https://doi.org/10.1186/s12913-026-15615-7;;https://doi.org/10.1186/s12913-026-15615-7;OpenAlex
2;sante;8;"""Even with AI, We Still Have to Work Harder"": Black Women’s Use of Generative AI in the Workplace";"Hawra Rabaan; Yolanda A. Rankin; Sharvonne Sisco; India Irish; Sheena Lewis Erete";;Proceedings of the ACM on Human-Computer Interaction;2026-09-23;article;https://doi.org/10.1145/3816930;;https://doi.org/10.1145/3816930;OpenAlex
2;sante;8;Effect of Hypertension on the Health-related Quality of Life of People Living with Hypertension in Dschang, Cameroon: Comparative Analytical Cross-section;"Omi Salamatou Ngambu; Clarisse MAPA-TASSOU; Sylvain Raoul Simeni Njonnou; Franck Gerre Yemele; Zidane Tapontsop Tsakeng; Guy Calvin Mbongo'o Nko'o; Siméon Pierre Choukem";;Journal of Epidemiology and Global Health;2026-09-25;article;https://doi.org/10.1007/s44197-026-00637-5;;https://doi.org/10.1007/s44197-026-00637-5;OpenAlex
2;sante;8;Extra-Large Blood Pressure Cuff Need and Cost Burden in United States Adults with Hypertension;"Sumit Sahoo; Tammy Brady; Benjamin Grobman; Stephen P Juraschek; Jennifer Cluett";;American Journal of Hypertension;2026-09-22;article;https://doi.org/10.1093/ajh/hpag118;https://academic.oup.com/ajh/advance-article-pdf/doi/10.1093/ajh/hpag118/71347818/hpag118.pdf;https://doi.org/10.1093/ajh/hpag118;OpenAlex
2;sante;8;Global disparities in access to randomized controlled trials for pulmonary arterial hypertension;"Dilawar Khan; Yuri P. Matusov";;Respiratory Medicine;2026-09-15;article;https://doi.org/10.1016/j.rmed.2026.109165;https://www.resmedjournal.com/article/S0954-6111(26)00534-2/pdf;https://doi.org/10.1016/j.rmed.2026.109165;OpenAlex
2;sante;7;D-dimer and the risk of hypertension: The REasons for Geographic And Racial Differences in Stroke Cohort Study;"George Howard; Timothy B. Plante; Suzanne E. Judd; Boyi Guo; Mary Cushman; Alisa S. Wolberg; Leslie A. McClure; Neil A. Zakai; Debora Kamin Mukaz; D. Leann Long";;UNC Libraries;2026-09-23;article;https://doi.org/10.17615/8dad-h497;;https://doi.org/10.17615/8dad-h497;OpenAlex
2;sante;7;Hypertension prevalence and regional disparities in Sub-Saharan Africa based on a systematic review and meta-analysis;"Felix Eling; Md. Kamrul Hossain";;Discover Public Health;2026-09-12;review;https://doi.org/10.1186/s12982-026-02966-z;https://link.springer.com/content/pdf/10.1186/s12982-026-02966-z.pdf;https://doi.org/10.1186/s12982-026-02966-z;OpenAlex
2;sante;7;Integrating genetic predictors into subsequent breast cancer risk prediction in survivors of childhood cancer;"Aparna Srinivasan; Jian Wang; Gavriel Y. Matt; Lauren J. Mills; Yadav Sapkota; Zhaoming Wang; Tianzhong Yang; Joseph P. Neglia; Lucie M Turcotte; Melissa M. Hudson; Kirsten K. Ness; Gregory T. Armstrong; Jinghui Zhang; Leslie L. Robison; Xin Zhou; Yutaka Yasui; Cindy Im";;JNCI Journal of the National Cancer Institute;2026-09-09;article;https://doi.org/10.1093/jnci/djag306;;https://doi.org/10.1093/jnci/djag306;OpenAlex
2;sante;7;Militant Migrants: Clement Kadalie, the ICU and the Mass Movement of Black Workers in Southern Africa, 1896–1951;John Lwanda;;Canadian Journal of African Studies / Revue canadienne des études africaines;2026-09-08;article;https://doi.org/10.1080/00083968.2026.2704314;;https://doi.org/10.1080/00083968.2026.2704314;OpenAlex
2;sante;7;When Stroke Is Not a Stroke: A Case Report of Crimean-Congo Hemorrhagic Fever Presenting With Focal Neurological Deficits;"Khuloud H Alnuaimi; Omar Farooq Al-Nahhas; Zayed Al Hammadi; Nour Abukalam";;Cureus;2026-09-05;article;https://doi.org/10.7759/cureus.115815;;https://doi.org/10.7759/cureus.115815;OpenAlex
2;sante;6;Global and Regional Burden of Ischemic Stroke in Presumed Postmenopausal Women Aged ≥ 55 Years: A Systematic Analysis of the Global Burden of Disease Study 2021;"Hong He; Rong Cai";;Dove Medical Press (Taylor and Francis Group);2026-09-13;article;;;https://www.dovepress.com/global-and-regional-burden-of-ischemic-stroke-in-presumed-postmenopaus-peer-reviewed-fulltext-article-IJWH;OpenAlex
2;sante;6;Prediction of Brain Stroke Risk Using Machine Learning and Deep Learning: An Hybrid XGBoost-ResNet-18 CDSS;"G Santhosh Raj; A Vijayan";;International Journal for Research in Applied Science and Engineering Technology;2026-09-18;article;https://doi.org/10.22214/ijraset.2026.84880;https://doi.org/10.22214/ijraset.2026.84880;https://doi.org/10.22214/ijraset.2026.84880;OpenAlex
2;sante;6;Skin Lightening in East African Communities: A Scoping Review;"John Meisenheimer; Robert P. Dellavalle; Tasneem Issa; Hani Abi";;OSF Preprints (OSF Preprints);2026-09-13;preprint;;;https://osf.io/n8pj7;OpenAlex
2;sante;5;An African-American Breast Cancer Survivor’s Journey with the Use of Visual Journaling;Kristen Spellman;;Old Dominion University;2026-09-24;article;https://doi.org/10.25777/34y8-m291;;https://doi.org/10.25777/34y8-m291;OpenAlex
2;sante;5;Association Between Glycated Hemoglobin and Breast Cancer Among Women at a Referral Hospital in Meru County, Kenya;"Herbert Kibebe; Eric Muchiri; Maryjoy Kaimuri";;International Journal of Professional Practice;2026-09-24;article;https://doi.org/10.71274/ijpp.v14i5.705;;https://doi.org/10.71274/ijpp.v14i5.705;OpenAlex
2;sante;5;Out-of-pocket expenditure on diagnostic services among insured hypertension and diabetes patients in sub-Saharan Africa: a systematic review;"Eva Saeh Afriyie; Kwame Adu Okyere Boadu";;OSF Preprints (OSF Preprints);2026-09-10;preprint;https://doi.org/10.17605/osf.io/8ptsx;;https://osf.io/cd246;OpenAlex
2;sante;4;Beyond the Final Test: Evidence Architecture for Occupational Competence Assessment in South Africa A critical review and conceptual framework;Wynand Goosen;;;2026-09-24;article;https://doi.org/10.13140/rg.2.2.20170.73925;;https://doi.org/10.13140/rg.2.2.20170.73925;OpenAlex
2;sante;4;Hypertension in Colombia: First pharmacogenomic risk profile stratified by ancestry;"Amileth Suarez-Causado; Maria L. Ochoa-Elles; David A. Hernandez-Paez";;Research Square;2026-09-14;preprint;https://doi.org/10.21203/rs.3.rs-10647259/v1;https://www.researchsquare.com/article/rs-10647259/latest.pdf;https://doi.org/10.21203/rs.3.rs-10647259/v1;OpenAlex
2;alim;14;Household food insecurity, dietary intake and anaemia among pregnant women in Lilongwe, Malawi: a mixed-methods cross-sectional study with mediation analysis;"William Munthali; Ying Zhang; Qian Lin; Lina Yang";;British Journal Of Nutrition;2026-09-24;article;https://doi.org/10.1017/s0007114526108320;;https://doi.org/10.1017/s0007114526108320;OpenAlex
2;alim;13;Do We Have a Better Understanding of Nutrition Than We Did 10 Years Ago;Ruth Khasaya Oniang'o;;African Journal of Food Agriculture Nutrition and Development;2026-09-08;article;https://doi.org/10.18697/ajfand.154.ed181;https://ajfand.net/Volume26/No7/EditorialVol26No7.pdf;https://doi.org/10.18697/ajfand.154.ed181;OpenAlex
2;alim;12;Mediterranean Diet and Global Dietary Shifts, 1990–2018: Population-Level Analysis Using Global Dietary Database;"Dana Popescu‐Spineni; Leila Karimi; Laima Brazionis; Elena Philippou; Audrey C. Tierney; Jelena Cvejić; Linda Errington; Labros S. Sidossis; Catherine Itsiopoulos";;Nutrients;2026-09-08;article;https://doi.org/10.3390/nu18182943;;https://doi.org/10.3390/nu18182943;OpenAlex
2;alim;11;Cowpea proteins across maturation stages: Extraction, nutritional, and techno-functional approaches;"Jéssica Azevedo Furtado; Ingrid Vieira Machado de Moraes; Larissa Morais Ribeiro da Silva";;Food and Humanity;2026-09-17;article;https://doi.org/10.1016/j.foohum.2026.101492;;https://doi.org/10.1016/j.foohum.2026.101492;OpenAlex
2;alim;11;Early childhood development intervention and timely initiation of complementary feeding among HIV exposed infants in Tanzania: a quasi-experimental study;"Ignas Lukanga; Amon Exavery; John B. Charles; Asheri Barankena; Nisela Didas; Esther Ndyetabura; Saida Salim; Tom Ventimiglia; Erica Kuhlik; Levina Kikoyo";;Frontiers in Nutrition;2026-09-23;article;https://doi.org/10.3389/fnut.2026.1895144;https://www.frontiersin.org/journals/nutrition/articles/10.3389/fnut.2026.1895144/pdf;https://doi.org/10.3389/fnut.2026.1895144;OpenAlex
2;alim;11;Metal(loid)s in maize grains and health risks: A review;"Swarn Singh; Ashish Sharma; Vinod Kumar";;Next Sustainability;2026-09-17;article;https://doi.org/10.1016/j.nxsust.2026.100501;https://www.sciencedirect.com/science/article/pii/S2949823626002564/pdf;https://doi.org/10.1016/j.nxsust.2026.100501;OpenAlex
2;alim;10;Multi-year dietary and parasitological investigations of invasive Egyptian geese (Alopochen aegyptiaca) in central Germany;"Anna V. Schantz; Robin Stutz; Anne Steinhoff; Norbert Peter; Anna Thomas; Dorian D. Dörge; Sven Klimpel";;International Journal for Parasitology Parasites and Wildlife;2026-09-12;article;https://doi.org/10.1016/j.ijppaw.2026.101288;;https://doi.org/10.1016/j.ijppaw.2026.101288;OpenAlex
2;alim;10;Validity of experience-based food insecurity scales among Indigenous Peoples;"Rafael Pérez-Escamilla; Sofía Segura‐Pérez; Haydee Amalia Segura-Millán";;Frontiers in Sustainable Food Systems;2026-09-22;article;https://doi.org/10.3389/fsufs.2026.1962514;https://www.frontiersin.org/journals/sustainable-food-systems/articles/10.3389/fsufs.2026.1962514/pdf;https://doi.org/10.3389/fsufs.2026.1962514;OpenAlex
2;alim;9;Analyse d’impact de la variabilité pluviométrique sur l’évolution de la production du mil (Pennisetum glaucum (L.)) et sorgho (Sorghum bicolor (L.)) dans les communes rurales de Bambeye et Tajaé dans la région de Tahoua, au Niger oriental (Afrique de l’Ouest);"Boubacar Maijiimaa; Oumarou Hama; Moussa Barage";;European Scientific Journal ESJ;2026-09-09;article;https://doi.org/10.19044/esipreprint.9.2026.p891;;https://doi.org/10.19044/esipreprint.9.2026.p891;OpenAlex
2;alim;9;Beyond anemia: gendered social and structural determinants of women’s blood donation in the Eastern Mediterranean Region: a scoping review;Nasim Sadat Hosseini Divkolaye;;International Journal for Equity in Health;2026-09-05;article;https://doi.org/10.1186/s12939-026-03011-w;;https://doi.org/10.1186/s12939-026-03011-w;OpenAlex
2;alim;9;Challenges and opportunities in adopting climate-smart agricultural practices and technologies: implications for food security;Yanmei Gao;;Technology Analysis and Strategic Management;2026-09-05;article;https://doi.org/10.1080/09537325.2026.2723505;;https://doi.org/10.1080/09537325.2026.2723505;OpenAlex
2;alim;9;Explainable optimized deep learning and generative AI based framework for finger millet disease detection in smart agriculture;"Sunil Kumar Mohapatra; A. Sanjib Kumar Patro; Lulen Kumar Sahu; Chinmaye Dora; Sujata Chakravarty; Kshira Sagar Sahoo; Byomakesh Mahapatra";;Discover Artificial Intelligence;2026-09-22;article;https://doi.org/10.1007/s44163-026-02222-y;https://link.springer.com/content/pdf/10.1007/s44163-026-02222-y.pdf;https://doi.org/10.1007/s44163-026-02222-y;OpenAlex
2;alim;9;Exploring Revenue-Sharing Strategies as a Pathway to Inclusive Growth and Sustainability in Sri Lanka’s Tea Value Chain;"Sanjeewa Jayawickrama; D. A. T. Kumari; Ravindra Dissanayake; Prem Kumar";;F1000Research;2026-09-22;article;https://doi.org/10.12688/f1000research.177413.1;https://f1000research.com/articles/15-1566/pdf;https://doi.org/10.12688/f1000research.177413.1;OpenAlex
2;alim;9;Weather Extreme Events, Farm Management, and Cocoa Yield in Ecuador;"Elena Beatriz Piedra-Bonilla; Gabriel Alves de Sampaio Morais; Joel Gómez; Heidy Toala; Laís Rosa Oliveira; Nallely Molina-Velasco";;Plants;2026-09-22;article;https://doi.org/10.3390/plants15192891;;https://doi.org/10.3390/plants15192891;OpenAlex
2;alim;8;Child Growth Stunting: A Comprehensive Scientific Literature Review of Epidemiology, Etiology, Pathophysiology, and Evidence-Based Interventions;"Engkus Kusnadi; Sri Ramdaniati; Bambang Budi Raharjo; Ari Yuniastuti";;Glosains Jurnal Sains Global Indonesia;2026-09-18;article;https://doi.org/10.59784/glosains.v7i4.882;https://glosains.staiku.ac.id/index.php/Glosains/article/download/882/348;https://doi.org/10.59784/glosains.v7i4.882;OpenAlex
2;alim;8;Food insecurity and mental health in South Africa: Structural pathways linking socioeconomic position, behavioural risk factors and comorbidity;"Lungile Nkosi; Teshager Nigussie; Olalekan A. Ayo-Yusuf";;Preventive Medicine Reports;2026-09-21;article;https://doi.org/10.1016/j.pmedr.2026.103642;;https://doi.org/10.1016/j.pmedr.2026.103642;OpenAlex
2;alim;8;Micronutrient dynamics and morphological performance of African marigold (Tagetes erecta L.) under North Bihar agroclimatic conditions;"Roshni Agnihotri; Santosh Kumar Singh; Harvir Singh";;Plant Science Today;2026-09-11;article;https://doi.org/10.14719/pst.12154;https://horizonepublishing.com/journals/index.php/PST/article/download/12154/16024;https://doi.org/10.14719/pst.12154;OpenAlex
2;alim;8;Producing Affordable Tilapia in Sub-Saharan Africa by Replacing Feed with Farm-Produced Black Soldier Fly Larvae;"Richard W Newton; John Bostock; Tim Messeder; Anton Immink; David C. Little";;Sustainability;2026-09-23;article;https://doi.org/10.3390/su18199745;;https://doi.org/10.3390/su18199745;OpenAlex
2;alim;7;Determinants of Adoption and Sustainability of Underutilized Species-Based Nutrition Interventions among Rural Households in Northern Sierra Leone;"Beatrice Edwina Koroma; Richards Wadsworth; Alhaji Brima Gogra; Alhaji Tamu Bockarie; Mohamed Kemoh Rogers; Mohamed Koroma; Sylvia Karcher Bangura";;African Journal of Agriculture and Food Science;2026-09-24;article;https://doi.org/10.52589/ajafs-6dc3j5bo;;https://doi.org/10.52589/ajafs-6dc3j5bo;OpenAlex
2;alim;7;EFFECT OF CARBOHYDRATE AND PROTEIN SUBSTITUTION WITH IRVINGIA GABONENSIS FLOUR ON BIOCHEMICAL PARAMETERS IN A RAT GROWTH DIET;"N’Guessan Yao Firmin; Kouamé Djè Kouamé Wenceslas; Amani Jean Paul Aristide; TOURE Megnan Seigeo; Doumbia Idrissa";;World Journal of Advanced Research and Reviews;2026-09-19;article;https://doi.org/10.30574/wjarr.2026.31.3.2148;https://wjarr.com/sites/default/files/fulltext_pdf/WJARR-2026-2148.pdf;https://doi.org/10.30574/wjarr.2026.31.3.2148;OpenAlex
2;alim;7;Exploring the Therapeutic and Nutritional Potential of Cactaceae: An Ethnopharmacological Perspective Integrating Traditional Knowledge and Modern Research;"Anushka Sasmal; A. Jha Chakraborty; Santanu Maity; Shaileyee Das";;Current Nutraceuticals;2026-09-04;article;https://doi.org/10.2174/0126659786465082260824103134;;https://doi.org/10.2174/0126659786465082260824103134;OpenAlex
2;alim;7;Incorporating Pectic Glycans into Microbiome-Directed Therapeutic Foods for Childhood Undernutrition;Marie Crane;;Open Scholarship Institutional Repository (Washington University in St. Louis);2026-09-22;article;https://doi.org/10.7936/wbzs-bb95;;https://openscholarship.wustl.edu/art_sci_etds/3838;OpenAlex
2;alim;7;NUTRITIONAL AND PHYTOCHEMICAL PROFILES OF FICUS DICRANOSTYLA AND BOERHAVIA DIFFUSA, TWO WILD LEAFY VEGETABLES FROM NORTHERN CÔTE D'IVOIRE;"Dahiri Gninlinahannan Christine Camara; Diawadou Diallo; Ohouo Régina Antoinette Don; Fankroma Martial Thierry Koné";;World Journal of Advanced Research and Reviews;2026-09-14;article;https://doi.org/10.30574/wjarr.2026.31.3.2364;https://wjarr.com/sites/default/files/fulltext_pdf/WJARR-2026-2364.pdf;https://doi.org/10.30574/wjarr.2026.31.3.2364;OpenAlex
2;alim;7;Nutrition transitions, obesity and T2DM in the Middle East and North Africa;"Hala B AlEssa; Vasanti Malik; Frank B. Hu";;Nature Reviews Endocrinology;2026-09-18;review;https://doi.org/10.1038/s41574-026-01301-5;;https://doi.org/10.1038/s41574-026-01301-5;OpenAlex
2;alim;7;Nutritional Improvement of Ugba through LAB Starter Culture: Impact on Antinutrients and Minerals during Storage;"P. A. Ome; E. U. Agbo; S. E. Omogo";;;2026-09-24;article;https://doi.org/10.9734/ajfrn/2026/v5i4442;;https://doi.org/10.9734/ajfrn/2026/v5i4442;OpenAlex
2;alim;7;Water productivity and food security in Sub-Saharan Africa: a productivity pathway;"Qin Zhaohui; Tiavina Andriamahenina Nasolomampionona; Tony Andriamahenina Niriharisoa; Mazheti Winnie Kudzai";;Water Economics and Policy;2026-09-11;article;https://doi.org/10.1142/s2382624x2650027x;;https://doi.org/10.1142/s2382624x2650027x;OpenAlex
2;alim;6;Aflatoxin B₁ in Cattle Feed and Aflatoxin M₁ in Milk in Northern Nigeria: Occurrence, Feed-to-Milk Carry-Over, Health Implications and Research Gaps;"Judith Ebunoluwa Olanrewaju; Oluwole Joshua Okunola";;FUDMA Journal of Sciences;2026-09-24;article;https://doi.org/10.33003/fjs-2026-1017-6055;;https://doi.org/10.33003/fjs-2026-1017-6055;OpenAlex
2;alim;6;Armed conflict accelerates cropland loss and food insecurity worldwide;"Guangdong Li; Wei Qi; Siao Sun; Xiaoping Liu; Zhenbo Wang";;Nature Food;2026-09-24;article;https://doi.org/10.1038/s43016-026-01436-8;;https://doi.org/10.1038/s43016-026-01436-8;OpenAlex
2;alim;6;Climate Variability Modulates the Impact of Price Spikes on Food Insecurity;"Jordi Cerdà-Bautista; Vasileios Sitokonstantinou; H. Durand; Gherardo Varando; Michele Ronco; Gustau Camps-Valls";;arXiv (Cornell University);2026-09-21;preprint;https://doi.org/10.48550/arxiv.2609.24394;https://arxiv.org/pdf/2609.24394;https://arxiv.org/abs/2609.24394;OpenAlex
2;alim;6;Energy, food and fertilizer price shocks: implications for food security in fragile and conflict affected countries in Sub-Saharan Africa;Peter Agamile;;Food Security;2026-09-24;article;https://doi.org/10.1007/s12571-026-01716-y;;https://doi.org/10.1007/s12571-026-01716-y;OpenAlex
2;alim;6;Evaluation of maize varieties for fodder and silage production in the eastern terai region of Nepal;"Sujaya Upreti; Ram Prasad Ghimire; Santosh Marahatta";;Nepal Agriculture Research Journal;2026-09-04;article;https://doi.org/10.3126/narj.v17i1.99487;https://www.nepjol.info/index.php/NARJ/article/download/99487/75329;https://doi.org/10.3126/narj.v17i1.99487;OpenAlex
2;alim;6;Pangenomics and machine learning reveal genetic variation to optimize carotenoids in sorghum grain;"Linly Banda; Chloee M. McLaughlin; Avril M. Harder; Clara M Cruet-Burgos; Adam L. Healey; Dave Flowers; Shannon Talley; Ada Stewart; Jane Grimwood; Geoffrey P. Morris; John T. Lovell; Davina Rhodes";;bioRxiv (Cold Spring Harbor Laboratory);2026-09-24;preprint;https://doi.org/10.64898/2026.09.22.753247;;https://doi.org/10.64898/2026.09.22.753247;OpenAlex
2;alim;6;Siderophore-producing rhizobacteria improve iron and zinc accumulation in Vigna unguiculata: implications for sustainable nutrition;"Sita Ram Mishra; Dweipayan Goswami; Meenu S Saraf";;Die Naturwissenschaften;2026-09-18;article;https://doi.org/10.1007/s00114-026-02165-5;;https://doi.org/10.1007/s00114-026-02165-5;OpenAlex
2;alim;6;Unraveling silicon-induced salinity tolerance mechanism in finger millet (Eleusine coracana) through a transcriptomic approach;"Sumaiya S. SHAIKH; Nitin Gore; Abhinav A. Mali; Suraj D. Umdale; Pankaj S. Mundada; Ganesh D. Mankar; Vitthal T. Barvkar; Tukaram D. Nikam; Mahendra Laxman Ahire";;Discover Plants.;2026-09-24;article;https://doi.org/10.1007/s44372-026-00893-6;;https://doi.org/10.1007/s44372-026-00893-6;OpenAlex
2;alim;5;Comparative Efficacy of Black Pepper (Piper guineense) and Neem (Azadirachta indica) Seed Extracts for Managing Armyworm (Spodoptera exempta) in Maize Varieties;"Idowu Eletu Saka; Ismaila Aderolu; Yusuf Jiddah Abdulkareem; Modupe Sidiqat HUSSEIN";;FUDMA Journal of Sciences;2026-09-10;article;https://doi.org/10.33003/fjs-2026-1016-5011;https://fjs.fudutsinma.edu.ng/index.php/fjs/article/download/5011/3883;https://doi.org/10.33003/fjs-2026-1016-5011;OpenAlex
2;alim;5;Comparative Genomics Reveals Genetic Factors Associated with Intraspecific Pigmentation Differences in Cassava;"Moyosore Priscilla Shittu; Boas Pucker";;bioRxiv (Cold Spring Harbor Laboratory);2026-09-22;preprint;https://doi.org/10.64898/2026.09.18.752618;https://www.biorxiv.org/content/biorxiv/early/2026/09/22/2026.09.18.752618.full.pdf;https://doi.org/10.64898/2026.09.18.752618;OpenAlex
2;alim;5;Compliance Capacity and the EUDR Shock: Implications for West African Cocoa, Food Integrity, and the Geopolitics of Standards;"Ernest Bonah; Mizpah Rosette A. Deku; Akwasi Akomea Agyekum";;Preprints.org;2026-09-24;preprint;https://doi.org/10.20944/preprints202609.2147.v1;;https://doi.org/10.20944/preprints202609.2147.v1;OpenAlex
2;alim;5;Explaining the slow decline in child stunting: A multi-stakeholder qualitative case study from Sabang, Indonesia;"Fitrah Reynaldi; Dumilah Ayuningtyas; Purnawan Junadi; Prastuti Soewondo; Aripin Ahmad";;African Journal of Reproductive Health;2026-09-21;article;https://doi.org/10.29063/ajrh2026/v30i17.10;;https://doi.org/10.29063/ajrh2026/v30i17.10;OpenAlex
2;alim;5;Harnessing Positive Deviance in Diet & Physical Activity to Support Healthy Ageing among African and Caribbean Communities in the UK: A Qualitative Protocol;"Hibbah Osei-Kwasi; Charity Aienobe-Asekharen; Rebecca Hardy; Louise Goff; Laura Jones";;OSF Preprints (OSF Preprints);2026-09-08;preprint;;;https://osf.io/swt2f;OpenAlex
2;alim;4;Food Security Assessment in Emombo Market, Yaoundé IV, Cameroon;Bep Gouife David Ivan Paterson;;OSF Preprints (OSF Preprints);2026-09-08;preprint;;;https://osf.io/4hmk3;OpenAlex
2;alim;4;Maruca Resistant Cowpea for Africa 2010;TJ Higgins;;CSIRO;2026-09-04;article;https://doi.org/10.25919/xb37-xj47;;https://doi.org/10.25919/xb37-xj47;OpenAlex
2;alim;4;Plant-based dietary transitions shift global food production from large to small farms;"Shruti Jain; Aysegul Celik; Paul K. Behrens; José Manuel Mogollón; Patrik J. G. Henriksson; Stefano Cucurachi; Oliver Taherzadeh";;Research Square;2026-09-24;preprint;https://doi.org/10.21203/rs.3.rs-11141576/v1;;https://doi.org/10.21203/rs.3.rs-11141576/v1;OpenAlex
2;alim;4;Scalability Assessment and Scaling Strategy: West and Central Africa Cocoa Digital Advisory (Rainforest Alliance Partnership);"Murat Sartas; Christian Bunn; Paul G. Schmidt; Fabio Castro-Llanos; Tony Gathungu; Natalia Gutierrez; Carolay Perea; Tiffany Talsma";;;2026-09-05;article;https://doi.org/10.13140/rg.2.2.33794.03520;;https://doi.org/10.13140/rg.2.2.33794.03520;OpenAlex
2;alim;4;The Need for Integrated One Health Approaches in Humanitarian Crises: Going Beyond Livestock Vaccination to Safeguard Livelihoods, Food Security, and Food System Resilience in Sub-Saharan Africa;"Shauna Richards; Biruk A. Gemeda; Wudu Temesgen; Guy S. Ilboudo; Edward A. Okoth; Buke Yussuf; Michel M. Dione; Theodore J.D. Knight-Jones";;CGSPace A Repository of Agricultural Research Outputs (Consultative Group for International Agricultural Research);2026-09-15;article;;;https://hdl.handle.net/10568/185578;OpenAlex
2;social;15;Climate-induced migration, livelihood vulnerability and associated adaptation strategies: a systematic literature review;"Md. Shemul Sheikh; Jurian Edelenbos; Alberto Gianoli";;Frontiers in Human Dynamics;2026-09-07;review;https://doi.org/10.3389/fhumd.2026.1834445;https://www.frontiersin.org/journals/human-dynamics/articles/10.3389/fhumd.2026.1834445/pdf;https://doi.org/10.3389/fhumd.2026.1834445;OpenAlex
2;social;10;Ambivalent protection? Statelessness, African migrants, and migration governance in Mexico;"Ester Serra Mingot; Claire R. Thomas";;Third World Quarterly;2026-09-16;article;https://doi.org/10.1080/01436597.2026.2718170;;https://doi.org/10.1080/01436597.2026.2718170;OpenAlex
2;social;10;Carer Perspectives on the Influence of Spirituality, Religion and Culture on the Mental Health of African Australians;"Bekithemba Sibanda; Bindu Joseph; Michael Olasoji";;Journal of Transcultural Nursing;2026-09-22;article;https://doi.org/10.1177/10436596261487181;;https://doi.org/10.1177/10436596261487181;OpenAlex
2;social;10;Resettlement governance influences the climate resilience of disaster-displaced communities in Sri Lanka;"Kavitha Vipulananda; Nilupa Herath; Priyan Mendis";;npj Climate Action;2026-09-23;article;https://doi.org/10.1038/s44168-026-00428-5;https://www.nature.com/articles/s44168-026-00428-5_reference.pdf;https://doi.org/10.1038/s44168-026-00428-5;OpenAlex
2;social;10;Understanding the Health Challenges among East African Women in the U.S. with a History of Female Genital Mutilation;"Emmanuel Iyiegbuniwe; Nehmo Hassan; Umulqayr Moalin; Judy Hernández";;ATHENS JOURNAL OF HEALTH & MEDICAL SCIENCES;2026-09-23;article;https://doi.org/10.30958/ajhms.13-3-2;https://doi.org/10.30958/ajhms.13-3-2;https://doi.org/10.30958/ajhms.13-3-2;OpenAlex
2;social;9;A GWAS META-ANALYSIS OF PSYCHOTIC DEPRESSION LEVERAGING HEALTH-RECORD, PRESCRIPTION AND SELF-REPORT DATA;"Isabelle McGrath; PGC-MDD Working Group; Naomi Wray; Mary-Ellen Lynall";;European Neuropsychopharmacology;2026-09-21;review;https://doi.org/10.1016/j.euroneuro.2026.112983;;https://doi.org/10.1016/j.euroneuro.2026.112983;OpenAlex
2;social;9;Age-biased helminth infections uncover hidden migration effects;"Jiljí Sitko; Petr Heneberg";;Parasitology;2026-09-16;article;https://doi.org/10.1017/s0031182026102765;https://www.cambridge.org/core/services/aop-cambridge-core/content/view/D7ED20AC81E303711E690E0ABA33C211/S0031182026102765a.pdf/div-class-title-age-biased-helminth-infections-uncover-hidden-migration-effects-div.pdf;https://doi.org/10.1017/s0031182026102765;OpenAlex
2;social;9;Corruption and leaders’ age;"Kangwook Han; Sung Min Han";;Japanese Journal of Political Science;2026-09-21;article;https://doi.org/10.1017/s1468109926100425;https://www.cambridge.org/core/services/aop-cambridge-core/content/view/E028F174D5C9175CFB828B6B97F438E5/S1468109926100425a.pdf/div-class-title-corruption-and-leaders-age-div.pdf;https://doi.org/10.1017/s1468109926100425;OpenAlex
2;social;9;Decolonizing global health governance through knowledge: a perspective on epistemic governance;"Abeer Ismail; Aya Abu Aqab; Dalal Iriqat";;Frontiers in Public Health;2026-09-24;article;https://doi.org/10.3389/fpubh.2026.1956038;;https://doi.org/10.3389/fpubh.2026.1956038;OpenAlex
2;social;9;Effectiveness, safety, costs, and delivery considerations of exercise-based cardiac rehabilitation in low- and middle-income countries: A systematic review and meta-analysis of randomised controlled trials;"Jamal Uddin; Vicky L Joshi; Mithila Faruque; Saidur Rahman Mashreky; Valerie Wells; Abraham Samuel Babu; Imran B Chaudhry; Gabriela Lima de Melo Ghisi; Taslima Mamataz; Sherry Grace; R. S. Taylor";;European Journal of Preventive Cardiology;2026-09-06;review;https://doi.org/10.1093/eurjpc/zwag460;;https://doi.org/10.1093/eurjpc/zwag460;OpenAlex
2;social;9;FinTech and Good Governance as Catalysts for Financial Sustainability in SSA: Unveiling the Asymmetric Impact of Exchange Rate Volatility;"Md. Qamruzzaman; Abdulateif A. Almulhim; Abdullah A. Aljughaiman; Rajnish Kler";;F1000Research;2026-09-21;article;https://doi.org/10.12688/f1000research.181919.2;;https://doi.org/10.12688/f1000research.181919.2;OpenAlex
2;social;9;Gender and Contraception in Kenya: a Scoping Review;"Simran Suri; Sarah Milton";;Reproductive Health;2026-09-24;article;https://doi.org/10.1186/s12978-026-02443-5;;https://doi.org/10.1186/s12978-026-02443-5;OpenAlex
2;social;9;Geographic variation in migration background and SARS-CoV-2 vaccination uptake in the Madrid region, Spain: an ecological analysis;"Sophie L. Campman; María Dolores Lasheras Carbajo; Anders C. Boyd; Ángeles Gutierrez Rodríguez; Amaya Sánchez-Gómez; Diana Gómez‐Barroso; Maria Prins; Susana Monge";;BMC Public Health;2026-09-21;article;https://doi.org/10.1186/s12889-026-29458-8;;https://doi.org/10.1186/s12889-026-29458-8;OpenAlex
2;social;9;Large language models in healthcare: applications, evaluation frameworks, and governance pathways — a scoping review and multidimensional framework;"João C. Ferreira; Isabel Rosa";;Frontiers in Digital Health;2026-09-18;article;https://doi.org/10.3389/fdgth.2026.1865568;https://www.frontiersin.org/journals/digital-health/articles/10.3389/fdgth.2026.1865568/pdf;https://doi.org/10.3389/fdgth.2026.1865568;OpenAlex
2;social;9;Regional inequality in infant RSV morbidity and mortality burden in the era of expanded RSV passive immunisation: a global projection modelling study;"Shaolong Ren; Bingbing Cong; Jing Zou; Ling Guo; Harish Nair; Erin Sparrow; Daniel R. Feikin; You Li";;EClinicalMedicine;2026-09-23;article;https://doi.org/10.1016/j.eclinm.2026.104219;;https://doi.org/10.1016/j.eclinm.2026.104219;OpenAlex
2;social;9;The Experience of Health Professionals in Healthcare Services for Transgender and Gender-Diverse People: A Systematic Review and Meta-Synthesis;"Manoel Antônio dos Santos; Felipe Gonçalves Campelo; Bruna Bortolozzi Maia; Elaine Campos Guijarro Rodrigues; Érika Arantes de Oliveira‐Cardoso";;International Journal of Environmental Research and Public Health;2026-09-23;review;https://doi.org/10.3390/ijerph23101246;;https://doi.org/10.3390/ijerph23101246;OpenAlex
2;social;9;The Impact of Acculturation on The Mental Health of Arab Americans Living in the United States;"J. A. Rodrigues Carvalho; Darron Garner; Beverly Spears";;Journal of Education & Social Policy;2026-09-13;article;https://doi.org/10.30845/jesp.v13p3;;https://doi.org/10.30845/jesp.v13p3;OpenAlex
2;social;9;The Retention-Migration Paradox: Examining How Career Opportunities and Organizational Justice Shape Brain Drain Intentions;"Muhammad Sarfraz Latif; Raja Abdul Ghafoor Khan; Zoya Noor; Nuri Gassanov";;Journal of Business Insight and Innovation;2026-09-18;article;https://doi.org/10.63544/jbii.v5i9.215;https://insightfuljournals.com/index.php/JBII/article/download/215/367;https://doi.org/10.63544/jbii.v5i9.215;OpenAlex
2;social;9;The governance paradox: Renewable energy, institutional quality, and cross-border CO₂ spillovers in Sub-Saharan Africa;Josephine Andrea Niangue;;Next Sustainability;2026-09-08;article;https://doi.org/10.1016/j.nxsust.2026.100475;https://www.sciencedirect.com/science/article/pii/S2949823626002308/pdf;https://doi.org/10.1016/j.nxsust.2026.100475;OpenAlex
2;social;9;W2. THE ANXIETY OF ASSOCIATION: GWAS, PHEWAS, LABWAS AND GENETIC CORRELATIONS IN SOCIAL ANXIETY DISORDER;"Regan Harle; Kyra Feuer; Makayla Reed; Rachel Kember";;European Neuropsychopharmacology;2026-09-21;article;https://doi.org/10.1016/j.euroneuro.2026.113120;;https://doi.org/10.1016/j.euroneuro.2026.113120;OpenAlex
2;social;9;What shapes generalized and particularized trust worldwide? Population, inequality, migration and media in a global perspective;Hoang Vu Ly;;Journal of International Economics and Management;2026-09-07;article;https://doi.org/10.1108/jiem-04-2026-0072;;https://doi.org/10.1108/jiem-04-2026-0072;OpenAlex
2;social;8;AI, pedagogical judgment, and inequality in teaching and learning in a Global South HE system;"Melina Doargajudhur; Vincent Dutot; Soujata Rughoobur-Seetah; Sanju Naraidoo";;Teaching in Higher Education;2026-09-22;article;https://doi.org/10.1080/13562517.2026.2735426;https://www.tandfonline.com/doi/pdf/10.1080/13562517.2026.2735426?needAccess=true;https://doi.org/10.1080/13562517.2026.2735426;OpenAlex
2;social;8;Anesthesiology Leadership in Global Health Security: Strengthening Perioperative Governance and Resilience;"Indrani Hemantkumar; Rajiv Yeravdekar; Alaka Chandak";;Current anesthesiology reports;2026-09-23;article;https://doi.org/10.1007/s40140-026-00736-w;;https://doi.org/10.1007/s40140-026-00736-w;OpenAlex
2;social;8;Beyond state rescaling? Transcalar experimental governance in Guangdong-Macao In-Depth Cooperation Zone, Hengqin;"Jiaying Xue; John Harrison; Michael Hoyler";;Transactions in Planning and Urban Research;2026-09-07;article;https://doi.org/10.1177/27541223261485071;;https://doi.org/10.1177/27541223261485071;OpenAlex
2;social;8;Central bank independence and export intensity: Do interactive effects of digitalisation and governance quality matter in Sub-Saharan Africa?;"Tukur Garba; Bashir Achida Mohammed; Mustapha Muktar; Mansur Idris";;Central Bank Review;2026-09-12;article;https://doi.org/10.1016/j.cbrev.2026.100280;;https://doi.org/10.1016/j.cbrev.2026.100280;OpenAlex
2;social;8;Fertility concerns among people living with HIV: a systematic review and meta-synthesis;"Jinhu Miao; Yuning Wang; Yuning Wang; Jie Chen; Qunfen Tao; Wenjuan Jia; Yalan Wang; Yalan Wang";;AIDS Care;2026-09-20;review;https://doi.org/10.1080/09540121.2026.2708499;;https://doi.org/10.1080/09540121.2026.2708499;OpenAlex
2;social;8;MULTI-ANCESTRY GWAS OF GENERALIZED ANXIETY DISORDER IN THE MILLION VETERAN PROGRAM;"Priya Gupta; Murray B. Stein; Gelernter Joel; Daniel Levey";;European Neuropsychopharmacology;2026-09-21;article;https://doi.org/10.1016/j.euroneuro.2026.112947;;https://doi.org/10.1016/j.euroneuro.2026.112947;OpenAlex
2;social;8;Mutual Suspicion: Race, Corruption and Humanitarianism in Eastern DR Congo;Myfanwy James;;Ethnos;2026-09-17;article;https://doi.org/10.1080/00141844.2026.2706823;https://www.tandfonline.com/doi/pdf/10.1080/00141844.2026.2706823?needAccess=true;https://doi.org/10.1080/00141844.2026.2706823;OpenAlex
2;social;8;Profiles of clinical service use for suicide ideation and suicide attempts across Australian cultural and linguistic groups: a latent class analysis using data from the National Study of Mental Health and Wellbeing (2020–2022);"Gowri Rajaram; Jo Robinson; Katrina Witt";;Social Psychiatry and Psychiatric Epidemiology;2026-09-07;article;https://doi.org/10.1007/s00127-026-03144-x;https://link.springer.com/content/pdf/10.1007/s00127-026-03144-x.pdf;https://doi.org/10.1007/s00127-026-03144-x;OpenAlex
2;social;8;Recontextualising migration: decolonial insights from a postcolonial African novel;Fabiana D’Ascenzo;;Social & Cultural Geography;2026-09-16;article;https://doi.org/10.1080/14649365.2026.2733178;https://www.tandfonline.com/doi/pdf/10.1080/14649365.2026.2733178?needAccess=true;https://doi.org/10.1080/14649365.2026.2733178;OpenAlex
2;social;8;Reforming for resilience: The US FEMA Reform Act in the context of G20 disaster governance;"Lata Shintre; Fadi Issa; Attila Julius Hertelendy; Cara Taubman; Anaya Shintre; Arav Shintre; Hadi Eissa Alali; Amalia Voskanyan; Gregory R. Ciottone";;Journal of Emergency Management;2026-09-11;article;https://doi.org/10.5055/jem.1009;;https://doi.org/10.5055/jem.1009;OpenAlex
2;social;8;Rent-seeking, Income Inequality and Brain Drain: An Empirical Investigation for the MENA Region;"Louis Jaeck; Hajer Kratou";;Atlantic Economic Journal;2026-09-15;article;https://doi.org/10.1007/s11293-026-09861-7;;https://doi.org/10.1007/s11293-026-09861-7;OpenAlex
2;social;8;SEPARATING DEPRESSION FROM ADHD: IMPROVING GENOMIC LOCUS DISCOVERY AND SPECIFITY IN DSM-DEFINED MAJOR DEPRESSIVE DISORDER USING GENOMIC STRUCTURAL EQUATION MODELLING;"Giuseppe Pierpaolo Merola; Rujia Wang; Floris Huider; Johan Zvrskovec; Madhurbain Singh; Jodi Thomas; Alex Kwong; Mark Adams; Andrew McIntosh; Roseann E. Peterson; Jonathan Coleman; Brittany Mitchell; Dorret Boomsma; Gerome Breen";;European Neuropsychopharmacology;2026-09-21;article;https://doi.org/10.1016/j.euroneuro.2026.112985;;https://doi.org/10.1016/j.euroneuro.2026.112985;OpenAlex
2;social;8;The Paradox of Proximity: Artificial Intelligence, Gender, and the Cultural Fractures of Care in Later Life;"Ikeorji Rita Chika; Ramsey-Soroghaye Blessing";;DOAJ (DOAJ: Directory of Open Access Journals);2026-09-21;article;https://doi.org/10.5281/zenodo.22870352;;https://doaj.org/article/a70030d178194ff0bd9dede86045cc68;OpenAlex
2;social;7;Affiliate stigma among family caregivers of people living with HIV/AIDS: a concept analysis;"Chuying Chen; Zhongfang Yang; Hongli Yang; Shixiao Zhang; Jiahong Ling; Xingying Zhao; Yanfen Fu";;AIDS Care;2026-09-15;article;https://doi.org/10.1080/09540121.2026.2727775;;https://doi.org/10.1080/09540121.2026.2727775;OpenAlex
2;social;7;African Irregular Migration to Europe: Implications for Global Security and Social Stability;Adams Adah Otakwu;;Journal of Multidisciplinary Academic and Practice Studies;2026-09-18;article;https://doi.org/10.35912/jomaps.v4.n4.p219-233.2026;https://goodwoodpub.com/index.php/jomaps/article/download/4547/2009;https://doi.org/10.35912/jomaps.v4.n4.p219-233.2026;OpenAlex
2;social;7;Boiling point: climate crisis, conflict and peacebuilding in Botswana’s vulnerable landscapes;"Malatsi Seleka; Maduo Mpolokang";;Conflict Security and Development;2026-09-08;article;https://doi.org/10.1080/14678802.2026.2731214;;https://doi.org/10.1080/14678802.2026.2731214;OpenAlex
2;social;7;Design, development, and evaluation of STI Shield: A multi-chatbot mobile application for sexual health education and behavior change in African young adults;"Hemad Fetrati; Gerry Chan; Rita Orji";;International Journal of Human-Computer Studies;2026-09-11;article;https://doi.org/10.1016/j.ijhcs.2026.103944;;https://doi.org/10.1016/j.ijhcs.2026.103944;OpenAlex
2;social;7;Digital Connectivity and Socio-Economic Development: Evidence from South Asia;"Zinaz Aisha; Hina Ali; Pinky Shaukat";;Journal of Business Insight and Innovation;2026-09-06;article;https://doi.org/10.63544/jbii.v5i9.197;https://insightfuljournals.com/index.php/JBII/article/download/197/329;https://doi.org/10.63544/jbii.v5i9.197;OpenAlex
2;social;7;Framing modernity: gender, vision, and colonial ideology in Le Corbusier’s visual rhetoric;Hasan Doğan;;Visual Studies;2026-09-17;article;https://doi.org/10.1080/1472586x.2026.2728641;;https://doi.org/10.1080/1472586x.2026.2728641;OpenAlex
2;social;7;Spain’s Migration Policies: Building Bridges or Burning Them?;"Indhira García Belda; María Ángeles Alaminos; Gloria Fernández-Pacheco Alises";;Journal of Asian and African Studies;2026-09-21;article;https://doi.org/10.1177/00219096261479970;;https://doi.org/10.1177/00219096261479970;OpenAlex
2;social;6;Determinants of Parental Immunization Decisions in Africa: Poverty, Education, Healthcare Access, and Community Awareness - A Systematic Review;"Kofi Acquah; Kobina Andoh Acquah";;International Journal For Multidisciplinary Research;2026-09-12;review;https://doi.org/10.36948/ijfmr.2026.v08i05.87359;https://www.ijfmr.com/papers/2026/5/87359.pdf;https://doi.org/10.36948/ijfmr.2026.v08i05.87359;OpenAlex
2;social;6;Everyday Environmentalism in a High-Density Migrant Neighbourhood: Social Norms, Place Attachment and the Spatial Structure of Pro-Environmental Behaviour in Hor Al Anz, Dubai;Omar Ibrahim AlBastaki;;Emirati Journal of Civil Engineering and Applications;2026-09-14;article;https://doi.org/10.54878/fwf83r02;https://emiratesscholar.com/directory/index.php/ejcea/article/view/1349/828;https://doi.org/10.54878/fwf83r02;OpenAlex
2;social;6;Governance, Delivery Systems, and Social Spending Effectiveness in Morocco: A Conceptual and Comparative Policy Analysis;"Abdelghni El Amoumri; Madani Ahmiddouch";;Society;2026-09-24;article;https://doi.org/10.1007/s12115-026-01316-8;;https://doi.org/10.1007/s12115-026-01316-8;OpenAlex
2;social;6;Interventions or strategies to improve access to mental health services among Black African immigrants in high-income host countries: a scoping review protocol.;"Temitope K. Gold; Joana Velasquez; Jason T. Slyer";;PubMed;2026-09-07;article;https://doi.org/10.11124/jbies-25-00573;;https://pubmed.ncbi.nlm.nih.gov/42708832;OpenAlex
2;social;6;Land Governance Challenges and Informal Urban Expansion in Malawi's Secondary Cities: A Spatial Analysis of Mzuzu;Japhet Khendlo;;Preprints.org;2026-09-10;preprint;https://doi.org/10.20944/preprints202609.0811.v1;;https://doi.org/10.20944/preprints202609.0811.v1;OpenAlex
2;social;6;Oye Gureje: shaping robust mental health services across Africa;Jules Morgan;;The Lancet Psychiatry;2026-09-09;article;https://doi.org/10.1016/s2215-0366(26)00230-0;;https://doi.org/10.1016/s2215-0366(26)00230-0;OpenAlex
2;social;6;Parental Anxiety and Stress in the Novel, The Vendor of Sweets;Kusuma M.;;Journal of Psychology and Social Sciences;2026-09-22;article;https://doi.org/10.61994/jpss.v4i4.2138;https://jurnal.dokicti.org/index.php/JPSS/article/download/2138/1358;https://doi.org/10.61994/jpss.v4i4.2138;OpenAlex
2;social;6;The Production Process of Gold Mining, Corruption, Weak Regulatory Institutions, and Development in Cameroon;"J. Ndumbe Anyu; Samuel Belsham Moki";;Advances in Social Sciences Research Journal;2026-09-21;article;https://doi.org/10.14738/assrj.1309.12206;https://scholarpublishing.org/journals/index.php/ASSRJ/article/download/12206/12310;https://doi.org/10.14738/assrj.1309.12206;OpenAlex
2;social;6;‘Bump them up! Just give them a chance!’ Gender, Ethos and Collective Filmmaking in South Africa;"Patricia Caillé; Anna-Marie Jansen van Vuuren";;Nouveaux cahiers de Marge;2026-09-24;article;https://doi.org/10.35562/marge.1384;;https://doi.org/10.35562/marge.1384;OpenAlex
2;social;5;A recurrent rapid North Atlantic transport pathway facilitates Saharan dust delivery to the Arctic;"Denghui Ji; Xiaoyu Sun; Justus Notholt";;;2026-09-21;preprint;https://doi.org/10.5194/egusphere-2026-5182;https://egusphere.copernicus.org/preprints/2026/egusphere-2026-5182/egusphere-2026-5182.pdf;https://doi.org/10.5194/egusphere-2026-5182;OpenAlex
2;social;5;Advances in automated governance: Mitigating operational and systemic risks in multi-country delivery networks;"Ngonadi Uchechi; Michael Ominyi; Cyril Chimelie Anichukwueze; Blessing Chika Jones";;Gulf Journal of Advance Business Research;2026-09-09;article;https://doi.org/10.51594/gjabr.v4i4.218;https://www.fegulf.com/index.php/gjabr/article/download/218/235;https://doi.org/10.51594/gjabr.v4i4.218;OpenAlex
2;social;5;Colorism and the Moroccan COMPLEX(ION), Qahwi/Qahwia: Gender, Class, and the Rise of a Moroccan Social Media Slur;"Moussaab Nejd; OUIAM OUSMOUGUEN";;;2026-09-24;preprint;https://doi.org/10.33767/osf.io/zd5vk_v1;;https://doi.org/10.33767/osf.io/zd5vk_v1;OpenAlex
2;social;5;Forced migration in Africa: a challenge to development;Egide Rwamatwara;;University of Vienna;2026-09-09;article;https://doi.org/10.25365/phaidra.1072_08;;https://doi.org/10.25365/phaidra.1072_08;OpenAlex
2;social;5;From Proposal to Practice: The Evolution of the International Anti-Corruption Court Movement;"Thabang Moloi; Ruth Kolevsohn";;Strategic Review for Southern Africa;2026-09-14;article;https://doi.org/10.35293/srsa.v48i1.7479;https://upjournals.up.ac.za/index.php/strategic_review/article/download/7479/5341;https://doi.org/10.35293/srsa.v48i1.7479;OpenAlex
2;social;5;From Regional to Global: Transfer Learning for Atmospheric Transport Emulators;"Jeff Clark; Elena Fillola; Nawid Keshtmand; Raul Santos-Rodriguez; M. J. Rigby";;arXiv (Cornell University);2026-09-20;preprint;https://doi.org/10.48550/arxiv.2609.23838;https://arxiv.org/pdf/2609.23838;https://arxiv.org/abs/2609.23838;OpenAlex
2;social;5;G20 AFRICAN UNION MEMBERSHIP AND ITS IMPLICATIONS FOR GLOBAL ECONOMIC GOVERNANCE;Vimal Kar Rai;;ShodhSamajik Journal of Social Studies;2026-09-15;article;https://doi.org/10.29121/shodhsamajik.v3.i2.2026.158;https://shodhsamajik.com/shodhsamajik/article/download/158/184;https://doi.org/10.29121/shodhsamajik.v3.i2.2026.158;OpenAlex
2;social;5;Gender, Voice and Linguistic Agency in Cameroonian Women’s writing: A Study of Margaret Afuh’s Born before her time and Sarah Anyang Agbor’s Echoes within;Manjo Gladys Bimeh;;Global Academic Journal of Linguistics and Literature;2026-09-09;article;https://doi.org/10.36348/gajll.2026.v08i05.001;https://www.gajrc.com/media/articles/GAJLL_85_101-108.pdf;https://doi.org/10.36348/gajll.2026.v08i05.001;OpenAlex
2;social;5;Mental Health Promotion Among Black, Caribbean, and African Immigrants in Canada: Protocol for a Scoping Review.;"Noah Boakye-Yiadom; Rita Yembilah; Bukola O. Salami";;PubMed;2026-09-04;article;https://doi.org/10.2196/88586;;https://pubmed.ncbi.nlm.nih.gov/42696711;OpenAlex
2;social;5;Pathways to Mental Health Care: A Narrative Review of Psychiatric, Traditional and Faith-based Healing Outcomes in African Communities;"Oladapo Fatimah Abidemi; Olanrewaju Kolawole; Sunmisola V. Eweje; Busari Hammed A.; Lamina Ifeoluwa Ayotunde; Jagun Aisha; Agbor Precious; Akinjare David Ayomide; Benyeogor Goodwill";;;2026-09-10;review;https://doi.org/10.13140/rg.2.2.13353.35689;;https://doi.org/10.13140/rg.2.2.13353.35689;OpenAlex
2;social;5;Structural Transformation, Productivity Growth, and Sustainable Development in Emerging Economies;"Aamir Sohail; Mamoona Altaf; Ayesha Rasheed; Sidra Mariyam; Saira Baloch";;Inverge Journal of Social Sciences;2026-09-19;article;https://doi.org/10.63544/ijss.v5i5.336;https://invergejournals.com/index.php/ijss/article/download/336/580;https://doi.org/10.63544/ijss.v5i5.336;OpenAlex
2;social;5;Technological transport-adjusted environmental Kuznets curve dynamics: New insights for global carbon emission mitigation;"Muhammad Javeed Akhter; Nabila Asghar; Hafeez ur Rehman; Muhammad Asif Amjad";;International Journal of Business and Economic Studies;2026-09-11;article;https://doi.org/10.54821/bes.1936752;https://dergipark.org.tr/en/download/article-file/5943609;https://doi.org/10.54821/bes.1936752;OpenAlex
2;social;4;Bamboo for Climate-Resilient Livelihoods: Lessons from Ethiopia's Bamboo Development From Groves to Green Jobs: Innovative Bamboo Business Models and Policy Pathways for Climate-Resilient Youth Employment in Africa;Zenebe Mekonnen;;;2026-09-16;article;https://doi.org/10.13140/rg.2.2.30679.43680;;https://doi.org/10.13140/rg.2.2.30679.43680;OpenAlex
2;social;4;Between Mandate and Mission: Bureaucratic Governance, Institutional Autonomy, and Digital Transformation in Algerian Higher Education and Research;Youcef J-T. Zidane;;;2026-09-24;article;https://doi.org/10.13140/rg.2.2.10733.55525;;https://doi.org/10.13140/rg.2.2.10733.55525;OpenAlex
2;social;4;Decolonizing Digital Platforms: Post‑ and Decolonial Critiques of North-South Power, Inequality, and Social Transformation in the 21st Century;"Bahram Kazemian; Shafigeh Mohammadian";;Research Square;2026-09-11;preprint;https://doi.org/10.21203/rs.3.rs-10750564/v1;https://www.researchsquare.com/article/rs-10750564/latest.pdf;https://doi.org/10.21203/rs.3.rs-10750564/v1;OpenAlex
2;social;4;Digital Governance in Algerian Higher Education and Research Institutions: A Comparative Analysis of Infrastructure, Barriers, and Strategic Priorities;Youcef J-T. Zidane;;;2026-09-24;article;https://doi.org/10.13140/rg.2.2.14088.99845;;https://doi.org/10.13140/rg.2.2.14088.99845;OpenAlex
2;social;4;"Environmental, social and governance (ESG) emerging trends in the Middle East and North Africa (MENA) region; reflections from senior practitioners";"Andrew Mackenzie; Matthew Brown";;Management & Sustainability An Arab Review;2026-09-09;article;https://doi.org/10.1108/msar-08-2025-0312;;https://doi.org/10.1108/msar-08-2025-0312;OpenAlex
2;social;4;Event-Related Changes in Personality Traits, Life Satisfaction, and Mental Health: Evidence from a 4-Year Longitudinal Study in sub-Saharan Africa;"Peter Haehner; Tracey-Ann Adonis; Stephen Asatsa; Maria Florence; Tasneem Hassem; Daniel V. Hofmann; Christopher J Hopwood; Marie Kura; Sumaya Laher; Luzelle Naudé; Elizabeth N. Shino; Selma N Uugwanga; Amber G Thalmayer";;;2026-09-24;article;https://doi.org/10.13140/rg.2.2.36109.09440;;https://doi.org/10.13140/rg.2.2.36109.09440;OpenAlex
2;social;4;Governance of Mangrove Conservation in the Democratic Republic of Congo: Pathways Toward Participatory and Climate-Finance Opportunities Management of the Parc Marin des Mangroves;Elie Nsimba Ngembo;;;2026-09-11;article;https://doi.org/10.13140/rg.2.2.34670.57923;;https://doi.org/10.13140/rg.2.2.34670.57923;OpenAlex
2;social;4;Introduction: African migrations.;Veronika Bilger (Department of African Studies, Faculty of Philological and Cultural Studies, University of Vienna);;University of Vienna;2026-09-09;article;https://doi.org/10.25365/phaidra.1072_01;;https://doi.org/10.25365/phaidra.1072_01;OpenAlex
2;social;4;Practical Fairness Constraints in Credit Scoring for Unbanked Populations: A Pareto-Optimal Analysis of Gender and Intersectional Disparities;"Muadh Olamilekan Abdullateef; Nguyen Anh Van Trang";;Research Square;2026-09-04;preprint;https://doi.org/10.21203/rs.3.rs-10842030/v1;https://www.researchsquare.com/article/rs-10842030/latest.pdf;https://doi.org/10.21203/rs.3.rs-10842030/v1;OpenAlex
2;social;4;Research Ethics Committees, Community Engagement, and Artificial Intelligence: A Systematic Review of Readiness, Capacity, and Governance in Africa. (Preprint);"Sidney Sangong; Oluwaseun Adebayo Adewunmi; Basile Njei; Luchuo Engelbert Bain";;;2026-09-09;preprint;https://doi.org/10.2196/preprints.111596;;https://doi.org/10.2196/preprints.111596;OpenAlex
2;social;4;The Silent Migration Theory (Revised): Climate, Scarcity, and Geographic Access from Out-of-Africa to the Holocene;Sayantan Roy;;;2026-09-07;article;https://doi.org/10.13140/rg.2.2.16590.83527;;https://doi.org/10.13140/rg.2.2.16590.83527;OpenAlex
2;social;4;“A Tilt Between Justice and Total Depravity”: The Criminalization of Black Women and the Expansion of Carceral Space in Detroit;Bonnie Ernst;;The Journal of the Gilded Age and Progressive Era;2026-09-23;article;https://doi.org/10.1017/s1537781426101674;;https://doi.org/10.1017/s1537781426101674;OpenAlex
2;hors domaines;7;Circulation of avian influenza viruses in migratory birds in Europe and in Africa: a systematic review;"Baptiste Defaye; Maeva Lamarque; Jérôme Moreau; Thibaut Gellé; Christine Imbert; Denis Malvy; Laurence Delhaès; Aurelién Mercier; Sébastien Hantz; on the behalf of the EMERG Consortium";;Emerging Microbes & Infections;2026-09-17;review;https://doi.org/10.1080/22221751.2026.2728774;https://www.tandfonline.com/doi/pdf/10.1080/22221751.2026.2728774?needAccess=true;https://doi.org/10.1080/22221751.2026.2728774;OpenAlex
2;hors domaines;7;Toxicology service readiness across the Middle East and North Africa: a systematic review with narrative synthesis;"Waheeb Nasr Naser; Fadl Al Tairy; Wadah Musaed; Mohammed Abdurabu; Waleed Salem";;Toxicology Communications;2026-09-22;review;https://doi.org/10.1080/24734306.2026.2735511;https://www.tandfonline.com/doi/pdf/10.1080/24734306.2026.2735511?needAccess=true;https://doi.org/10.1080/24734306.2026.2735511;OpenAlex
2;hors domaines;7;A Systematic Review of β-Lactamase and Carbapenemase-Producing Escherichia coli at the Animal–Food Interface in the Middle East and North Africa;"Hamid Reza Sodagari; Ihab Habib";;Veterinary Sciences;2026-09-20;review;https://doi.org/10.3390/vetsci13090994;;https://doi.org/10.3390/vetsci13090994;OpenAlex
2;hors domaines;7;Explainable machine learning for predicting treatment outcomes in female genital schistosomiasis and HIV co-morbidity: a narrative review and translational framework;"David Chinaecherem Innocent; Rejoicing Chijindum Innocent; Increase Praise Innocent";;Frontiers in Tropical Diseases;2026-09-11;review;https://doi.org/10.3389/fitd.2026.1894145;https://www.frontiersin.org/journals/tropical-diseases/articles/10.3389/fitd.2026.1894145/pdf;https://doi.org/10.3389/fitd.2026.1894145;OpenAlex
2;hors domaines;7;Teachers and Generative AI: A Systematic Review of Adoption, Competence, Professional Development, and Socio-Technical Experiences;"Sara Ayubian; Génesis Aguilar Chávez; Ernestina Wiafe; Vajiheh Shahsavari; Nelofar Khamisani; Noor Us Subah Quidwai; Dillon Simmons; Ambyr Rios; Farhan Sadique; J. Spencer Clark";;Education Sciences;2026-09-14;review;https://doi.org/10.3390/educsci16091501;;https://doi.org/10.3390/educsci16091501;OpenAlex
2;hors domaines;7;Obstructive sleep apnoea and glucose dysregulation in type 2 diabetes: a systematic review of the literature;"Karlygash Shinalieva; Marina Ivanova; Serik Irimbetov; Telman Z. Seisembekov";;Frontiers in Medicine;2026-09-07;review;https://doi.org/10.3389/fmed.2026.1915032;https://www.frontiersin.org/journals/medicine/articles/10.3389/fmed.2026.1915032/pdf;https://doi.org/10.3389/fmed.2026.1915032;OpenAlex
2;hors domaines;7;Antimicrobial Use in Dromedary Camels: Off-Label Practices, Welfare Implications, and Antimicrobial Resistance Within a One Health Framework—A Narrative Review;"Aftab Shaukat; Illahi Bakhash Marghazani; Abdulrahman A Alkheraif; Mohamed Tharwat";;Veterinary Sciences;2026-09-14;review;https://doi.org/10.3390/vetsci13090959;;https://doi.org/10.3390/vetsci13090959;OpenAlex
2;hors domaines;7;Systematic review of clinical guidance for lipid management in adults with or at risk of atherosclerotic cardiovascular disease: A global perspective;"Katherine G. Akers; Kara Nguyen; Andrew M. Frederickson; Lori D. Bash; Xuehua Ke; Shaun G. Goodman";;International Journal of Cardiology Cardiovascular Risk and Prevention;2026-09-17;review;https://doi.org/10.1016/j.ijcrp.2026.200710;https://www.sciencedirect.com/science/article/pii/S2772487526001406/pdf;https://doi.org/10.1016/j.ijcrp.2026.200710;OpenAlex
2;hors domaines;7;Systematic review of green finance and the green economy towards SDG 7: a TCCM and bibliometric analysis;"Prince Singh; Pabitra Kumar Jena; Bikash Ranjan Mishra; Bright Akwasi Gyamfi; Tania Dehury";;Humanities and Social Sciences Communications;2026-09-22;review;https://doi.org/10.1057/s41599-026-08824-2;https://www.nature.com/articles/s41599-026-08824-2_reference.pdf;https://doi.org/10.1057/s41599-026-08824-2;OpenAlex
2;hors domaines;7;Global spatiotemporal patterns of bovine mastitis pathogens from 2000 to 2025: a meta-analysis for precision dairy health;"Kai Yang; Guiqiu Hu; Zimo Pei; Meng Lan; Yu Cao; Xuanting Liu; Juxiong Liu; Dewei He; Wenjin Guo; Shoupeng Fu";;Journal of Animal Science and Biotechnology/Journal of animal science and biotechnology;2026-09-09;review;https://doi.org/10.1186/s40104-026-01488-7;https://link.springer.com/content/pdf/10.1186/s40104-026-01488-7.pdf;https://doi.org/10.1186/s40104-026-01488-7;OpenAlex
2;hors domaines;7;An updated estimate of the proportion of neurocysticercosis among people with epileptic seizures: a systematic review and Bayesian meta-analysis;"MOHAMMAD SHAH JALAL; Orane Figuet; Katrina Di Bacco; Marine Hubert; Sophie Adame; Dominik Stelzle; Andrea S. Winkler; Christine M. Budke; Hélène Carabin";;Infectious Diseases of Poverty;2026-09-10;review;https://doi.org/10.1186/s40249-026-01501-1;https://link.springer.com/content/pdf/10.1186/s40249-026-01501-1.pdf;https://doi.org/10.1186/s40249-026-01501-1;OpenAlex
2;hors domaines;7;Prevalence of Radix Entomolaris in Permanent Mandibular First Molars Among the Saudi Population: A Systematic Review and Meta-Analysis;"Muhannad M. Hakeem; Abdulmajeed Abdulaziz Baik; Badr O. Alahmadi; Abdulmajid Faisal Alyas; Radwan Algabri; Ahmed Yaseen Alqutaibi";;European Endodontic Journal;2026-09-22;review;https://doi.org/10.65717/eej.2026.26071;https://eurendodj.com/index.php/pub/article/download/439/480;https://doi.org/10.65717/eej.2026.26071;OpenAlex
2;hors domaines;6;Spatial effects of defense spending on social welfare in West Africa;Tiraogo Rodrigue Ouedraogo;;Cogent Social Sciences;2026-09-15;article;https://doi.org/10.1080/23311886.2026.2732513;;https://doi.org/10.1080/23311886.2026.2732513;OpenAlex
2;hors domaines;6;Decarbonizing Sub-Saharan Africa: the role of ESG engagement in reducing corporate carbon emissions;"Hussaini Bala; Abdulaziz S. Al Naim; Abdulrahman Alomair";;Carbon Balance and Management;2026-09-18;article;https://doi.org/10.1186/s13021-026-00510-9;;https://doi.org/10.1186/s13021-026-00510-9;OpenAlex
2;hors domaines;6;Beyond Coping: Spirituality as an Interpretive and Reparative Knowledge System Among Sub-Saharan African Immigrants in Québec;Diahara Traoré;;Religions;2026-09-24;article;https://doi.org/10.3390/rel17101121;;https://doi.org/10.3390/rel17101121;OpenAlex
2;hors domaines;6;Machine Learning-Based Reconstruction of Missing Meteorological Observations Using Reanalysis and Satellite Data in West Africa;"Marcel Jocelyn Wendemi Michaelange Toe; Belko Aboul Aziz Diallo; Adeshina Kamil Sanoussi; Valentin Ouédraogo; Samuel S. Guug; Kehinde.O. Ogunjobi; Hamadou Barro; Adolphe Avocanh; Hermann Hien; Michael Ayamba";;Atmosphere;2026-09-09;article;https://doi.org/10.3390/atmos17090884;;https://doi.org/10.3390/atmos17090884;OpenAlex
2;hors domaines;6;Emergence of Genotype 2.3.1 Multidrug-Resistant Salmonella enterica Serovar Typhi Strain, West Africa, 2021–2025;"Elisabeth Njamkepo; María Pardos de la Gándara; Carolina Silva Nodari; Alexandra Moura; François‐Xavier Weill";;Emerging infectious diseases;2026-09-21;article;https://doi.org/10.3201/eid3210.260813;;https://doi.org/10.3201/eid3210.260813;OpenAlex
2;hors domaines;6;Twenty Years of Satellite Observations Reveal a Shift in the Diurnal Trend of Dust Optical Depth Over West Africa;"Xiaohan Li; Paul A. Ginoux";;Geophysical Research Letters;2026-09-11;article;https://doi.org/10.1029/2026gl124267;https://onlinelibrary.wiley.com/doi/pdfdirect/10.1029/2026GL124267;https://doi.org/10.1029/2026gl124267;OpenAlex
2;hors domaines;6;Differential glycosylation in the envelope glycoprotein enhances DC-SIGN-mediated cell entry of the West African Ebolavirus Makona;"Juan García-Bernalt Diego; Fátima Lasala; Joanna Luczkowiak; Clara Delaunay; María A. Noriega; Óscar Malvar; Michel Thépaut; Gonzalo Rivas; Franck Fieschi; Ángeles Canales; José M. Casasnovas; Rafael Delgado";;Emerging Microbes & Infections;2026-09-22;article;https://doi.org/10.1080/22221751.2026.2732697;https://www.tandfonline.com/doi/pdf/10.1080/22221751.2026.2732697?needAccess=true;https://doi.org/10.1080/22221751.2026.2732697;OpenAlex
2;hors domaines;6;Association between male absence and women’s reproductive autonomy in sub-Saharan Africa: A cross-sectional analysis of Demographic and Health Survey Data;"Alex Bawuah; Ruth O. Ejiwale; Sylvester Reuben Okeke; Deborah Oluwatosin Okeke-Obayemi; Sanni Yaya";;PLOS Global Public Health;2026-09-15;article;https://doi.org/10.1371/journal.pgph.0007255;;https://doi.org/10.1371/journal.pgph.0007255;OpenAlex
2;hors domaines;6;China’s Tariff “Zeroing” toward Africa: Trajectory, Considerations, and Prospects — A Study from an African Perspective;Kaze Armel;;Chinese Journal of International Review;2026-09-04;article;https://doi.org/10.1142/s2630531326500125;;https://doi.org/10.1142/s2630531326500125;OpenAlex
2;hors domaines;6;Wildfire exposure and political participation in Africa;"Siyuan Chen; Michael Akwasi Appiah-Kubi; Lina Meng; Pengfei Liu; Lu Lin";;Nature Communications;2026-09-12;article;https://doi.org/10.1038/s41467-026-77404-4;https://www.nature.com/articles/s41467-026-77404-4_reference.pdf;https://doi.org/10.1038/s41467-026-77404-4;OpenAlex
2;hors domaines;6;Transcriptional architecture of African swine fever virus;"Guiqian Wang; Pengfei Li; Xinglin He; Hua Cao; Ahmed H. Ghonaim; Shengnan Ruan; Xuexiang Yu; Jiaru Zhou; Hongmei Zhu; Mengjia Zhang; Anan Jongkaewwattana; Guiqing Peng; Qigai He; Wentao Li";;PLoS Pathogens;2026-09-23;article;https://doi.org/10.1371/journal.ppat.1014617;https://journals.plos.org/plospathogens/article/file?id=10.1371/journal.ppat.1014617&type=printable;https://doi.org/10.1371/journal.ppat.1014617;OpenAlex
2;hors domaines;6;The Impact of China in the Perspectives of Structural Transformation of Africa;Artur Colom Jaén;;Cadernos de Estudos Africanos;2026-09-07;article;https://doi.org/10.15847/cea51.49263;https://revistas.rcaap.pt/cea/article/download/49263/32916;https://doi.org/10.15847/cea51.49263;OpenAlex
2;hors domaines;6;Underrepresentation of African surveillance data in global arbovirus modeling;Rosheen Mthawanji;;Frontiers in Tropical Diseases;2026-09-24;article;https://doi.org/10.3389/fitd.2026.1894025;;https://doi.org/10.3389/fitd.2026.1894025;OpenAlex
2;hors domaines;6;African swine fever control in the context of endemic persistence;"Susanne Küker; Dirk U. Pfeiffer; Ulrich Kihm; Patrik Buholzer";;Frontiers in Veterinary Science;2026-09-10;article;https://doi.org/10.3389/fvets.2026.1891840;https://www.frontiersin.org/journals/veterinary-science/articles/10.3389/fvets.2026.1891840/pdf;https://doi.org/10.3389/fvets.2026.1891840;OpenAlex
2;hors domaines;6;Behind the Scenes: The ‘Angolan Geological Mission’ (1921–2026) and the Geological Mapping of Africa;"José Manuel Brandão; Pedro M. Callapez; Fernando Carlos Lopes";;Geosciences;2026-09-23;article;https://doi.org/10.3390/geosciences16100388;;https://doi.org/10.3390/geosciences16100388;OpenAlex
2;hors domaines;6;‘PePApipe’: A complete bioinformatics analysis pipeline for African Swine Fever Virus genome;"Vicente Lopez-Chavarrias; Irene Aldea; Jovita Fernández-Piñero";;PLoS ONE;2026-09-10;article;https://doi.org/10.1371/journal.pone.0356006;https://journals.plos.org/plosone/article/file?id=10.1371/journal.pone.0356006&type=printable;https://doi.org/10.1371/journal.pone.0356006;OpenAlex
2;hors domaines;6;Spatial spillovers and quantile heterogeneity: Rethinking regional policy for subnational convergence in Africa;"Karim Nchare; Selene Yandan Wang";;Regional Science Policy & Practice;2026-09-10;article;https://doi.org/10.1016/j.rspp.2026.100346;https://www.sciencedirect.com/science/article/pii/S1757780226000673/pdf;https://doi.org/10.1016/j.rspp.2026.100346;OpenAlex
2;hors domaines;6;Comparative lipidomic profiling of African trypanosomes reveals metabolic distinctions impacting pan-species drug development;"Emily A. Dickie; Stefan K. Weidt; Jennifer Haggarty; Gavin J. Blackburn; Mary K. Doherty; Ryan Ritchie; Edith Paxton; Simon Young; Phillip D. Whitfield; Terry Smith; Liam J. Morrison; Michael P. Barrett; Pieter C. Steketee";;PLoS neglected tropical diseases;2026-09-24;article;https://doi.org/10.1371/journal.pntd.0014771;;https://doi.org/10.1371/journal.pntd.0014771;OpenAlex
2;hors domaines;6;The impact of economic growth, foreign direct investment, and trade openness on environmental quality in Africa;"Ishiaka Adamu; Sirajuddin Arabzada; Fajar Hirawan";;Croatian Operational Research Review;2026-09-21;article;https://doi.org/10.17535/crorr.2027.0006;;https://doi.org/10.17535/crorr.2027.0006;OpenAlex
2;hors domaines;6;Molecular Characterisation of the Romanian African Swine Fever Virus p72 and B602L Genetic Markers;"Maria Rodica Gurău; Georgeta Ștefan; Alexandru Gligor; Sonia-Lucreția Beșleagă; Florica Bărbuceanu; Stelian Bărăităreanu; Elena Negru; Doru Valentin Hristescu; Vlad B. Vuta; Monica Muțiu; Daniel Nicolae Donescu; I. Iancu; Viorel Herman; L. Costinar; Corina Pascu; Doina Daneș";;Veterinary Sciences;2026-09-22;article;https://doi.org/10.3390/vetsci13100997;;https://doi.org/10.3390/vetsci13100997;OpenAlex
2;hors domaines;6;A859L Plays a Critical Role in Facilitating Efficient African Swine Fever Virus Replication;"Xiangtao Zhu; Hongyu Yan; Wanhui Zhou; Haiyu Su; Xiumei Huang; Chongxian Deng; Yuxing Li; Yali Wang; Yanyan Chang; Wenping Yang; Haixue Zheng";;Viruses;2026-09-24;article;https://doi.org/10.3390/v18101059;;https://doi.org/10.3390/v18101059;OpenAlex
2;hors domaines;6;Evidence-informed trial recruitment planning: an integrative review of infectious disease trials in Africa;"Kevin E. Cevasco; Courtney Pyche; Samantha Andritsch; Kelsey Ngo; Alexandra G. Fulda; Michael E. von Fricken";;Trials;2026-09-18;article;https://doi.org/10.1186/s13063-026-10000-5;;https://doi.org/10.1186/s13063-026-10000-5;OpenAlex
2;hors domaines;6;Analysis of tuberculosis prevalence surveys in Africa: evidence to change the status quo in case finding;"Joia S. Mukherjee; Melino Ndayizigye; Carissa Lee; Matthew Gilmore; Sirine Benali; Llang Maama; Afom T. Andom";;Frontiers in Public Health;2026-09-24;article;https://doi.org/10.3389/fpubh.2026.1941743;;https://doi.org/10.3389/fpubh.2026.1941743;OpenAlex
2;hors domaines;6;Multi-laboratory proficiency assessment for molecular and serological diagnosis of classical and African swine fever in the Americas;"Chukwunonso Onyilagha; Orie Hochman; Gabriel Brawerman; Kalhari Bandara Goonewardene; Aruna Ambagala";;Frontiers in Veterinary Science;2026-09-23;article;https://doi.org/10.3389/fvets.2026.1874382;https://www.frontiersin.org/journals/veterinary-science/articles/10.3389/fvets.2026.1874382/pdf;https://doi.org/10.3389/fvets.2026.1874382;OpenAlex
2;hors domaines;6;Environmental Management and Monitoring in African Ports: An Exploratory Practitioner-Based Self-Diagnosis and Research Agenda;"Martí Puig; Oscar Gonzalez‐Fernandez; Chris Wooldridge; Rosa Maria Darbra Roman";;World;2026-09-10;article;https://doi.org/10.3390/world7090158;;https://doi.org/10.3390/world7090158;OpenAlex
2;hors domaines;6;The multi-pronged entry of African swine fever virus: from host factors to therapeutic targets;"Jiaqi Li; Chuanxia Liu; Weitao Huang; Yibing Wang; Li Huang; Changjiang Weng";;Journal of Virology;2026-09-23;article;https://doi.org/10.1128/jvi.00924-26;;https://doi.org/10.1128/jvi.00924-26;OpenAlex
2;hors domaines;6;Germline Genomic and DNA Methylation Differences Between MGUS and Multiple Myeloma Among Patients of African Ancestry;"Jing Han; Hongfei Liu; Shahram Arsang-Jang; Zongli Xu; Kelly E. Rentscher; Angela Mathison; Mike Tschannen; Fumou Sun; Paul L. Auer; Sarah L. Kerns; Parameswaran Hari; Binod Dhakal; Siegfried Janz; Victor X. Jin; Raul Urrutia; Anita D’souza; Jing Dong";;Cells;2026-09-22;article;https://doi.org/10.3390/cells15191722;;https://doi.org/10.3390/cells15191722;OpenAlex
2;hors domaines;6;African swine fever virus pMGF110-9L plays a critical role in the integrated stress response and viral pathogenesis;"Shuai Fan; Han Zhong; Dan Li; Jing Zhang; Yuhang Zhang; Man Hu; Wen-Rui He; Bo Wan; Zixiang Zhu; Shichong Han; Haixue Zheng; Gaiping Zhang";;Journal of Virology;2026-09-08;article;https://doi.org/10.1128/jvi.01080-26;;https://doi.org/10.1128/jvi.01080-26;OpenAlex
2;hors domaines;6;Transformation and Sustainable Development of China’s Pig Industry in the Post-African Swine Fever Era: A One Health Perspective;"Ting Lin; Zengyong Zhu; Keyi Duan; Yakun Huang";;Veterinary Sciences;2026-09-14;article;https://doi.org/10.3390/vetsci13090960;;https://doi.org/10.3390/vetsci13090960;OpenAlex
2;hors domaines;6;Propylene glycol maintains the virucidal efficacy of disinfectants at sub-zero temperatures: implications for African swine fever biosecurity;"Małgorzata Juszkiewicz; Marek Walczak; Grzegorz Woźniakowski; Sandra Lasota; Katarzyna Podgórska";;BMC Veterinary Research;2026-09-08;article;https://doi.org/10.1186/s12917-026-05857-2;;https://doi.org/10.1186/s12917-026-05857-2;OpenAlex
2;hors domaines;6;African Swine Fever Virus DP71L Protein Inhibits Dextran Sulfate Sodium (DSS)-Induced Murine Colitis;"Xiaofeng Nian; Zhiyu Li; Yonghua Ma; Zifan Wang; Zilin Qiao; ZhaXi YingPai; Weiwei Chai; Xiaofang Luo; Penghui Guo";;Viruses;2026-09-14;article;https://doi.org/10.3390/v18091016;;https://doi.org/10.3390/v18091016;OpenAlex
2;hors domaines;6;A luminal proteome of the endoplasmic reticulum and Golgi apparatus reveals a novel modulator of ER stress tolerance in African trypanosomes;"Siqi Shen; Farnaz Zahedifard; Emmanuel A. Agbebi; Anna Zavřelová; Johanna Krenzer; Carla G. Carbajo; Silke Braune; Susanne Krämer; Calvin Tiengwe; Martin Zoltner";;Open Biology;2026-09-23;article;https://doi.org/10.1098/rsob.260178;https://royalsocietypublishing.org/rsob/article-pdf/doi/10.1098/rsob.260178/6166854/rsob.260178.pdf;https://doi.org/10.1098/rsob.260178;OpenAlex
2;hors domaines;6;Monoclonal antibody 1B9 against the African swine fever virus viroporin pB169L: molecular characterization and epitope mapping;"Zhiying Cui; Jianing Feng; Miaomiao Ye; Qin Wen; Peng Gao; Qiongqiong Zhou; Yongning Zhang; Lei Zhou; Xinna Ge; Xin Guo; Jun Han; Hanchun Yang";;Frontiers in Microbiology;2026-09-22;article;https://doi.org/10.3389/fmicb.2026.1942750;https://www.frontiersin.org/journals/microbiology/articles/10.3389/fmicb.2026.1942750/pdf;https://doi.org/10.3389/fmicb.2026.1942750;OpenAlex
2;hors domaines;6;Correlating relative light sensitivity to retinal visual gene expression patterns in three African cichlid fish species;"Gerrit Potkamp; Elena Zhemchuzhnikova; Felicity van Geresteijn; Joyce A. Luijben; Floor A. Munnik; Thomas A. Veldhuis; Martine E. Maan; Louis van de Zande; Rampal S. Etienne";;Biology Open;2026-09-21;article;https://doi.org/10.1242/bio.062674;;https://doi.org/10.1242/bio.062674;OpenAlex
2;hors domaines;6;African swine fever virus impairs porcine alveolar macrophages bactericidal function by disrupting lysosomal acidification and cathepsin activity;"Zhen Xu; Fengyang Shi; Zhiyong Xiang; Runzhi Guo; Zhenyu Wen; Yajin Qu; Quanlin Li; Qiongqiong Zhou; Peng Gao; Yongning Zhang; Xinna Ge; Jun Han; Xin Guo; Lei Zhou; Hanchun Yang";;PLoS Pathogens;2026-09-10;article;https://doi.org/10.1371/journal.ppat.1014573;https://journals.plos.org/plospathogens/article/file?id=10.1371/journal.ppat.1014573&type=printable;https://doi.org/10.1371/journal.ppat.1014573;OpenAlex
2;hors domaines;6;Understanding the spread of African swine fever in Nepal: spatiotemporal analysis of early-phase outbreaks, March 2022–July 2024;"Sikesh Manandhar; Hao Tang; Surendra Karki; Tosapol Dejyong; Waroonsiri Charoenlarp; Mukul Upadhyaya";;Animal Diseases;2026-09-23;article;https://doi.org/10.1186/s44149-026-00272-4;;https://doi.org/10.1186/s44149-026-00272-4;OpenAlex
2;hors domaines;6;Coastal upwelling and tropical warm water intrusions are key drivers of interannual fog variability along the southwestern African coast;"Alexandre Mass; Jan Čermák; Hendrik Andersen";;Atmospheric chemistry and physics;2026-09-04;article;https://doi.org/10.5194/acp-26-12565-2026;;https://doi.org/10.5194/acp-26-12565-2026;OpenAlex
2;hors domaines;6;African swine fever virus remodels cellular host metabolism and promotes lipid droplet formation in macrophages and cell lines;"Inmaculada Galindo; Lucía Barrado-Gil; Miguel Ángel Cuesta-Geijo; Stuart D. Armstrong; Isabel García-Dorival; Ana del Puerto; Jesús Urquiza; Paula Gil-Cortés; Covadonga Alonso";;Frontiers in Cellular and Infection Microbiology;2026-09-08;article;https://doi.org/10.3389/fcimb.2026.1913777;;https://doi.org/10.3389/fcimb.2026.1913777;OpenAlex
2;hors domaines;6;Stunning method matters: Brain function and product quality in African sharptooth catfish (Clarias gariepinus) and Nile tilapia (Oreochromis niloticus);"Ulla Saarinen; Jeroen Brijs; Erika Sundell; Anders Karlsson; Albin Gräns";;Aquaculture Reports;2026-09-09;article;https://doi.org/10.1016/j.aqrep.2026.103832;;https://doi.org/10.1016/j.aqrep.2026.103832;OpenAlex
2;hors domaines;6;Development and Evaluation of Three Indirect ELISA Methods Based on Novel Recombinant ASFV Antigens for Serological Detection of African Swine Fever;"Mo Zhou; Shengwei Ji; Li Zhang; Changchun Chen; Zhi Wu; Shinuo Cao; Shanyuan Zhu";;Pathogens;2026-09-16;article;https://doi.org/10.3390/pathogens15090983;;https://doi.org/10.3390/pathogens15090983;OpenAlex
2;hors domaines;6;First detection and characterization of a non-haemadsorbing African swine fever virus (genotype II) isolated from a wild boar in Russia;"R. S. Chernyshev; A. S. Sadchikova; D. S. Moiseenko; Шотин А. Р.; I. A. Lavrentiev; Колбин И. С.; Zinyakov N.G.; A. S. Igolkin";;Frontiers in Microbiology;2026-09-18;article;https://doi.org/10.3389/fmicb.2026.1907676;https://www.frontiersin.org/journals/microbiology/articles/10.3389/fmicb.2026.1907676/pdf;https://doi.org/10.3389/fmicb.2026.1907676;OpenAlex
2;hors domaines;6;Evaporative demand delays soil moisture accumulation timing during the dry-to-wet season transition in the Sahel;"Christopher Chalmers; Yan Zhang; A. J. Rigden";;Environmental Research Letters;2026-09-04;article;https://doi.org/10.1088/1748-9326/aea2ae;https://iopscience.iop.org/article/10.1088/1748-9326/aea2ae/pdf;https://doi.org/10.1088/1748-9326/aea2ae;OpenAlex
2;hors domaines;6;Enhancing immune resilience in swine: a comprehensive meta-review of preventive and host-directed strategies against African swine fever and swine influenza;"Mike K. S. Chan; Thomas Skutella; Fiona Macniesia Thomas; Jonathan Robert Todd Lakey; Adrian Ángel Mutto; Katsuhiko Fukuda; Liu Baochi; Michelle B. F. Wong";;Frontiers in Veterinary Science;2026-09-22;article;https://doi.org/10.3389/fvets.2026.1919982;https://www.frontiersin.org/journals/veterinary-science/articles/10.3389/fvets.2026.1919982/pdf;https://doi.org/10.3389/fvets.2026.1919982;OpenAlex
2;hors domaines;6;Epigallocatechin gallate (EGCG) inhibits African swine fever virus replication by targeting key viral proteins and regulating host lipid metabolism;"Xinglin He; Hong Li; Ruiqi Yang; Pengfei Li; Guiqian Wang; Hua Cao; Yumei Sun; Mengjia Zhang; Yongtao Li; Kaizhi Shi; Anan Jongkaewwattana; Shengnan Ruan; Wentao Li";;Emerging Microbes & Infections;2026-09-07;article;https://doi.org/10.1080/22221751.2026.2731508;https://www.tandfonline.com/doi/pdf/10.1080/22221751.2026.2731508?needAccess=true;https://doi.org/10.1080/22221751.2026.2731508;OpenAlex
2;hors domaines;6;Associated factors of hepatitis B virus infection among pregnant women in Africa: an extension of a previous systematic review and meta-analysis on prevalence;"Yilma Markos Larebo; Zerfework Debebe Argago; Abebe Alemu Anshebo; Sujit Kumar Behera; Natarajan Gopalan";;BMC Infectious Diseases;2026-09-21;article;https://doi.org/10.1186/s12879-026-14509-7;;https://doi.org/10.1186/s12879-026-14509-7;OpenAlex
2;hors domaines;6;Quality Parameters, Metabolomics Profile, and Biology Activities of Some Honey (Apis mellifera) Samples Obtained from Pretoria and Johannesburg, South Africa;Münire Turhan;;Metabolites;2026-09-23;article;https://doi.org/10.3390/metabo16100705;;https://doi.org/10.3390/metabo16100705;OpenAlex
2;hors domaines;6;Association of Native American, European, and African Ancestry with CYP450 Pharmacogenetics and Metabolic Phenotypes in Admixed Latin American Populations from Ecuador and Nicaragua;"Carla González de la Cruz; Catalina Altamirano-Tinoco; Caíque Manóchio; Juan Antonio Villatoro-García; Fernando de Andrés; M. Carmen Mata-Martín; Fernanda Rodrigues‐Soares; Pedro Dorado; Eva M. Peñas-Lledó; Ronald Ramírez‐Roa; Enrique Terán; Adrián LLerena";;Pharmaceuticals;2026-09-10;article;https://doi.org/10.3390/ph19091432;;https://doi.org/10.3390/ph19091432;OpenAlex
2;hors domaines;6;Farm management and breeding-related animal movement associated with African swine fever risk in smallholder pig farms in West Timor, Indonesia;"Petrus Malo Bulu; Ewaldus Wera; Agustinus Paga";;Frontiers in Veterinary Science;2026-09-09;article;https://doi.org/10.3389/fvets.2026.1907997;https://www.frontiersin.org/journals/veterinary-science/articles/10.3389/fvets.2026.1907997/pdf;https://doi.org/10.3389/fvets.2026.1907997;OpenAlex
2;hors domaines;6;African swine fever virus A151R protein antagonizes the antiviral activity of barrier-to-autointegration factor (BAF) by targeting its dsDNA-binding activity;"Kepalee Saeng‐chuto; Zhigang Wang; Kaylee Bargeron; Matthew S. Wiebe";;Journal of Virology;2026-09-11;article;https://doi.org/10.1128/jvi.00988-26;;https://doi.org/10.1128/jvi.00988-26;OpenAlex
2;hors domaines;6;Calibrated Machine Learning with Temporal Leakage Controls for Rare-Event Forecasting of Port Activity Anomalies: Evidence from Selected African Countries and Indonesia;"Tomasz Rokicki; Piotr Bórawski; Aneta Bełdycka-Bórawska; Bogdan Klepacki";;Applied Sciences;2026-09-11;article;https://doi.org/10.3390/app16189017;;https://doi.org/10.3390/app16189017;OpenAlex
2;hors domaines;6;FAM134B Restricts African Swine Fever Virus Capsid Assembly via Reticulophagy and Its Antiviral Activity is Antagonized by the Viral Virulence‐Associated Factor pMGF300‐2R;"Rui Luo; Jing Zhang; Ruojia Huang; Xianfeng Zhang; Lian‐Feng Li; Jing Lan; Zhanhao Lu; Yuan Sun; Tao Wang; Hua‐Ji Qiu";;Advanced Science;2026-09-16;article;https://doi.org/10.1002/advs.77741;;https://doi.org/10.1002/advs.77741;OpenAlex
2;hors domaines;6;Humoral Immune Responses to the Live-Attenuated African Swine Fever Vaccine Candidate VNUA-ASFV-LAV2 Reveal Potential Serological Markers for Vaccine Monitoring and DIVA Surveillance;"Lihua Wang; Quang Lam Truong; Yuzhen Li; Rachel Madera; Aidan Craig; Nina Muro; Xirui Zhang; Danqin Li; Limeng Cai; Jamie Retallick; Franco Matías Ferreyra; Lan Thi Nguyen; Eun‐Ju Sohn; Jishu N Shi";;Pathogens;2026-09-22;article;https://doi.org/10.3390/pathogens15101005;;https://doi.org/10.3390/pathogens15101005;OpenAlex
2;hors domaines;6;Epidemiological and clinical characteristics of imported malaria patients admitted to a specialized hospital: a retrospective study (2021– June 2026);"Kun Peng; Wenjing Gong; Xuan Dong; Yunjing Zhao; Li Zhang; Chuanbing Zhu; Nuo Xu; Xiang Li; Yihan Guo; Yanmei Shen; Hongli Zhao";;Frontiers in Cellular and Infection Microbiology;2026-09-21;article;https://doi.org/10.3389/fcimb.2026.1952587;https://www.frontiersin.org/journals/cellular-and-infection-microbiology/articles/10.3389/fcimb.2026.1952587/pdf;https://doi.org/10.3389/fcimb.2026.1952587;OpenAlex
2;hors domaines;6;A divergent betacoronavirus with a functional furin cleavage site in South American bats;"Kosuke Takada; Nicholas Yamahoki; Jonathon C. O. Mifsud; Itsuki Anzai; Tadashi Maemura; Francisco Borges Costa; Éric Takashi Kamakura de Carvalho Mesquita; Mateus de Souza Ribeiro Mioni; Tiago J. S. Lopes; Yoshihiro Kawaoka; Jane Megid; Edward Charles Holmes; Tokiko Watanabe";;Nature Communications;2026-09-05;article;https://doi.org/10.1038/s41467-026-77599-6;https://www.nature.com/articles/s41467-026-77599-6_reference.pdf;https://doi.org/10.1038/s41467-026-77599-6;OpenAlex
2;hors domaines;6;A global decline in atmospheric dust during the 21st century;"Ashok Kumar Gupta; Jasper F. Kok; Vassilis Amiridis; Antonis Gkikas; Konstantinos Rizos; Emmanouil Proestakis; Stavros-Andreas Logothetis; Eleni D. Marinou; Carlos Pérez García‐Pando";;Science Advances;2026-09-16;article;https://doi.org/10.1126/sciadv.aef5691;;https://doi.org/10.1126/sciadv.aef5691;OpenAlex
2;hors domaines;6;Hepatitis B Virus Genotype Distribution and Virological Profiles in a Canadian Immigrant Cohort;"Weldegebrial G. Aregawi; Haris Imsirovic; Alexa Keeshan; Curtis Cooper";;Livers;2026-09-04;article;https://doi.org/10.3390/livers6050091;;https://doi.org/10.3390/livers6050091;OpenAlex
2;hors domaines;6;A Global, High-Resolution Index of Risk and Exposure of Humans to Ticks, Lyme Borreliosis, and Crimean–Congo Haemorrhagic Fever;Agustín Estrada‐Peña;;Pathogens;2026-09-05;article;https://doi.org/10.3390/pathogens15090944;;https://doi.org/10.3390/pathogens15090944;OpenAlex
2;hors domaines;6;Bloodstream-associated Salmonella Typhimurium and Enteritidis iNTS pathovariants hyper-replicate in human macrophages;"Francesco Amadeo; Marie Held; Shaun H. Pennington; Giancarlo A. Biagini; Jay C. D. Hinton; Natalia Cattelan";;Wellcome Open Research;2026-09-15;article;https://doi.org/10.12688/wellcomeopenres.27234.1;;https://doi.org/10.12688/wellcomeopenres.27234.1;OpenAlex
2;hors domaines;6;Ultrasonographic mapping of the median cubital vein: Tourniquet-Induced changes and demographic variation relevant to safe venipuncture;"Shaan Patker; Saif Bunni; Fatima Elasha; Asra Qureshi; Manasvi Kankaria; Shanguan Zhao; Fouzan Ali; Sadia Javaid";;Translational Research in Anatomy;2026-09-05;article;https://doi.org/10.1016/j.tria.2026.100519;https://www.sciencedirect.com/science/article/pii/S2214854X26000592/pdf;https://doi.org/10.1016/j.tria.2026.100519;OpenAlex
2;hors domaines;6;Export diversification in agriculture: products, partners, and structural change in developing economies;"Abu Bakkar Siddique; J.P. Singh";;Journal of Economic Structures;2026-09-07;article;https://doi.org/10.1186/s40008-026-00382-9;https://link.springer.com/content/pdf/10.1186/s40008-026-00382-9.pdf;https://doi.org/10.1186/s40008-026-00382-9;OpenAlex
2;hors domaines;6;When grooming stalls: Assessing communicative repair, negotiation, and progressivity in chimpanzees;"Kayla Kolff; Simone Pika";;iScience;2026-09-23;article;https://doi.org/10.1016/j.isci.2026.117495;;https://doi.org/10.1016/j.isci.2026.117495;OpenAlex
2;hors domaines;6;Geochronology and Field Observations from Oligocene Nameriyek, Turkana County, Kenya;"Francis J. Sousa; Stephen E. Cox; E. Troy Rasbury; Sidney R. Hemming; Kevin Hatton";;Geosciences;2026-09-24;article;https://doi.org/10.3390/geosciences16100390;;https://doi.org/10.3390/geosciences16100390;OpenAlex
2;hors domaines;6;Lassa Virus—A Persistent and Evolving Threat;"Meng Hu; Emily Mantlo; Cheng Huang";;Microorganisms;2026-09-14;article;https://doi.org/10.3390/microorganisms14092047;;https://doi.org/10.3390/microorganisms14092047;OpenAlex
2;hors domaines;6;The ongoing invasion of the endogenous retrovirus Kuruka in natural Drosophila melanogaster populations;"Riccardo Pianezza; Sarah Saadain; Matthew Beaumont; Sarah A. Signor; Robert Kofler";;Nature Communications;2026-09-16;article;https://doi.org/10.1038/s41467-026-77761-0;https://www.nature.com/articles/s41467-026-77761-0_reference.pdf;https://doi.org/10.1038/s41467-026-77761-0;OpenAlex
2;hors domaines;6;Security provider meets security seekers: Explaining the support for China’s Global Security Initiative through role alignment;"Sebastian Biba; Julia Gurol";;European Journal of International Security;2026-09-16;article;https://doi.org/10.1017/eis.2026.10087;https://www.cambridge.org/core/services/aop-cambridge-core/content/view/3F42E61C79D08A16C9039D7B7575AD82/S205756372610087Xa.pdf/div-class-title-security-provider-meets-security-seekers-explaining-the-support-for-china-s-global-security-initiative-through-role-alignment-div.pdf;https://doi.org/10.1017/eis.2026.10087;OpenAlex
2;hors domaines;6;Inflation at Ol Doinyo Lengai driven by shallow magma intrusion during the 2022–2023 uplift episode in an early-phase continental rift;"D. Sarah Stamps; Elifuraha Saria; Ntambila Daud; Maurizio Battaglia; Aubreya Adams; Mong-Han Huang; Mary Jo Brounce; Kang Hyeun Ji; Valerie Meshili; Bradley Roos";;Frontiers in Earth Science;2026-09-18;article;https://doi.org/10.3389/feart.2026.1881885;https://www.frontiersin.org/journals/earth-science/articles/10.3389/feart.2026.1881885/pdf;https://doi.org/10.3389/feart.2026.1881885;OpenAlex
2;hors domaines;6;100 years International Council of Ophthalmology;Peter Wiedemann;;International Journal of Ophthalmology;2026-09-11;article;https://doi.org/10.18240/ijo.2026.10.01;https://www.ijo.cn//gjyken/article/pdf/20261001;https://doi.org/10.18240/ijo.2026.10.01;OpenAlex
2;hors domaines;6;Hepatitis B Virus: Epidemiology, Prophylaxis, Therapy, Clinical Outcomes, and Novel Therapeutic Directions;"Uzair Iqbal; Khadija Khalid; Yunus Yükselten; Farooq Ahmad; Haseeb Ahmad; Abdur Rehman Khalid; Mohamed Shaltout; Richard E. Sutton";;Biomolecules;2026-09-07;article;https://doi.org/10.3390/biom16091290;;https://doi.org/10.3390/biom16091290;OpenAlex
2;hors domaines;6;Spiroplasma in Glossina fuscipes fuscipes : a potential manipulator of male reproduction;"Riccardo Piccinno; Giulia Fiorenza; Francesco Lescai; Simone Carpanzano; Fabian Gstöttenmayer; Kiswend‐sida M. Dera; Anna Cleta Croce; Chantel Janet de Beer; Brian L. Weiss; Mariangela Santorsola; Alberta Pinnola; Giuliano Gasperi; Federico Forneris; Serap Aksoy; Adly M. M. Abd‐Alla; Anna Rodolfa Malacrida";;mSystems;2026-09-11;article;https://doi.org/10.1128/msystems.00526-26;;https://doi.org/10.1128/msystems.00526-26;OpenAlex
2;hors domaines;6;Global anesthesia care: a systematic review of capacity, workforce, and access;"Jesús Endara-Mina; Milton Chango; Cristopher-Josue Escudero; Dario Chicaiza; Cristopher-Jordan Osorio; Yustin Cabrera; Wilson Cabrera-Dután; Carlos Cabrera; Karen Cabrera; Wilson Cabrera-Quezada; Franklin-Rafael Salazar";;BMC Anesthesiology;2026-09-15;article;https://doi.org/10.1186/s12871-026-04215-x;;https://doi.org/10.1186/s12871-026-04215-x;OpenAlex
2;hors domaines;6;Applying Mortality Trajectory Analysis to Address the Epidemiologic Transition in Oceania;Jan Gresil Kahambing;;Value in Health Regional Issues;2026-09-21;article;https://doi.org/10.1016/j.vhri.2026.102133;;https://doi.org/10.1016/j.vhri.2026.102133;OpenAlex
2;hors domaines;6;Whole genomic sequencing of pre-XDR Mycobacterium tuberculosis isolates in iraq reveals resistance-associated mutations and distinct phylogenetic lineages;"Maryam Hadi; Halah H. Al-Haideri";;BMC Infectious Diseases;2026-09-15;article;https://doi.org/10.1186/s12879-026-14402-3;;https://doi.org/10.1186/s12879-026-14402-3;OpenAlex
2;hors domaines;6;Rising antimicrobial resistance in urinary tract infections across low- and middle-income countries: a systematic review;"Jumin Kim; Byeong Jin Kang; Hyejeong Jeon";;BMC Urology;2026-09-15;article;https://doi.org/10.1186/s12894-026-02353-5;;https://doi.org/10.1186/s12894-026-02353-5;OpenAlex
2;hors domaines;6;Network Efficiency and Velocity Decay in Asymmetric Urban Corridors in Buea, Cameroon: An Empirical Calibration Baseline Towards Future AI-Integrated Traffic Control;"Bukuka Betrand Afanyu; Yoshitaka Kajita";;Infrastructures;2026-09-09;article;https://doi.org/10.3390/infrastructures11090324;;https://doi.org/10.3390/infrastructures11090324;OpenAlex
2;hors domaines;6;General physicians still fail to take travel histories;"Elizabeth K. Timperley; Luke Swithenbank; Nick Beeching; Elaine Tang; James Hartley; Patricia Schlagenhauf; Michael J. Riste; Sylviane Defres; Mike Beadsworth";;Travel Medicine and Infectious Disease;2026-09-09;article;https://doi.org/10.1016/j.tmaid.2026.103021;;https://doi.org/10.1016/j.tmaid.2026.103021;OpenAlex
2;hors domaines;6;Herbivory disrupts invasion-associated phyllosphere and arthropod community shifts in grasslands;"Marco Fioratti Junod; Irene Cordero; Jennifer Firn; SOPHIE C. GOMBEER; Gabrielle Lebbink; Martin Schütz; Anita C. Risch";;iScience;2026-09-16;article;https://doi.org/10.1016/j.isci.2026.117544;;https://doi.org/10.1016/j.isci.2026.117544;OpenAlex
2;hors domaines;6;Early malaria risk screening in Nigerian minors using AutoML and cluster-based analysis of non-clinical survey data;"Ashiqur Rahman Khan; Nafisa Mahbub; Ridwan Al Aziz; Mahamudul Hassan Siddique; Zahidul Islam Sayeem";;PLOS Digital Health;2026-09-23;article;https://doi.org/10.1371/journal.pdig.0001736;https://journals.plos.org/digitalhealth/article/file?id=10.1371/journal.pdig.0001736&type=printable;https://doi.org/10.1371/journal.pdig.0001736;OpenAlex
2;hors domaines;6;Global burden of disease attributable to unsafe sex among adults aged 60 years and older, 1990–2023: a secondary analysis of the global burden of disease study 2023;"Tingting Guo; Qing Su; Yuening Chu; Weirong Gu; Lei Liu";;Annals of Medicine;2026-09-23;article;https://doi.org/10.1080/07853890.2026.2732700;https://www.tandfonline.com/doi/pdf/10.1080/07853890.2026.2732700?needAccess=true;https://doi.org/10.1080/07853890.2026.2732700;OpenAlex
2;hors domaines;6;Accelerating Burden of Hypertensive Heart Disease in Low‑ and Lower‑Middle‑SDI Countries, 1990–2023: The Contribution of Cold Temperature Exposure;"Mingyang Ruan; Ruixue Zhang; 韦京莲; Tiezheng Niu; Shiqi Wang; Wenming Shi; Guangyuan Yang; Tianwei Dong";;Annals of Global Health;2026-09-11;article;https://doi.org/10.5334/aogh.5329;https://annalsofglobalhealth.org/articles/5329/files/6aa3d4231c16e.pdf;https://doi.org/10.5334/aogh.5329;OpenAlex
2;hors domaines;6;Diagnostic accuracy of machine-learning–based image analysis for early detection of Kaposi sarcoma in people living with HIV;"David Chinaecherem Innocent; Increase Praise Innocent; Rejoicing Chijindum Innocent";;Frontiers in Artificial Intelligence;2026-09-14;article;https://doi.org/10.3389/frai.2026.1894174;https://www.frontiersin.org/journals/artificial-intelligence/articles/10.3389/frai.2026.1894174/pdf;https://doi.org/10.3389/frai.2026.1894174;OpenAlex
2;hors domaines;6;Molluscs associated with a cold seep on the Mtwara Mud Volcano off Tanzania (Mollusca: Gastropoda and Bivalvia);"Léon Hoffman; André Freiwald; Jara Westbeek; Kai Pfennings; Peter Shunula; Saleh A. S. Yahya; Terue C. Kihara";;European Journal of Taxonomy;2026-09-24;article;https://doi.org/10.5852/ejt.2026.1099.3330;;https://doi.org/10.5852/ejt.2026.1099.3330;OpenAlex
2;hors domaines;6;Respiratory morbidity and mortality in Black and White preterm infants;"Eleanor Jeffreys; Serena Gandino; Charlie Gill; Theodore G. Dassios; Suresh Victor; Anne Greenough";;Journal of Perinatal Medicine;2026-09-16;article;https://doi.org/10.1515/jpm-2026-0450;;https://doi.org/10.1515/jpm-2026-0450;OpenAlex
2;hors domaines;6;Third person accusative and dative clitics;"Maria Eugênia Lammoglia Duarte; Antônio Anderson Marques de Sousa; Eduardo Patrick Rezende dos Reis";;Isogloss Open Journal of Romance Linguistics;2026-09-07;article;https://doi.org/10.5565/rev/isogloss.607;https://revistes.uab.cat/isogloss/article/download/v12-n3-duarte-sousa-reis/607-pdf-en;https://doi.org/10.5565/rev/isogloss.607;OpenAlex
2;hors domaines;6;Quantifying Southern Hemisphere dust sources during the Last Glacial-Interglacial Transition using rare earth elements in the EPICA Dome C ice core;"Sibylle Boxho; Aubry Vanderstraeten; Nadine Mattielli; Goulven Gildas Laruelle; Aloys Bory; Paolo Gabrielli; Steeve Bonneville";;Climate of the past;2026-09-08;article;https://doi.org/10.5194/cp-22-1655-2026;https://cp.copernicus.org/articles/22/1655/2026/cp-22-1655-2026.pdf;https://doi.org/10.5194/cp-22-1655-2026;OpenAlex
2;hors domaines;6;Who Is Who in Rubricatochromis Lamboj & Koblmüller, 2022 (Cichliformes, Cichlidae): Taxonomic Revision with Description of Four New Species and Revalidation of R. fugax;"Anton Lamboj; Stephan Koblmüller";;Fishes;2026-09-08;article;https://doi.org/10.3390/fishes11090531;;https://doi.org/10.3390/fishes11090531;OpenAlex
2;hors domaines;6;Sociodemographic variations in healthcare service use among people with HIV in the UK;"Fumiyo Nakagawa; Valérie Delpech; Colette J. Smith; Annegret Pelchen–Matthews; Adamma Aghaizu; Clare Humphreys; Victoria Tittle; Lisa Southon; Alex Sparrowhawk; Harun Tulunay; Véronique Martin; Hannah Kitt; Carole A. Kelly; Janey Sewell; Alison Rodger; Fiona C. Lampe; for the Positive Voices 2022 Study Team";;PLoS ONE;2026-09-15;article;https://doi.org/10.1371/journal.pone.0354425;;https://doi.org/10.1371/journal.pone.0354425;OpenAlex
2;hors domaines;6;Multi-Objective Optimization for Cost-Effective Low-Carbon Building Design;"Rolains Golchimard Elenga; Qingbiao Wang; Kehinde Zacheaus Babalola; Daolu Quan; Hao Lv; Pengyue Wang";;Buildings;2026-09-11;article;https://doi.org/10.3390/buildings16183626;;https://doi.org/10.3390/buildings16183626;OpenAlex
2;hors domaines;6;Expression diversity of cichlid MHC alleles;"Seraina E. Bracamonte; Pascal I. Hablützel; Carlos Lozano-Martín; Marta Barluenga";;BMC Genomics;2026-09-22;article;https://doi.org/10.1186/s12864-026-13370-x;;https://doi.org/10.1186/s12864-026-13370-x;OpenAlex
2;hors domaines;6;Subseasonal and spatial variability of biomass burning aerosol radiative properties observed over the Southeast Atlantic during ORACLES 2016–2018;"Logan Mitchell; Connor J. Flynn; Kristina Pistone; Samuel LeBlanc; K. Sebastian Schmidt; Hong Chen; Paquita Zuidema; Robert W. Wood; Jens Redemann";;Atmospheric chemistry and physics;2026-09-17;article;https://doi.org/10.5194/acp-26-13083-2026;https://acp.copernicus.org/articles/26/13083/2026/acp-26-13083-2026.pdf;https://doi.org/10.5194/acp-26-13083-2026;OpenAlex
2;hors domaines;6;PASTORALISTS AND COVID-19: AN INTRODUCTION;"Angela Kronenburg García; Joana Roque de Pinho; Annemiek Pas";;Nomadic Peoples;2026-09-14;article;https://doi.org/10.3828/whpnp.63904085203757;;https://doi.org/10.3828/whpnp.63904085203757;OpenAlex
2;hors domaines;6;Satellite Mapping of Annual Center Pivot Irrigation Expansion in Africa’s Hyper-Arid Regions from 1972 to 2025;"Chen Fen; Shen Ping; Tim Van de Voorde; Dar A. Roberts";;Remote Sensing;2026-09-12;article;https://doi.org/10.3390/rs18183142;;https://doi.org/10.3390/rs18183142;OpenAlex
2;hors domaines;6;“We Mattered”: A Photovoice Project About Resettlement Experiences Following Forced Displacement from the Women of MENA Hope;"Tiffani N. Luethke; Zainab Al-Baaj; Kattie Sadd; Maggie Bruno; Gwendolynn Folk; Jess Raves";;Refuge Canada s Journal on Refuge;2026-09-17;article;https://doi.org/10.25071/1920-7336.41790;;https://doi.org/10.25071/1920-7336.41790;OpenAlex
2;hors domaines;6;First report: Phloeotribus scarabaeoides (Bernard, 1788) in the Czech Republic—could the new lifestyle of the population cause the spread of a new bark beetle to Central Europe?;"Otakar Holuša; Tomáš Fiala; Kateřina Holušová";;Annals of Forest Science;2026-09-10;article;https://doi.org/10.1186/s13595-026-01360-8;https://link.springer.com/content/pdf/10.1186/s13595-026-01360-8.pdf;https://doi.org/10.1186/s13595-026-01360-8;OpenAlex
2;hors domaines;6;A Revision of the Arcitalitridae Myers & Lowry, 2022 (Amphipoda, Talitroidea): Establishment of New Families and Observations on the Origin and Evolution of Simplidactylate Landhoppers;"Alan A. Myers; Olivier J.-P. Ball";;Diversity;2026-09-04;article;https://doi.org/10.3390/d18090543;;https://doi.org/10.3390/d18090543;OpenAlex
2;hors domaines;6;Disparities in initiating standard first-line cancer treatment and survival for patients with an immigrant background: a Danish register-based cohort study;"Emma Neble Larsen; Maria Kristiansen; Ismail Gögenür; Erik Jakobsen; Lars Christian Lund; Fie Stegenborg; Susanne Rosthøj; Mia Klinten Grand; Pernille Envold Bidstrup; Morten Sodemann; Susanne Oksbjerg Dalton";;Acta Oncologica;2026-09-18;article;https://doi.org/10.2340/1651-226x.2026.46256;https://medicaljournalssweden.se/actaoncologica/article/download/46256/55530;https://doi.org/10.2340/1651-226x.2026.46256;OpenAlex
2;hors domaines;6;Chromosome-level genome of the white jade snail reveals conserved genomic architecture and functional divergence relative to wild Achatina fulica;"Hai Liu; Yuhan Niu; Shuyuan Li; Yun Fang; LI Guo-gang";;BMC Genomics;2026-09-15;article;https://doi.org/10.1186/s12864-026-13355-w;;https://doi.org/10.1186/s12864-026-13355-w;OpenAlex
2;hors domaines;6;Convergent evolution of viral nucleases targeting cyclic dinucleotides;"Zichen Li; Leiliang Zhang";;PLoS Pathogens;2026-09-15;article;https://doi.org/10.1371/journal.ppat.1014605;https://journals.plos.org/plospathogens/article/file?id=10.1371/journal.ppat.1014605&type=printable;https://doi.org/10.1371/journal.ppat.1014605;OpenAlex
2;hors domaines;6;Paleoecology of Loftusia species (large benthic foraminifera) in the Zagros Basin, north of the Neotethys;"Hossein Ghanbarloo; Amrollah Safari";;TURKISH JOURNAL OF EARTH SCIENCES;2026-09-18;article;https://doi.org/10.55730/1300-0985.2103;;https://doi.org/10.55730/1300-0985.2103;OpenAlex
2;hors domaines;6;Baseline characteristics of a randomized cohort of black women enrolled in a stress-management enhanced behavioral weight loss intervention;"Ashley J. Cooper; Steven K. Sutton; Jazmin Henderson; Sierra Pittman; Alissa Pena; Vivian Doerr; Monica L. Baskin; Elissa Epel; Clement K. Gwede; Delia Smith West; Tiffany L. Carson";;Scientific Reports;2026-09-23;article;https://doi.org/10.1038/s41598-026-72555-2;https://www.nature.com/articles/s41598-026-72555-2_reference.pdf;https://doi.org/10.1038/s41598-026-72555-2;OpenAlex
2;hors domaines;6;Evaluation of a Zika virus-like particle-based vaccine in a highly penetrant non-human primate model of congenital infection;"Hannah K. Jaeger; Jessica L. Smith; Caralyn S. Labriola; Lydia J. Pung; Olivia L. Hagen; Michael Denton; Rahul J. D'Mello; Christopher J. Parkins; Whitney C. Weber; Samuel Medica; Craig N. Kreklywich; Victor R. DeFilippis; Stephen Bondoc; Kathleen Busman-Sahay; Jenna N. Castro; Gavin Zilverberg; Riely White; Margaret Terry; Aaron M. Barber-Axthelm; Michael K. Axthelm; Jeremy Smedley; Matthew T. Aliota; Andrea M. Weiler; Thomas C. Friedrich; Jacob D. Estes; Terry K. Morgan; Jamie O. Lo; Victoria H. J. Roberts; Daniel N. Streblow (7592771); Alec J. Hirsch";;PLoS neglected tropical diseases;2026-09-08;article;https://doi.org/10.1371/journal.pntd.0014692;https://journals.plos.org/plosntds/article/file?id=10.1371/journal.pntd.0014692&type=printable;https://doi.org/10.1371/journal.pntd.0014692;OpenAlex
2;hors domaines;6;Global incidence of chronic lymphocytic leukemia: A systematic review and meta-analysis;"Dieu Nguyen; Shane Kavanagh; Anh Ho; Phuong Nguyen; Lau Caspar Thygesen; Paul A. Agius; Anna Ugalde; Eric H.Y. Lau; Brigid Lynch; Lan Gao";;Cancer Epidemiology;2026-09-18;review;https://doi.org/10.1016/j.canep.2026.103238;https://www.sciencedirect.com/science/article/pii/S1877782126002547/pdf;https://doi.org/10.1016/j.canep.2026.103238;OpenAlex
2;hors domaines;6;Network science reveals the structure and lasting impact of the Roman road system;"Adam Pažout; Tom Brughmans; Pau de Soto; Matteo Mazzamurro; María Coto-Sarmiento; Clara Filet; Eduardo Herrera Malatesta; Magnus Lindholm Nielsen; Gustav Emil Ølgaard; Peter Bjerregaard Vahlstrup";;Nature Communications;2026-09-15;article;https://doi.org/10.1038/s41467-026-75453-3;https://www.nature.com/articles/s41467-026-75453-3.pdf;https://doi.org/10.1038/s41467-026-75453-3;OpenAlex
2;hors domaines;6;Complete-genome analysis reveals diverse and conserved antimicrobial resistance platforms in Enterobacterales from veterinary diagnostic cases in Saint Kitts and Nevis;"Maddy Sampson; Solana Funiciello-Mendez; Gillian Carmichael Branford; Ian Branford; Shadrach Hobson-Tyson; Netanya Greene; Adriana Godinez-Rojas; Estela Cordero-Laurent; Francisco Duarte-Martínez; María Antonieta Jiménez-Pearson; Ricardo Gutiérrez";;BMC Veterinary Research;2026-09-17;article;https://doi.org/10.1186/s12917-026-05891-0;;https://doi.org/10.1186/s12917-026-05891-0;OpenAlex
2;hors domaines;6;Fractional-order modeling and stability analysis of a four-dimensional malaria transmission system with control strategies;"A. K. Pandey; Surath Ghosh";;Scientific Reports;2026-09-08;article;https://doi.org/10.1038/s41598-026-66254-1;https://www.nature.com/articles/s41598-026-66254-1_reference.pdf;https://doi.org/10.1038/s41598-026-66254-1;OpenAlex
2;hors domaines;6;Pharmaceuticals and illicit drugs in environmental waters: A systematic review and quantitative analysis of global trends 2004–2021. Part 2;"Francisco Coelho; Ruth M. Morgan; Luiza C. Campos";;Environmental Toxicology and Pharmacology;2026-09-04;review;https://doi.org/10.1016/j.etap.2026.105164;;https://doi.org/10.1016/j.etap.2026.105164;OpenAlex
2;hors domaines;6;Reconstitution of genome remodeling using Xenopus egg extracts;"Katherine G. Lenz; Coral Y. Zhou";;Frontiers in Cell and Developmental Biology;2026-09-17;article;https://doi.org/10.3389/fcell.2026.1932329;https://www.frontiersin.org/journals/cell-and-developmental-biology/articles/10.3389/fcell.2026.1932329/pdf;https://doi.org/10.3389/fcell.2026.1932329;OpenAlex
2;hors domaines;6;A systematic bibliometric framework for morphometric studies in Apis mellifera: trends, subspecies discrimination, and environmental correlates;"Nimetullah Korkut; Mustafa İLÇİN";;Journal of the Saudi Society of Agricultural Sciences;2026-09-08;article;https://doi.org/10.1007/s44447-026-00194-0;https://link.springer.com/content/pdf/10.1007/s44447-026-00194-0.pdf;https://doi.org/10.1007/s44447-026-00194-0;OpenAlex
2;hors domaines;6;BTX-A51 treatment modulates host innate immune responses via NF-κB and β-catenin signaling during Rift Valley fever virus infection in vitro;"Rafaela Flor; Timothy Stocker; Kaylee Petraccione; Maryna Akhrymuk; Brittany Heath; Ivan Akhrymuk; Caitlin M. Woodson; Kylene Kehn‐Hall";;Journal of Virology;2026-09-09;article;https://doi.org/10.1128/jvi.01042-26;;https://doi.org/10.1128/jvi.01042-26;OpenAlex
2;hors domaines;6;Pharmacogenomics in the United Arab Emirates: advances in population genomics and challenges in clinical implementation;"Abderraouf Haitamar; Shahid Eyiad Abu-Nada; Mariam Wed Eladham; Bushra Mdkhana; Narjes Saheb Sharif‐Askari; Rabih Halwani; Fatemeh Saheb Sharif‐Askari";;Frontiers in Pharmacology;2026-09-07;article;https://doi.org/10.3389/fphar.2026.1902530;https://www.frontiersin.org/journals/pharmacology/articles/10.3389/fphar.2026.1902530/pdf;https://doi.org/10.3389/fphar.2026.1902530;OpenAlex
2;hors domaines;6;The limits of imagined futures in contested environments;Adam Vigdor Gordon;;European Journal of Futures Research;2026-09-23;article;https://doi.org/10.1186/s40309-026-00279-7;;https://doi.org/10.1186/s40309-026-00279-7;OpenAlex
2;hors domaines;6;News Media, Narrative Authority, and the Global Ordering of Artificial Intelligence;"Massimo Ragnedda; Maria Laura Ruiu; Muhammad Awais";;International journal of communication;2026-09-14;article;https://doi.org/10.65476/4614hy26;https://ijoc.org/index.php/ijoc/article/download/27205/5530;https://doi.org/10.65476/4614hy26;OpenAlex
2;hors domaines;6;Orificially Olaudah: Eschatological Feasting, Gastronomical Rhetoric, and Abolitionism in Olaudah Equiano’s The Interesting Narrative;Ryan David Furlong;;Religions;2026-09-17;article;https://doi.org/10.3390/rel17091091;;https://doi.org/10.3390/rel17091091;OpenAlex
2;hors domaines;6;The impact of Trump 2.0 tariff policy on international trade: evidence from Chinese firms;"Fei Fei Chen; Jie Xie";;Humanities and Social Sciences Communications;2026-09-18;article;https://doi.org/10.1057/s41599-026-08972-5;https://www.nature.com/articles/s41599-026-08972-5_reference.pdf;https://doi.org/10.1057/s41599-026-08972-5;OpenAlex
2;hors domaines;6;Trust me like a human: Unpacking the functional and non-functional dynamics of human-like trust in generative AI adoption;"Niklas Schulte; Julien A. Nussbaum; Maurice M. Steinhoff; Stephan Stubner; Dominik K. Kanbach";;Telematics and Informatics Reports;2026-09-11;article;https://doi.org/10.1016/j.teler.2026.100371;https://www.sciencedirect.com/science/article/pii/S2772503026000824/pdf;https://doi.org/10.1016/j.teler.2026.100371;OpenAlex
2;hors domaines;6;Poly(A)-binding proteins promote rac-GR24-induced seed germination of the root-parasitic plant Phelipanche ramosa and Arabidopsis thaliana;"Dan Chen; Lukas Braem; Guillaume Brun; Arne Temmerman; François‐Didier Boyer; Philippe Delavault; Kris Gevaert; Sylwia Struk; Sofie Goormachtig";;BMC Biology;2026-09-14;article;https://doi.org/10.1186/s12915-026-02729-x;;https://doi.org/10.1186/s12915-026-02729-x;OpenAlex
2;hors domaines;6;Self-report instruments for assessing transference in psychoanalytical research: a neglected or avoided concept? - A systematic review;"Vitória Maria Tabosa Evaldt; Monique Wickert; Paulo Henrique Dutra; Neusa Sica da Rocha";;BMC Psychology;2026-09-05;article;https://doi.org/10.1186/s40359-026-05516-z;;https://doi.org/10.1186/s40359-026-05516-z;OpenAlex
2;hors domaines;6;The ABC Model of Resilience;"Nouna Jalilzadeh; Christine Romano; Loubna Alkhayat; Shadin Atiyeh";;Journal for Social Action in Counseling & Psychology;2026-09-21;article;https://doi.org/10.33043/3c5yy46yd8;https://openjournals.bsu.edu/jsacp/article/download/6243/3449;https://doi.org/10.33043/3c5yy46yd8;OpenAlex
2;hors domaines;6;A global mixed methods study of hope aspirations and life perceptions among people living with HIV;"Jamal Magantor; Cyril Dampog; Joseph Anino; Nolinon Neri; Edralin Valera; Bonnie Hamilton Rabaca; Farrah Lozano";;Discover Social Science and Health;2026-09-21;article;https://doi.org/10.1007/s44155-026-00487-3;;https://doi.org/10.1007/s44155-026-00487-3;OpenAlex
2;hors domaines;6;Joy for Whom? Joy to What End? The Promise and Peril of Joy-Centred Pedagogy;"Mays Imad; Karla Clark; Constanza Bartholomae";;Journal of Teaching and Learning;2026-09-09;article;https://doi.org/10.22329/jtl.v20i5.12073;https://jtl.uwindsor.ca/index.php/jtl/article/download/12073/6320;https://doi.org/10.22329/jtl.v20i5.12073;OpenAlex
2;hors domaines;6;The relational ground of emotion: an Ubuntu-based critique of individualist ontology in theories of emotion;Şeyma Sevgican Yardımcı;;Frontiers in Psychology;2026-09-14;article;https://doi.org/10.3389/fpsyg.2026.1926813;https://www.frontiersin.org/journals/psychology/articles/10.3389/fpsyg.2026.1926813/pdf;https://doi.org/10.3389/fpsyg.2026.1926813;OpenAlex
2;hors domaines;6;Long-term ecological stability in the Pleistocene central Levantine corridor revealed by enamel isotopes from Lebanon;"Gabriele Russo; Faysal Bibi; Chrysa Tsimopoulou; Mathieu Duval; Yamandú Hilbert; Maya Haïdar-Boustani; Dorothée G. Drucker; Sireen El Zaatari";;Communications Earth & Environment;2026-09-14;article;https://doi.org/10.1038/s43247-026-03925-x;https://www.nature.com/articles/s43247-026-03925-x.pdf;https://doi.org/10.1038/s43247-026-03925-x;OpenAlex
2;hors domaines;6;Global seroprevalence of neutralizing and total antibodies against AAV vectors and their impact on the clinical gene therapy landscape: a scoping review;"Cristina Sánchez-Gutierrez; Luisa Fernanda Bohorquez-Zambrano; Camila Garnica-Álvarez; Melvin Y. Rincon; Augusto Valderrama‐Aguirre";;Frontiers in Medicine;2026-09-22;article;https://doi.org/10.3389/fmed.2026.1925844;https://www.frontiersin.org/journals/medicine/articles/10.3389/fmed.2026.1925844/pdf;https://doi.org/10.3389/fmed.2026.1925844;OpenAlex
2;hors domaines;6;A VSV-based pseudotyping system for studying entry and neutralization of papiine alphaherpesvirus 2;"Lina Elsasser; Sabine Gärtner; Pamela Stomberg; Laura Schröter; Anja Naßl; Katharina E. Decker; Prerna Arora; Annette Damert; Stefan Pöhlmann; Michael Winkler";;Scientific Reports;2026-09-23;article;https://doi.org/10.1038/s41598-026-72225-3;https://www.nature.com/articles/s41598-026-72225-3.pdf;https://doi.org/10.1038/s41598-026-72225-3;OpenAlex
2;hors domaines;6;Accelerated development and deployment of computer vision models for invasive aquatic pests;"Rose A. Pearson; Gareth Preston; Jeremy Bulleid; Svenja David; Felix Vaux; Daniel Clements; Leigh W. Tait";;Scientific Reports;2026-09-23;article;https://doi.org/10.1038/s41598-026-72212-8;https://www.nature.com/articles/s41598-026-72212-8_reference.pdf;https://doi.org/10.1038/s41598-026-72212-8;OpenAlex
2;hors domaines;6;Mitigation of the Risk of Importing Akabane and Exotic Bluetongue Virus in Ruminant-Sourced Sera;"Lisa Orfe; Raymond W. Nims";;Viruses;2026-09-19;article;https://doi.org/10.3390/v18091039;;https://doi.org/10.3390/v18091039;OpenAlex
2;hors domaines;6;MicroRNA Responses Associated with Vector-Borne Diseases in Humans and Arthropod Vectors: A Systematic Review;"Tilini K. De Silva; John Stenos; Stephen Graves; Tarka Raj Bhatta; Nathan B. Unsworth; Ryan J. Farr; Cameron R. Stewart; Simon Matthew Firestone";;International Journal of Molecular Sciences;2026-09-22;review;https://doi.org/10.3390/ijms27198444;;https://doi.org/10.3390/ijms27198444;OpenAlex
2;hors domaines;6;Ogataea Yeast Platform for Recombinant Porcine Interferon-Alpha 1 Production: Toward Alternative Biotherapeutics for Swine Health Management;"Benjamas Liwnaree; Thorntun Deangphare; Chinnawat Assana; Kitisak Sansatchanon; Jedsadakorn Ninrat; Jaraspim Narkpuk; Nanchaya Wanasen; Aekkachai Puseenam; Niran Roongsawang; Kanokarn Kocharin; Peera Jaru-Ampornpan";;Microorganisms;2026-09-23;article;https://doi.org/10.3390/microorganisms14102150;;https://doi.org/10.3390/microorganisms14102150;OpenAlex
2;hors domaines;6;Balancing autonomy and the government representation roles: institutional change of Indonesia’s provincial government;Zuliansyah Putra Zulkarnain;;Cogent Social Sciences;2026-09-12;article;https://doi.org/10.1080/23311886.2026.2727144;https://www.tandfonline.com/doi/pdf/10.1080/23311886.2026.2727144?needAccess=true;https://doi.org/10.1080/23311886.2026.2727144;OpenAlex
2;hors domaines;6;WD-CD: a large-scale high-resolution optical remote sensing benchmark for fine-grained change detection in war scenarios;"D. J. Li; Lei Ma; Guangjun He; Yaohui Chu; Yingnan Guo; Ruikun Wang; Ying Liang; Pengming Feng";;Frontiers in Remote Sensing;2026-09-10;article;https://doi.org/10.3389/frsen.2026.1930744;https://www.frontiersin.org/journals/remote-sensing/articles/10.3389/frsen.2026.1930744/pdf;https://doi.org/10.3389/frsen.2026.1930744;OpenAlex
2;hors domaines;6;Development of a novel multiepitope vaccine against Gag polyprotein of HTLV using in silico approaches;"Maryam Zare; Tayebeh Hashempour; Mohammad-Matin Karbalaee-Alinazari; Amin Zahmatkesh; Kimia Salajeghe";;Scientific Reports;2026-09-04;article;https://doi.org/10.1038/s41598-026-64039-0;https://www.nature.com/articles/s41598-026-64039-0_reference.pdf;https://doi.org/10.1038/s41598-026-64039-0;OpenAlex
2;hors domaines;6;Multidimensional in vitro assay for antimalarial combination testing and pharmacodynamic modeling – the MULT-i2 assay;"Angela Hellingman; Christin Gumpp; Jörg J. Möhrle; Belen Tornesi; Didier Leroy; Sergio Wittlin; Pascal Mäser; Nicolas M. B. Brancucci; Sebastian G. Wicha; Matthias Rottmann";;eLife;2026-09-18;preprint;https://doi.org/10.7554/elife.111860.2;;https://doi.org/10.7554/elife.111860.2;OpenAlex
2;hors domaines;6;Rethinking non-human primate models for emerging viral infections after COVID-19;"Dong‐Yeon Kim; Jung Joo Hong";;Laboratory Animal Research;2026-09-24;article;https://doi.org/10.1186/s42826-026-00299-1;;https://doi.org/10.1186/s42826-026-00299-1;OpenAlex
2;hors domaines;6;Gut microbiota variation in captive tortoises is associated with host species, trophic category, and growth rate;"Kimberly Vanous; Connie A. Rojas; Carly Pomeroy; Holly H. Ganz";;Frontiers in Microbiology;2026-09-10;article;https://doi.org/10.3389/fmicb.2026.1861012;https://www.frontiersin.org/journals/microbiology/articles/10.3389/fmicb.2026.1861012/pdf;https://doi.org/10.3389/fmicb.2026.1861012;OpenAlex
2;hors domaines;6;Deep-learning-derived glaucoma-related endophenotypes enable novel genome-wide genetic and functional discovery;"Liyin Chen; Yan Zhao; Saber Kazeminasab Hashemabad; Tobias Elze; Mohammad Eslami; Mengyu Wang; Janey L. Wiggs; Ayellet Segre; Nazlee Zebardast";;npj Genomic Medicine;2026-09-19;article;https://doi.org/10.1038/s41525-026-00612-w;https://www.nature.com/articles/s41525-026-00612-w_reference.pdf;https://doi.org/10.1038/s41525-026-00612-w;OpenAlex
2;hors domaines;6;Climatology of water masses at intermediate levels in the eastern North Atlantic: Spatial distribution and trends;"Marta Brotons; Francisco Machín; Ángeles Marrero-Díaz";;Journal of Sea Research;2026-09-09;article;https://doi.org/10.1016/j.seares.2026.102743;https://www.sciencedirect.com/science/article/pii/S1385110126000778/pdf;https://doi.org/10.1016/j.seares.2026.102743;OpenAlex
2;hors domaines;6;Investigation of Biomarkers Secreted from Adipose Tissue in Cattle Infected with Theileria annulata;"Cennet Nur Ünal; Murat Uzti̇mür; Münir Aktaş; Mehmet Can Uluçeşme; Sümeyye Babacan; Mustafa İssi";;Veterinary Sciences;2026-09-04;article;https://doi.org/10.3390/vetsci13090911;;https://doi.org/10.3390/vetsci13090911;OpenAlex
2;hors domaines;6;Machine-Learning-Based GNSS Signal Anomaly Classification Using COSMIC-2 POD Data;"Ziming Liang; Ruimin Jin; Xiang Cui; Longjiang Chen; Weimin Zhen; Huaiyun Peng; Huiyun Yang; Mingyue Gu; Guangwang Ji";;Remote Sensing;2026-09-08;article;https://doi.org/10.3390/rs18183074;;https://doi.org/10.3390/rs18183074;OpenAlex
2;hors domaines;6;Molecular identification and diversity assessment of Tyrrhenian Romulea species (Iridaceae);"Alex Baumel; Virgile Noble; Cyllène Chatellier; Juan Viruel; Stephen Mifsud; Henri Michaud; Alain Delage; Lisandru Leandri; Andrea Lallai; Gianluca Iiriti; Gianniantonio Domina; Gabriele Casazza; Pere Fraga-Arguimbau; Baptiste Pierre; Anouar Toumi; Frédéric Mèdail";;PLoS ONE;2026-09-15;article;https://doi.org/10.1371/journal.pone.0358245;https://journals.plos.org/plosone/article/file?id=10.1371/journal.pone.0358245&type=printable;https://doi.org/10.1371/journal.pone.0358245;OpenAlex
2;hors domaines;6;Trypanosoma evansi: Molecular Characterization and Validation of a Cathepsin-L-like Peptidase as a Potential Therapeutic Target;"Adolfo Bremo; Yenis G. Pérez; Lilia M. Turcios; Conor R. Caffrey; Matthew Bogyo; James H. McKerrow; Mary Isabel Gonzatti";;Pathogens;2026-09-08;article;https://doi.org/10.3390/pathogens15090954;;https://doi.org/10.3390/pathogens15090954;OpenAlex
2;hors domaines;6;Risk-stratified epidemiology and global burden of urinary tract infections across healthcare and high-risk populations: a systematic review and meta-analysis;"Wenjing Wang; Na Huo; Huimin Ma; Xiangyan Li; Yan Wang";;BMC Infectious Diseases;2026-09-24;article;https://doi.org/10.1186/s12879-026-14395-z;;https://doi.org/10.1186/s12879-026-14395-z;OpenAlex
2;hors domaines;6;Ensemble fire probability prediction by integrating meteorological AI models with lightweight prediction networks;"Hao Wu; Jie Luo; Xingdong Yan; Congcong Li; Jianwu Xing; Hengze Zhao; Dongmei Huang; Wei Huang; Lingxiang Wang; Bin Xu";;Ecological Indicators;2026-09-18;article;https://doi.org/10.1016/j.ecolind.2026.115478;https://www.sciencedirect.com/science/article/pii/S1470160X26008794/pdf;https://doi.org/10.1016/j.ecolind.2026.115478;OpenAlex
2;hors domaines;6;Integrating Epidemiology, Immunology, and Host Genetics for Controlling Peste des Petits Ruminants in Goats;"Md. Aminul Islam; Saifur Rahman; Md. Shafiqul Islam; Sharmin Aqter Rony; Asep Gunawan; Hari Om Pandey; Md. Taohidul Islam; A. K. M. Anisur Rahman; Md. Abu Hadi Noor Ali Khan; Julio Villena; Haruki Kitazawa; Muhammad Jasim Uddin";;Viruses;2026-09-13;article;https://doi.org/10.3390/v18091007;;https://doi.org/10.3390/v18091007;OpenAlex
2;hors domaines;6;Season-Specific Spatial Organization of Global Aerosol Optical Depth from 25 Years of MODIS Observations Revealed by Nonnegative Matrix Factorization;"Weizhen Hou; Yue Wang; Xiong Liu; Xiaoguang Xu";;Remote Sensing;2026-09-23;article;https://doi.org/10.3390/rs18193292;;https://doi.org/10.3390/rs18193292;OpenAlex
2;hors domaines;6;Highly bipolar planetary nebula Hen 2-57 and its possible symbiotic core;"Jaroslav Merc; J. Mikołajewska; Krystian Iłkiewicz; Andrzej Udalski";;Monthly Notices of the Royal Astronomical Society;2026-09-17;article;https://doi.org/10.1093/mnras/stag1771;https://academic.oup.com/mnras/advance-article-pdf/doi/10.1093/mnras/stag1771/71227204/stag1771.pdf;https://doi.org/10.1093/mnras/stag1771;OpenAlex
2;hors domaines;6;Sex-specific effects of automated feeding on lifespan and reproduction in Nothobranchius furzeri;"Luca Dolfi; Michael Kothmayer; Elmar E. Ebner; Renate Löhnert; Oliver Pusch";;Frontiers in Aging;2026-09-14;article;https://doi.org/10.3389/fragi.2026.1869084;;https://doi.org/10.3389/fragi.2026.1869084;OpenAlex
2;hors domaines;6;Population genetic structure and introduction history of an invasive species Coptodon zillii in southern China;"Lu Shu; Fandong Yu; Miao Fang; Keyang Peng; Jiaqi Wu; Xuejie Wang; Chi Zhang; Dangen Gu";;Global Ecology and Conservation;2026-09-08;article;https://doi.org/10.1016/j.gecco.2026.e04412;https://www.sciencedirect.com/science/article/pii/S2351989426003628/pdf;https://doi.org/10.1016/j.gecco.2026.e04412;OpenAlex
2;hors domaines;6;Carbon storage in silvopastoral systems: a global review and meta-analysis;"Tien Chinh Nguyen; David J. Lee; Helen F. Nahrung; Teresa J. Eyre; Anibal Nahuel Alejandro Pachas";;Trees Forests and People;2026-09-17;article;https://doi.org/10.1016/j.tfp.2026.101492;;https://doi.org/10.1016/j.tfp.2026.101492;OpenAlex
2;hors domaines;6;Three-stage DG–ESS planning using Tianji’s horse racing optimization for hosting capacity enhancement in radial distribution networks;"Mohamed Abdelbadea; Asmaa sobhy sabik; Mohammed I. Elsayed";;Scientific African;2026-09-16;article;https://doi.org/10.1016/j.sciaf.2026.e03635;;https://doi.org/10.1016/j.sciaf.2026.e03635;OpenAlex
2;hors domaines;6;Serosurveillance and participatory disease surveillance of Peste des Petits Ruminants (PPR) in Georgia and Armenia in 2019–2020;"Jerome N. Baron; Nino G. Vepkhvadze; Tigran Markosyan; Ana Gulbani; Tea Enukidze; Vasili Basiladze; Tengiz Chaligava; Demna Khelaia; Natia Kartskhia; Tengiz Kurashvili; Satenik Kharatyan; Khachik Sargsyan; Ketevan Goginashvili; Maka Kokhreidze; Tamar Tigilauri; Natia Toklikishvili; Marina Turmanidze; Eliso Mamisashvili; Karl Ståhl; Guillermo Risatti; Erika Chenais";;BMC Veterinary Research;2026-09-04;article;https://doi.org/10.1186/s12917-026-05781-5;;https://doi.org/10.1186/s12917-026-05781-5;OpenAlex
2;hors domaines;6;Pathways linking the built environment and loneliness: A conceptual model based on a scoping review;"Pauline van den Berg; Mathias Lasgaard; Gamze Z. Dane; Nina R. Goldman; Joanna McHugh Power; Siiri‐Liisi Kraav; Leen Heylen; Kostas Mouratidis; Julie Ann Christiansen; Evy de Kort; Dorien Gryp; Astrid D. A. M. Kemperman; Pamela Qualter; Eric Schoenmakers";;Wellbeing Space and Society;2026-09-04;article;https://doi.org/10.1016/j.wss.2026.100471;https://www.sciencedirect.com/science/article/pii/S2666558126001296/pdf;https://doi.org/10.1016/j.wss.2026.100471;OpenAlex
2;hors domaines;6;Consumer behavior in social commerce: a scoping review of the scientific literature;"Kevin Andrés Alvarado-Gaibor; Eduardo Espinoza-Solís; Milton Fabián Peñaherrera-Larenas; Washington Guevara‐Piedra; Sofía G. Lovato-Torres; Dennis Alfredo Peralta-Gamboa";;Frontiers in Human Dynamics;2026-09-09;article;https://doi.org/10.3389/fhumd.2026.1819540;https://www.frontiersin.org/journals/human-dynamics/articles/10.3389/fhumd.2026.1819540/pdf;https://doi.org/10.3389/fhumd.2026.1819540;OpenAlex
2;hors domaines;6;Ancestry-specific DNA methylation signatures of smoking and associations with atherosclerotic cardiovascular disease risk: findings from the Million Veteran Program;"Dennis Khodasevich; AUSTIN T. HILLIARD; Alexa Barad; Jiayan Zhou; Rodrigo Guarischi‐Sousa; Shoa L. Clarke; Kathryn M. Pridgen; Julie A. Lynch; Kyong‐Mi Chang; Philip S. Tsao; Themistocles L. Assimes; Andres Cardenas; VA Million Veteran Program";;Genome Medicine;2026-09-10;article;https://doi.org/10.1186/s13073-026-01761-4;;https://doi.org/10.1186/s13073-026-01761-4;OpenAlex
2;hors domaines;6;Tagetes erecta medicinal value under saline-stress and salicylic acid treatment;"Mohammed Sallam; Thabit Alqardaeai; Essam F. Abou-Sawan; Ahmed Z. Dewidar; Akram Rajeh; Mohammed A. Al-Yafrsi";;Pakistan Journal of Botany;2026-09-07;article;https://doi.org/10.30848/pjb2026-11(20);http://pakbs.org/pjbot/papers/1788769840.pdf;https://doi.org/10.30848/pjb2026-11(20);OpenAlex
2;hors domaines;6;Real-World Use of Controlled Terminologies, Ontologies, and Vocabularies for Evidence Generation Across a Large International Observational Network: Challenges and Lessons Learned From a Mixed Method Study;"Anna Ostropolets; Vladislav Korsik; Tatsiana Skuhareuskaya; Oleg Zhuk; Maryia Khitrun; Alexander Davydov; Dmitry Dymshyts; Christian Reich; George M. Hripcsak; Patrick B. Ryan";;JMIR Medical Informatics;2026-09-15;article;https://doi.org/10.2196/92727;;https://doi.org/10.2196/92727;OpenAlex
2;hors domaines;6;Effects of Combined Application of Organic and Chemical Fertilizers on Nutrient Accumulation and Utilization Efficiency of Alfalfa;"Lan Wang; Qi Wang; Xuerong Ma; Zhuang Xue; An Yan; Shuai Shao";;Plants;2026-09-11;article;https://doi.org/10.3390/plants15182785;;https://doi.org/10.3390/plants15182785;OpenAlex
2;hors domaines;6;Impact of high-resolution soil erodibility datasets on dust simulations in WRF-Chem with the GOCART scheme;"Leandro Segado-Moreno; Juan Pedro Montávez; Ginés Garnés-Morales; Eloisa Raluy-López; Pedro Jiménez‐Guerrero; Rajesh Kumar";;Atmospheric chemistry and physics;2026-09-07;article;https://doi.org/10.5194/acp-26-12641-2026;;https://doi.org/10.5194/acp-26-12641-2026;OpenAlex
2;hors domaines;6;Chemical ecology in cave-dwelling invertebrates: research trends and knowledge gaps;"Priscila Emanuela de Souza; Rodrigo Lopes Ferreira; Maria Fernanda G. V. Peñaflor";;Subterranean Biology;2026-09-18;article;https://doi.org/10.3897/subtbiol.58.208199;;https://doi.org/10.3897/subtbiol.58.208199;OpenAlex
2;hors domaines;6;Epidemiological comparison of international travel-associated and domestically acquired Campylobacter, Salmonella, and Shigella infections reported to Foodborne Diseases Active Surveillance Network (FoodNet), 2010–2019;"Hazel J. Shah; Kristina M. Angelo; Sophia Wozny; Sarah Lathrop; Sean Buuck; Melissa Tobin-D'Angelo; Rosalie Trevejo; Kerianne Engesser; Elaine Scallan Walter; Marcy McMillan; Christina Turner; Katie Wymore; Robin Pendley Louis; Daniel Lowell Weller";;Travel Medicine and Infectious Disease;2026-09-10;article;https://doi.org/10.1016/j.tmaid.2026.103022;https://www.sciencedirect.com/science/article/pii/S1477893926000724/pdf;https://doi.org/10.1016/j.tmaid.2026.103022;OpenAlex
2;hors domaines;6;GLOBAL DECLARATION OF YOUNG PASTORALISTS: MADRID CALL TO ACTION;"Saverio Krätli; Blamah Jalloh; Wenjun Li; Pierre Hiernaux; Habibou Assouma; Michelle Venter; Linda Pappagallo; Hassan Roba; Ariell Ahearn; Hussein Tadicha; Véronique Ancey; Malih Ole Kaunga; Lilli Scheiterle; Jane Meriwas; Francesca Di Matteo; Liban Golicha; Sergio Magnani; Jacob Lekaitogo; Karl Wagner";;Nomadic Peoples;2026-09-14;article;https://doi.org/10.3828/whpnp.63904085203766;https://www.liverpooluniversitypress.co.uk/doi/pdf/10.3828/whpnp.63904085203766?download=true;https://doi.org/10.3828/whpnp.63904085203766;OpenAlex
2;hors domaines;6;Mapping of three novel linear B-cell epitopes on the VP7 protein of epizootic hemorrhagic disease virus with monoclonal antibodies;"Xinbing Hu; Yunru Zhong; Yingjuan He; Mingxin Zhang; Fanhua Meng; Yu Zhang; Zhancheng Tian; Guiquan Guan; Jijun He; Youjun Shang; Jun Ai; Junzheng Du";;Veterinary Research;2026-09-19;article;https://doi.org/10.1186/s13567-026-01842-7;https://link.springer.com/content/pdf/10.1186/s13567-026-01842-7.pdf;https://doi.org/10.1186/s13567-026-01842-7;OpenAlex
2;hors domaines;6;Artificial intelligence integration in higher education: a global systematic thematic synthesis of opportunities, risks, and emerging frontiers;"Cristóbal Rodríguez-Montoya; Luís Eduardo Garrido; Guillermo VanderLinde";;Discover Education;2026-09-17;article;https://doi.org/10.1007/s44217-026-02175-5;https://link.springer.com/content/pdf/10.1007/s44217-026-02175-5.pdf;https://doi.org/10.1007/s44217-026-02175-5;OpenAlex
2;hors domaines;6;Decoding Primary Open-Angle Glaucoma: A Multi-Omics Approach to Identify Druggable Effector Genes;"Jie Guo; Ying Yao; Hongliang Lin; Yongyi Niu; Xue Li; Jing Liu; Shunming Liu; Yongjie Qin; Mahantesh Biradar; Xianwen Shang; Zhuoting Zhu; Denis Plotnikov; Huan Wang; Anthony P. Khawaja; Mingguang He; Yu Huang; Hongyang Zhang";;Investigative Ophthalmology & Visual Science;2026-09-11;article;https://doi.org/10.1167/iovs.67.11.19;;https://doi.org/10.1167/iovs.67.11.19;OpenAlex
2;hors domaines;6;Quantifying ASF Outbreak Dynamics in the Philippines (2019–2023) Using Joinpoint Regression and the Estimated Dissemination Ratio;"Samuel Joseph M. Castro; Roderick T. Salvador; Romeo S. Gundran; Janice S. Garcia; Supitchaya Siriyakhun; Jakkawat Pongsumpan; Kannika Na Lampang";;Animals;2026-09-07;article;https://doi.org/10.3390/ani16172811;;https://doi.org/10.3390/ani16172811;OpenAlex
2;hors domaines;6;Assessing Hardy-Weinberg equilibrium in T2T-aligned 1000 genomes project;"Elika Garg; Jaffa Romain; Lei Sun; Andrew D. Paterson";;PLoS Genetics;2026-09-15;article;https://doi.org/10.1371/journal.pgen.1012280;https://journals.plos.org/plosgenetics/article/file?id=10.1371/journal.pgen.1012280&type=printable;https://doi.org/10.1371/journal.pgen.1012280;OpenAlex
2;hors domaines;6;Global trends and projections of rehabilitation needs in chronic obstructive pulmonary disease, 1990–2050: an analysis using WHO rehabilitation need estimates;"Yu Qiu; Yue Lan; Hou Yan; Xin Huang; Ling Huang; Junjie Xia";;Frontiers in Public Health;2026-09-14;article;https://doi.org/10.3389/fpubh.2026.1921263;;https://doi.org/10.3389/fpubh.2026.1921263;OpenAlex
2;hors domaines;6;Type I IFN coordinates resistance and tolerance against Zika virus disease by inducing NK cell recruitment and limiting neutrophil-driven neuropathology in the brain;"Luan Rocha Lima; Sharton Vinícius Antunes Coelho; Lana Monteiro Meuren; Yasmin Mucunã Mustafá; Emanuelle Vasconcellos de Lima; Emylle Costa-Bartuli; Elena Montes‐Cobos; Ricardo Correia da Silva; Raquel Maria P. Campos; Marcelo T. Bozza; Pedro Moreno Pimentel‐Coelho; Julia R. Clarke; Luciana Barros de Arruda";;Brain Behavior & Immunity - Health;2026-09-21;article;https://doi.org/10.1016/j.bbih.2026.101367;;https://doi.org/10.1016/j.bbih.2026.101367;OpenAlex
2;hors domaines;6;Habitual nutrient intakes and postprandial glycaemic responses to glucose and orange juice among ethnically diverse adults in London: an exploratory cross-sectional analysis;"Honglin Dong; Sophie Turner; A.F.M. Saiful Islam; Christian Reynolds; Swrajit Sarkar";;Frontiers in Nutrition;2026-09-07;article;https://doi.org/10.3389/fnut.2026.1884719;https://www.frontiersin.org/journals/nutrition/articles/10.3389/fnut.2026.1884719/pdf;https://doi.org/10.3389/fnut.2026.1884719;OpenAlex
2;hors domaines;6;A panel data investigation of macroeconomic determinants of carbon emission and food waste;"Anshul Agrawal; Sanjeev Kadam";;Discover Sustainability;2026-09-23;article;https://doi.org/10.1007/s43621-026-04794-2;;https://doi.org/10.1007/s43621-026-04794-2;OpenAlex
2;hors domaines;6;The Silent Vehicle: Validating the Biological Signals and Noises of Baculovirus Vectors in Macrophage-Targeted Vaccines;"Beginda Ridwan; Farrah Putri Salmanida; Rika Wahyuningtyas; Yin‐Siew Lai; Mei‐Li Wu; Wen-Bin Chung; Chia-Tsai Chang; Ko‐Tung Chang";;Vaccines;2026-09-16;article;https://doi.org/10.3390/vaccines14090816;;https://doi.org/10.3390/vaccines14090816;OpenAlex
2;hors domaines;6;Signatures of selection in Cameroonian Gudali and Simgud cattle;"Youchahou Poutougnigni Matenchi; Matthew Hegarty";;Scientific Reports;2026-09-16;article;https://doi.org/10.1038/s41598-026-71913-4;https://www.nature.com/articles/s41598-026-71913-4.pdf;https://doi.org/10.1038/s41598-026-71913-4;OpenAlex
2;hors domaines;6;Case Report: From somatic pain to shared narrative—mentalization and intergenerational trauma in a transcultural group consultation;"Iolanda Faustino; Alice Titia Rizzi; Marie Rose Moro; Rahmeth Radjack";;Frontiers in Psychology;2026-09-11;article;https://doi.org/10.3389/fpsyg.2026.1933126;https://www.frontiersin.org/journals/psychology/articles/10.3389/fpsyg.2026.1933126/pdf;https://doi.org/10.3389/fpsyg.2026.1933126;OpenAlex
2;hors domaines;6;Revealing the genetic diversity in the global ex situ sweetpotato collection with next generation sequencing technologies;"Noelle L. Anglin; Ronald Robles; Genoveva Rossel; Logotonu Meleisea Waqainabete; Semi Cakaunitavuki; Amit C. Sukal; Norma C. Manrique - Carpintero; Ana Panta; Rainer Vollmer; Alexandre F. S. Mello; Vania C. A. Renno; David Ellis";;Frontiers in Plant Science;2026-09-21;article;https://doi.org/10.3389/fpls.2026.1864624;;https://doi.org/10.3389/fpls.2026.1864624;OpenAlex
2;hors domaines;6;Functional divergence of the Bhanja virus NSs protein modulates interferon antagonism and viral fitness across divergent lineages;"Andrew T. Clarke; Kelsey Davies; Mazigh Fares; Agnieszka M. Szemiel; Diogo Corrêa Mendonça; Karen Kerr; Vanessa Herder; Lesley Bell‐Sakyi; Brian J. Willett; Arvind H. Patel; Alain Kohl; Benjamin Brennan";;PLoS Pathogens;2026-09-24;article;https://doi.org/10.1371/journal.ppat.1014645;;https://doi.org/10.1371/journal.ppat.1014645;OpenAlex
2;hors domaines;6;Quantifying atmospheric and land drivers of hot temperature extremes through explainable Artificial Intelligence;"Alejandro Mesa; Lluís Palma; Markus G. Donat; Stefano Materia; Bruna Gràvalos Talló; Raül Marcos-Matamoros";;Weather and Climate Dynamics;2026-09-07;article;https://doi.org/10.5194/wcd-7-1709-2026;https://wcd.copernicus.org/articles/7/1709/2026/wcd-7-1709-2026.pdf;https://doi.org/10.5194/wcd-7-1709-2026;OpenAlex
2;hors domaines;6;Temperament assessment of black (Diceros bicornis) and white (Ceratotherium simum) rhinos using keeper temperament surveys and novel object tests;"Kelly Chimpén Mac Leod; Marieke K. Jones; Lara C. Metrione; Elizabeth W. Freeman";;PLoS ONE;2026-09-16;article;https://doi.org/10.1371/journal.pone.0356484;;https://doi.org/10.1371/journal.pone.0356484;OpenAlex
2;hors domaines;6;Effects of multicultural piano education on children's psychosocial wellbeing: the roles of cross-cultural musical competence and cultural identity;"Qi Yu; Panghua Tian";;Frontiers in Psychology;2026-09-18;article;https://doi.org/10.3389/fpsyg.2026.1942999;https://www.frontiersin.org/journals/psychology/articles/10.3389/fpsyg.2026.1942999/pdf;https://doi.org/10.3389/fpsyg.2026.1942999;OpenAlex
2;hors domaines;6;Clinical contribution of mNGS in the diagnosis and management of imported falciparum malaria in a malaria-free region: a five-case series from northern China;"Bin Niu; Rong Wang; Haiyan Tian; Xinran Li; Yangdi Yu; Jiaolong Ren; Liaoyun Zhang";;Frontiers in Cellular and Infection Microbiology;2026-09-24;article;https://doi.org/10.3389/fcimb.2026.1978670;;https://doi.org/10.3389/fcimb.2026.1978670;OpenAlex
2;hors domaines;6;Fintech and the future of banking: Competition, complementarity, and regional dynamics;"Hassnian Ali; Ahmet Faruk Aysan";;International Review of Economics & Finance;2026-09-18;article;https://doi.org/10.1016/j.iref.2026.105829;https://www.sciencedirect.com/science/article/pii/S1059056026009421/pdf;https://doi.org/10.1016/j.iref.2026.105829;OpenAlex
2;hors domaines;6;Hybrid Dual-Stage Solar Thermal Integration into the Cement Kiln Pre-Heater for Industrial Decarbonization: A Case Study in Jordan;"Mathhar Bdour; Mustafa Jaradat; Ohoud Aljaloudi";;Energies;2026-09-04;article;https://doi.org/10.3390/en19174199;;https://doi.org/10.3390/en19174199;OpenAlex
2;hors domaines;6;Surveillance of antibiotic-resistant bacteria integrating whole genome sequencing and epidemiological information – a global, systematic review, 2012–2023;"Felix Reichert; Mark G. Perry; Mirco Sandfort; Sebastian Haller; Dunja Said; Tim Eckmanns; Kevin McDermott; Caro Noake; Robert F. Wolff; Jörg B. Hans";;Antimicrobial Resistance and Infection Control;2026-09-24;article;https://doi.org/10.1186/s13756-026-01821-9;;https://doi.org/10.1186/s13756-026-01821-9;OpenAlex
2;hors domaines;6;Engineered virus-like particle nanoplatforms for next-generation vaccines: antigen display, immune potentiation, and physicochemical stabilization;"Min Ja Lee; Kyeong Rok Kim; Hyeong Won Kim";;Journal of Nanobiotechnology;2026-09-12;article;https://doi.org/10.1186/s12951-026-05069-8;;https://doi.org/10.1186/s12951-026-05069-8;OpenAlex
2;hors domaines;6;WorldCuP: A database of checklists documenting the World's Cultivated Plants and their distributions;"Nicole L. Kinlock; Amy J.S. Davis; Mark van Kleunen";;Plants People Planet;2026-09-22;article;https://doi.org/10.1002/ppp3.70274;https://onlinelibrary.wiley.com/doi/pdfdirect/10.1002/ppp3.70274;https://doi.org/10.1002/ppp3.70274;OpenAlex
2;hors domaines;6;Bioactive Peptides Derived from Goat Milk: A Critical Narrative Review of Generation Pathways, Evidence Quality and Translational Barriers;"Prateek Choudhary; Arun Kumar; Abhayraj Joshi; Rakesh Choudhary; Shalabh Goel";;European Journal of Nutrition & Food Safety;2026-09-22;review;https://doi.org/10.9734/ejnfs/2026/v18i102159;https://www.journalejnfs.com/index.php/EJNFS/article/download/2159/4946;https://doi.org/10.9734/ejnfs/2026/v18i102159;OpenAlex
2;hors domaines;6;Five-year spatio-temporal occurrence of Culicoides biting midges and arbovirus surveillance at livestock-associated sites in the Republic of Korea, 2021–2025;"Jong-Uk Jeong; Jihun Ryu; Hyun-Jeong Kim; Youjin Han; Hye-Young Jeoung; Hae‐Eun Kang; In‐Soon Roh; SeEun Choe";;Parasites & Vectors;2026-09-04;article;https://doi.org/10.1186/s13071-026-07674-w;;https://doi.org/10.1186/s13071-026-07674-w;OpenAlex
2;hors domaines;6;HPV vaccination in New York City: variation by population characteristics and nativity;"Perla Chebli; Nidhi Monga Nakra; LAURA WYATT; Simona C. Kwon; Chau Trinh-Shevrin; Madison N. LeCroy";;BMC Cancer;2026-09-21;article;https://doi.org/10.1186/s12885-026-16819-0;;https://doi.org/10.1186/s12885-026-16819-0;OpenAlex
2;hors domaines;6;Artificial intelligence in eating disorder research: a scoping review with bibliometric analysis of trends, methodologies, and translational readiness (2016–2025);"Yasin Çalışkan; Mesut Sarı; Hülya Binokay";;Eating and Weight Disorders - Studies on Anorexia Bulimia and Obesity;2026-09-20;article;https://doi.org/10.1007/s40519-026-01905-w;;https://doi.org/10.1007/s40519-026-01905-w;OpenAlex
2;hors domaines;6;Rift Valley fever virus virulence factor NSs targets ATF4- and XBP1-driven unfolded protein response;"Kaori Terasaki; Shinji Makino";;Journal of Virology;2026-09-24;article;https://doi.org/10.1128/jvi.01233-26;;https://doi.org/10.1128/jvi.01233-26;OpenAlex
2;hors domaines;6;Impact of high temperatures on healthcare utilisation among older adults: a scoping review;"Luís Mieiro; Jennifer Farren; Matthew Prina; Shereen Hussein; Sari R. Kovats";;BMC Geriatrics;2026-09-09;article;https://doi.org/10.1186/s12877-026-08207-x;;https://doi.org/10.1186/s12877-026-08207-x;OpenAlex
2;hors domaines;6;Genetic Structure and Selection Signals in Hetian Gray Donkeys and Xinjiang Donkeys from Xinjiang, China;"Yongqing Li; Shihao Liu; Juan Geng; Weiwei Wu";;Animals;2026-09-08;article;https://doi.org/10.3390/ani16182825;;https://doi.org/10.3390/ani16182825;OpenAlex
2;hors domaines;6;Food-supply resilience under policy, market, and biosecurity shocks: a diagnostic of import vulnerability, supplier substitution, and short-run callable capacity in RCEP agri-food networks;"Guo Ru; Bolu Wei; Mingrong Zeng; Pan Liu; Bixiang Shi";;Frontiers in Sustainable Food Systems;2026-09-16;article;https://doi.org/10.3389/fsufs.2026.1924874;https://www.frontiersin.org/journals/sustainable-food-systems/articles/10.3389/fsufs.2026.1924874/pdf;https://doi.org/10.3389/fsufs.2026.1924874;OpenAlex
2;hors domaines;6;Determinants of healthcare access among internally displaced persons in a conflict-affected district of Burkina Faso: a cross-sectional study;"Abdoul Kader Sinka; Patrice Ngangue";;BMC Public Health;2026-09-23;article;https://doi.org/10.1186/s12889-026-29570-9;;https://doi.org/10.1186/s12889-026-29570-9;OpenAlex
2;hors domaines;6;89. MULTI-ANCESTRY GENOME-WIDE ASSOCIATION STUDY META-ANALYSIS OF BLOOD GLUCOSE LEVELS IN GREATER THAN 1.5 MILLION SUBJECTS AND SHARED GENETIC ARCHITECTURE WITH PSYCHIATRIC DISORDERS;"Ellen Weinheimer; Keyrun Adhikari; Kazi Tanvir Hasan; RICHARD KIBBEY; the VA Million Veteran Program; J. Michael Gaziano; Joseph Deak; Gelernter Joel";;European Neuropsychopharmacology;2026-09-21;review;https://doi.org/10.1016/j.euroneuro.2026.113697;;https://doi.org/10.1016/j.euroneuro.2026.113697;OpenAlex
2;hors domaines;6;Cost-to-baby as a percentage of median household income predicts population-level access to ART: a global health economics analysis;"Giuseppe Silvestri; Steve Rooks; Alejandro Chávez-Badiola; Silvana Perez; Stephanie Kuku; Alan Murray; David Sable; G David Adamson";;Human Reproduction Open;2026-09-22;article;https://doi.org/10.1093/hropen/hoag084;https://academic.oup.com/hropen/advance-article-pdf/doi/10.1093/hropen/hoag084/71326786/hoag084.pdf;https://doi.org/10.1093/hropen/hoag084;OpenAlex
2;hors domaines;6;A forensic linguistic dataset for offensive content detection in a low-resource language: Setswana;"Mopati Kekgathetse; Nkosinathi Mpofu; Taurai Hungwe; H.S. Venter";;Forensic Science International Reports;2026-09-17;article;https://doi.org/10.1016/j.fsir.2026.100520;;https://doi.org/10.1016/j.fsir.2026.100520;OpenAlex
2;hors domaines;6;Unlocking the export potential of small entrepreneurship in Uzbekistan through efficient market infrastructure: a political economy opinion;"Firuza Saidkulova; Askad Atakulov; Munojot Sharipova; Ergash Ibadullaev; Mokhichehra Rajabova";;Frontiers in Political Science;2026-09-15;article;https://doi.org/10.3389/fpos.2026.1916045;https://www.frontiersin.org/journals/political-science/articles/10.3389/fpos.2026.1916045/pdf;https://doi.org/10.3389/fpos.2026.1916045;OpenAlex
2;hors domaines;6;Black Women’s Health Futures: Speculative Method as Structural Intervention;"Whitney C. Irie; Patricia Maritim; Cory Bradley";;Societies;2026-09-23;article;https://doi.org/10.3390/soc16100303;;https://doi.org/10.3390/soc16100303;OpenAlex
2;hors domaines;6;Shyness as an Anticipatory Form of Appeasement in Urban Black American Children;Travis M. Wilson;;Behavioral Sciences;2026-09-24;article;https://doi.org/10.3390/bs16101739;;https://doi.org/10.3390/bs16101739;OpenAlex
2;hors domaines;6;Everyday Discrimination Alters Cognitive Benefits of Restorative NREM Sleep in Black Adults;"Darlingtina  K. Esiaka; Sunkanmi Folorunsho; Stirling Crawford; Osswaah Fariduddin; Roland Thorpe; Elizabeth A. Luth";;SLEEP Advances;2026-09-24;article;https://doi.org/10.1093/sleepadvances/zpag105;;https://doi.org/10.1093/sleepadvances/zpag105;OpenAlex
2;hors domaines;6;IgG4 ‐to‐ IgG Ratio and Orbital Involvement Predict Clinical Response to B Cell Depletion in IgG4 ‐Related Disease;"Young Min Cho; Alejandro Quinteros; Pallavi Khattar; Morris Clive Edelman; Lara El Khoury; Galina Marder";;ACR Open Rheumatology;2026-09-24;article;https://doi.org/10.1002/acr2.90148;;https://doi.org/10.1002/acr2.90148;OpenAlex
2;hors domaines;6;Trends and projected inequalities in type 2 diabetes mellitus mortality in the United States, 1999–2025, with projections to 2035: A CDC WONDER multiple cause of death analysis;"Eshal Atif; Azura Rozila Ahmad; Mazhar Ali; Mohib Ali Hassan; Vishan Das; Danyal Ahmad; Kaneez Fatima; Muhammad Mukhlis; Mehmoona Zahid; Sadia Qazi; Muhammad Atif Mazhar; Akef S. Obeidat";;Diabetology & Metabolic Syndrome;2026-09-23;article;https://doi.org/10.1186/s13098-026-02309-7;;https://doi.org/10.1186/s13098-026-02309-7;OpenAlex
2;hors domaines;6;Identidad de género y deporte: debate en X sobre la participación de Imane Khelif en los Juegos Olímpicos de París 2024;"Francisco José García-Ull; José María Lamirán-Palomares; Lucas Aguilera Bono";;Revista ICONO14;2026-09-21;article;https://doi.org/10.7195/ri14.v24i1.2413;https://icono14.net/ojs/index.php/icono14/article/download/2413/2651;https://doi.org/10.7195/ri14.v24i1.2413;OpenAlex
2;hors domaines;6;From Hunger to Hospitality: Food, Memory, and Collective Identity in Mohammed Dib’s La Grande Maison and Diana Abu-Jaber’s Crescent;"Waffa NOUARI; Amr Mohamed; Mohammed Adel; Hanene Lahiani; Ahmad M. Al Mahamed";;F1000Research;2026-09-07;article;https://doi.org/10.12688/f1000research.184574.1;https://f1000research.com/articles/15-1487/pdf;https://doi.org/10.12688/f1000research.184574.1;OpenAlex
2;hors domaines;6;Analysis of trends in the spectrum of oral diseases at the Chinese level‑II hospital for peacekeeping: A case study from the Democratic Republic of the Congo;"Yifan Zhang; Juanqin Niu; Gang Chen; Dong Qin; Xiangjie Li; Lei Xu; Zipeng Li; Wei Xue";;PLoS ONE;2026-09-15;article;https://doi.org/10.1371/journal.pone.0358265;https://journals.plos.org/plosone/article/file?id=10.1371/journal.pone.0358265&type=printable;https://doi.org/10.1371/journal.pone.0358265;OpenAlex
2;hors domaines;6;Modelling the circulating vaccine-derived polio infection in Cameroon;"Billy Gaspari Tchounke; Cletus Kwa Kum; Berge Tsanou";;Results in Control and Optimization;2026-09-16;article;https://doi.org/10.1016/j.rico.2026.100814;;https://doi.org/10.1016/j.rico.2026.100814;OpenAlex
2;hors domaines;6;Adolescents’ exposure to unhealthy foods and beverages in and around schools in urban Comoros: a cross-sectional mixed-methods study;"Housna Hassani; Moussa Mohamed Ahmed; Agnès Le Port; Mathilde Savy";;BMC Public Health;2026-09-07;article;https://doi.org/10.1186/s12889-026-28897-7;;https://doi.org/10.1186/s12889-026-28897-7;OpenAlex
2;hors domaines;6;Determinants of childhood vaccination differ between conflict-affected and non-conflict regions in Cameroon;"Rodolfo Rossi; Siaka Konaté; Amalid Chebly; Benjamin Awouyiegnigni; Kurt Barbé; Ives Hubloue";;Frontiers in Public Health;2026-09-21;article;https://doi.org/10.3389/fpubh.2026.1892579;https://www.frontiersin.org/journals/public-health/articles/10.3389/fpubh.2026.1892579/pdf;https://doi.org/10.3389/fpubh.2026.1892579;OpenAlex
2;hors domaines;6;Hydrothermal preparation of Nickel oxide nanoparticles for photocatalytic removal of Congo red and antibacterial applications;"Prabhudas Nelaturi; Vadivelan Subramaniyan; Kumaresan Annamalai; Elaiyarasan Uthirapathi; Manjula Ramamoorthy; Kanimozhi Kaliyamoorthi";;Next Nanotechnology;2026-09-12;article;https://doi.org/10.1016/j.nxnano.2026.100774;https://www.sciencedirect.com/science/article/pii/S2949829526004134/pdf;https://doi.org/10.1016/j.nxnano.2026.100774;OpenAlex
2;hors domaines;6;Crimean-Congo Hemorrhagic Fever Disease Awareness Scale: Scale Development, Validity, and Reliability Study;"Gülay Yılmazel; Ayşe Çalmaz; Emre Keleş";;JMIR Public Health and Surveillance;2026-09-14;article;https://doi.org/10.2196/93724;;https://doi.org/10.2196/93724;OpenAlex
2;hors domaines;6;Aminated Wood Aerogel via Tannic Acid/Polyethylenimine Co-Deposition for Enhanced Congo Red Removal;"Zhongjian Li; L.L. Wang; Xiaobo Xue; Man Yin; Lin Zhang; Xian Wang; Bing Zhou; Youming Dong; Xiangmeng Chen; Liuting Mo; Cheng Li";;Gels;2026-09-16;article;https://doi.org/10.3390/gels12090846;;https://doi.org/10.3390/gels12090846;OpenAlex
2;hors domaines;6;Non-neutralizing antibody responses control acute Crimean-Congo hemorrhagic fever virus infection in naïve mice;"Kimberly Meade-White; Shanna S. Brown; Samantha Ertl; Natalie L. McCarthy; Thomas Tipih; Heinz Feldmann; David W. Hawman";;Journal of Virology;2026-09-14;article;https://doi.org/10.1128/jvi.00987-26;https://journals.asm.org/doi/pdf/10.1128/jvi.00987-26?download=true;https://doi.org/10.1128/jvi.00987-26;OpenAlex
2;hors domaines;6;Community-based podiatric health programme to improve access to foot care and strengthen local health capacity in Morocco and Cameroon;"Cristina González-Martín; Vanesa Balboa Barreiro; Teresa García-Rodríguez; Uxia Fernandez-Lopez; Marta Grela-Fariña";;International Journal for Equity in Health;2026-09-23;article;https://doi.org/10.1186/s12939-026-03030-7;;https://doi.org/10.1186/s12939-026-03030-7;OpenAlex
2;hors domaines;6;Phosphorus-Doped Cellulose-Derived Carbon Aerogel for Synergistic Adsorption of Congo Red and Cu(II) from Complex Wastewater;"Kangle Zhao; Junbin Wu; Jing Guo; Zhenwei Wu; Beili Lu; Biao Huang; Guanfeng Lin; Jianhua Lv";;ACS Omega;2026-09-18;article;https://doi.org/10.1021/acsomega.6c05761;;https://doi.org/10.1021/acsomega.6c05761;OpenAlex
2;hors domaines;6;Co-Endemic Zoonoses, Divergent Dynamics: A Comparative Spatiotemporal Analysis of Crimean–Congo Hemorrhagic Fever and Brucellosis with Implications for Integrated Surveillance;"Serdar Karakullukçu; İrem Dilaver; Murat Topbaş; Merve Erdoğan; H. Ebru Çolak; Meral FİDAN UÇAN";;Tropical Medicine and Infectious Disease;2026-09-09;article;https://doi.org/10.3390/tropicalmed11090255;;https://doi.org/10.3390/tropicalmed11090255;OpenAlex
2;hors domaines;6;Biomass-Derived Ni/C/N Magnetic Porous Nanocomposites: Structure, Magnetic Behavior and Adsorption Performance Toward Congo Red;"Ihor Bordun; Dariusz Całus; Myroslav Malovanyy; Nazar Nahurskyi; Anatoliy Borysiuk; Vadym Ptashnyk";;Applied Sciences;2026-09-11;article;https://doi.org/10.3390/app16189012;;https://doi.org/10.3390/app16189012;OpenAlex
2;hors domaines;6;Dual-antigen AdV5 vaccines against Crimean-Congo hemorrhagic fever virus induce superior humoral and Th1-biased cellular immunity;"Alireza Hanifehnezhad; Sıdıka Öztop; Ece Tavukçuoğlu; Yigit Tanyeri; Ekimcan Yoyler; Gökçen Gökçe; Nilay Unal; Asuman Bozkır; Taner Karaoğlu; Güneş Esendağlı; Ateş Kara; Hakan Gürdal; Aykut Özkul";;Scientific Reports;2026-09-11;article;https://doi.org/10.1038/s41598-026-59094-6;https://www.nature.com/articles/s41598-026-59094-6.pdf;https://doi.org/10.1038/s41598-026-59094-6;OpenAlex
2;hors domaines;6;Deadly proximities: zoonotic risk, one health, and ethics of care in conflict;"Karoliina Kurki; Johanna Fipp; Iida‐Maria Tammi; Agneta Kallström";;Journal of International Humanitarian Action;2026-09-10;article;https://doi.org/10.1186/s41018-026-00210-6;https://link.springer.com/content/pdf/10.1186/s41018-026-00210-6.pdf;https://doi.org/10.1186/s41018-026-00210-6;OpenAlex
2;hors domaines;6;Atypical Varicella‐Like Presentation of an Imported Mpox Case in Austria Confirmed to be Infected With Clade Ib;"Amélie Hampel; David N. Springer; Jeremy Vann Camp; Stephan W. Aberle; Maximilian Egg; Luigi Segagni Lusignani; Katharina Grabmeier‐Pfistershammer; Robert Strassl; Judith Wendt; Tamar Kinaciyan; Alessandra Handisurya";;JEADV Clinical Practice;2026-09-21;article;https://doi.org/10.1002/jvc2.70442;https://onlinelibrary.wiley.com/doi/pdfdirect/10.1002/jvc2.70442;https://doi.org/10.1002/jvc2.70442;OpenAlex
2;hors domaines;6;Une espèce nouvelle de Mayotte et un synopsis des Dombeya Cav. (Malvaceae) dans l'archipel des Comores;"Timothée Le Péchon; Abassi Dimassi; Marc Pignal";;Adansonia;2026-09-10;article;https://doi.org/10.5252/adansonia2026v48a17;https://bioone.org/journals/adansonia/volume-48/issue-17/adansonia2026v48a17/Une-esp%c3%a8ce-nouvelle-de-Mayotte-et-un-synopsis-des-Dombeya/10.5252/adansonia2026v48a17.pdf;https://doi.org/10.5252/adansonia2026v48a17;OpenAlex
2;hors domaines;6;APTES–chitosan-modified rice husk mesoporous silica for the adsorption of anionic and cationic dyes;"Sri Hastuti; Rifdah Aulia Rahadatul’aisy; Rigen Dyas Prameswari; Edi Priyo Pramono; Dina Fitriana";;Next Materials;2026-09-15;article;https://doi.org/10.1016/j.nxmate.2026.103507;https://www.sciencedirect.com/science/article/pii/S2949822826019246/pdf;https://doi.org/10.1016/j.nxmate.2026.103507;OpenAlex
2;hors domaines;6;Global burden of diarrheal diseases attributable to 13 pathogens in children under five: a comprehensive analysis from GBD 2021;"Xue Li; Liping Guo; Yongyan Chen; Hanjuan Zhang";;Frontiers in Pediatrics;2026-09-18;article;https://doi.org/10.3389/fped.2026.1846669;https://www.frontiersin.org/journals/pediatrics/articles/10.3389/fped.2026.1846669/pdf;https://doi.org/10.3389/fped.2026.1846669;OpenAlex
2;hors domaines;6;Vascular and lymphatic dysregulation via non-EndoMT Col2a1 signaling in bisphosphonate-related osteonecrosis of the jaw;"Yixin Shi; Haiyang Sun; Zijian Guo; Xian Liu; Xibo Pei; Jian Wang; Fanyuan Yu; Xingchen Peng; Quan Yuan; Anjali P. Kusumbe; Junyu Chen";;Nature Communications;2026-09-10;article;https://doi.org/10.1038/s41467-026-77692-w;;https://doi.org/10.1038/s41467-026-77692-w;OpenAlex
2;hors domaines;6;Terephthaldehyde-crosslinked antipyrine-chitosan Schiff base/graphene oxide composite: Synthesis, morphological, structural and adsorption studies;"Waleed H. Jassim; Hamida Idan Salman; Asim A. Balakit";;Next Materials;2026-09-05;article;https://doi.org/10.1016/j.nxmate.2026.103126;https://www.sciencedirect.com/science/article/pii/S2949822826015431/pdf;https://doi.org/10.1016/j.nxmate.2026.103126;OpenAlex
2;hors domaines;6;Optimizing a human forensic STR panel for non-invasive genetic monitoring of chimpanzees (Pan troglodytes);"Shrutarshi Paul; Fabrice Kentatchime; Tyler Andres-Bray; Tista Ghosh; Giovana Naira Pereira Couto; Kevin Njabo; Mary Katherine Gonder; Shrutarshi Paul; Mary Katherine Gonder";;BMC Research Notes;2026-09-09;article;https://doi.org/10.1186/s13104-026-07997-y;;https://doi.org/10.1186/s13104-026-07997-y;OpenAlex
2;hors domaines;6;TRIM21 Neutralizes Hazara Virus Using a Dual Mechanism of Nucleoprotein Caging and Ubiquitination;"Aminu S. Jahun; Boglarka Vamos; Anna Albecka; Marina J. Vaysburd; David W. Hawman; Leo C. James";;Viruses;2026-09-04;article;https://doi.org/10.3390/v18090974;;https://doi.org/10.3390/v18090974;OpenAlex
2;hors domaines;6;Cellulose acetate nanocomposite membranes for efficient textile dye removal;"Ștefan Ioan Voicu; Florin Miculescu; Celina M. Damian; Rafael Luque; Andreea Mădălina Pandele";;Royal Society Open Science;2026-09-16;article;https://doi.org/10.1098/rsos.260929;https://royalsocietypublishing.org/rsos/article-pdf/doi/10.1098/rsos.260929/6166278/rsos.260929.pdf;https://doi.org/10.1098/rsos.260929;OpenAlex
2;hors domaines;6;Dissolution-time-induced structural transformation of areca husk-derived biomass toward self-assembled cellulose-PES membranes for efficient emulsified mixture separation;"D.S. Aditya; K.N. Santhosh; A.B. Hemavathi; B. T. Aruna Kumar; S.K. Nataraj";;Scientific Reports;2026-09-21;article;https://doi.org/10.1038/s41598-026-65684-1;https://www.nature.com/articles/s41598-026-65684-1_reference.pdf;https://doi.org/10.1038/s41598-026-65684-1;OpenAlex
2;hors domaines;6;Unilateral vitreous amyloidosis as the presenting feature of hereditary transthyretin amyloidosis (TTR p.Val50Met): a case report and focused literature review;"Zixiang Zhang; Haoliang Zhang; Suqin Yu; Weijun Wang; Tong Li";;BMC Ophthalmology;2026-09-10;article;https://doi.org/10.1186/s12886-026-05312-8;;https://doi.org/10.1186/s12886-026-05312-8;OpenAlex
2;hors domaines;6;Anisotropic Cotton-Stalk-Derived Hydrothermally Treated Cellulose–Chitosan Aerogels Toward Anionic Dye Adsorption and Water-in-Oil Emulsion Separation;"Shixue He; Chengbo Zhang; Daning Lang; Ronglan Wu";;Gels;2026-09-05;article;https://doi.org/10.3390/gels12090814;;https://doi.org/10.3390/gels12090814;OpenAlex
2;hors domaines;6;Machine learning-based emission rate estimates of global methane super-emissions;"Clayton Roberts; Joannes D. Maasakkers; Tobias A. de Jong; Berend J. Schuit; Shubham Sharma; Théo Huegens; Anne-Wil van den Berg; Sander Houweling; Ilse Aben";;Atmospheric measurement techniques;2026-09-08;article;https://doi.org/10.5194/amt-19-5659-2026;https://amt.copernicus.org/articles/19/5659/2026/amt-19-5659-2026.pdf;https://doi.org/10.5194/amt-19-5659-2026;OpenAlex
2;hors domaines;6;Synergistic adsorption of anionic and cationic dyes using commingled food waste biochar from microwave-assisted pyrolysis;"Venkat Srinadh Rejeti; Remya Neelancherry";;Discover Materials;2026-09-08;article;https://doi.org/10.1007/s43939-026-00933-8;;https://doi.org/10.1007/s43939-026-00933-8;OpenAlex
2;hors domaines;6;Perlite-Immobilized Streptomyces Biofilms Establish Persistent Rhizosphere Populations and Promote Mung Bean (Vigna radiata) Growth Under Greenhouse Conditions;"Karla Gabriela Domínguez-González; Itzi L. Ortiz-Godines; Héctor Eduardo Martínez‐Flores; Juan José Valdez-Alarcón; Orlando Hernández-Cristóbal; Jorge Francisco Cerna-Cortés; Raúl Cortés‐Martínez";;Microbiology Research;2026-09-13;article;https://doi.org/10.3390/microbiolres17090176;;https://doi.org/10.3390/microbiolres17090176;OpenAlex
2;hors domaines;6;Environmental factors in the preservation of human remains and funerary textiles in the late Old Kingdom burials at Saqqara West, Egypt: burial microenvironments, taphonomy, and preservation bias;"Iwona Kozieradzka-Ogunmakin; Magdalena M. Woźniak";;Frontiers in Environmental Archaeology;2026-09-23;article;https://doi.org/10.3389/fearc.2026.1954640;https://www.frontiersin.org/journals/environmental-archaeology/articles/10.3389/fearc.2026.1954640/pdf;https://doi.org/10.3389/fearc.2026.1954640;OpenAlex
2;hors domaines;6;Practice of Cognitive Processing Therapy in Arab Countries and Its Challenges: A Narrative Review;Amani Safwat ElBarazi;;Trauma Violence & Abuse;2026-09-23;review;https://doi.org/10.1177/15248380261487145;;https://doi.org/10.1177/15248380261487145;OpenAlex
2;hors domaines;6;The legal effects of the division of commercial companies under UAE legislation (an analytical study);Ahmed Aldhelaia Alzaabi;;Cogent Social Sciences;2026-09-21;article;https://doi.org/10.1080/23311886.2026.2726001;;https://doi.org/10.1080/23311886.2026.2726001;OpenAlex
2;hors domaines;6;The grand challenge in cellular neurophysiology;"Björn Kampa; Arianna Maffei";;Frontiers in Cellular Neuroscience;2026-09-24;article;https://doi.org/10.3389/fncel.2026.1980835;;https://doi.org/10.3389/fncel.2026.1980835;OpenAlex
2;hors domaines;6;"Vaccine hesitancy among parents of Moroccan and Turkish descent in Rotterdam, the Netherlands; a qualitative study into barriers of childhood vaccinations";"Hélène A.C.M. Voeten; Chiara Colizzi; Mariechristine E. Trompenaars";;Vaccine X;2026-09-19;article;https://doi.org/10.1016/j.jvacx.2026.100905;https://www.sciencedirect.com/science/article/pii/S2590136226001282/pdf;https://doi.org/10.1016/j.jvacx.2026.100905;OpenAlex
2;hors domaines;6;Cellular basis of accelerated whole-tooth regeneration;"Talha Mubeen; H. He; George W. Gruenhagen; Anoushka Satoskar; Jeffrey Todd Streelman";;eLife;2026-09-24;article;https://doi.org/10.7554/elife.110584.3;;https://doi.org/10.7554/elife.110584.3;OpenAlex
2;hors domaines;6;Hot-Air Thermal Pre-Treatment as a Rejuvenation Strategy for Long-Stored Low-Amylose Aromatic Rice: Effects on Drying Kinetics, Microstructure, and Cooked-Rice Texture;"Pisut Maichoon; Prasan Choomjaihan";;Foods;2026-09-23;article;https://doi.org/10.3390/foods15193376;;https://doi.org/10.3390/foods15193376;OpenAlex
2;hors domaines;6;Specimen-level phylogenetic analysis and taxonomic revision of North American metoposaurids: a case for monospecific genera in vertebrate paleontology;Aaron M. Kufner;;PeerJ;2026-09-23;article;https://doi.org/10.7717/peerj.21720;;https://doi.org/10.7717/peerj.21720;OpenAlex
2;hors domaines;6;Divergence Time Determines the Performance of the Fungal Internal Transcribed Spacer (ITS) DNA Barcode in the Lichen-Forming Ascomycete Genus Parmelina;"Ruth Del‐Prado; David Pizarro; David Alors; Guillermo Amo de Paz; Zahira Rebollo; Marta Sánchez; Helge Thorsten Lumbsch; Pradeep Kumar Divakar";;Journal of Fungi;2026-09-24;article;https://doi.org/10.3390/jof12100720;;https://doi.org/10.3390/jof12100720;OpenAlex
2;hors domaines;6;Numerical classification of Mediterranean riverine vegetation associated with Carex panormitana (Cyperaceae);"Giacomo Calvia; Malvina Urbani; Francesco Mascia; Giuseppe Bertotto; Emanuele Genduso; Gianmaria Bonari";;Vegetation Classification and Survey;2026-09-23;article;https://doi.org/10.3897/vcs.196138;https://vcs.pensoft.net/article/196138/download/pdf/;https://doi.org/10.3897/vcs.196138;OpenAlex
2;hors domaines;5;Effect of Colonization on the Debt-to-GDP Ratio in Sub-Saharan Africa;Katherine Tusa;;UF Journal of Undergraduate Research;2026-09-21;article;https://doi.org/10.32473/ufjur.28.141543;https://journals.flvc.org/UFJUR/article/download/141543/148635;https://doi.org/10.32473/ufjur.28.141543;OpenAlex
2;hors domaines;5;Financial Inclusion, Energy Transition, and Sustainable Development in Sub‐Saharan Africa: A Distributional Panel Analysis;"Mehdi Seraj; Abdulmajeed Tsowa Muhammad; Turgut Türsoy";;Sustainable Development;2026-09-16;article;https://doi.org/10.1002/sd.71651;https://onlinelibrary.wiley.com/doi/pdfdirect/10.1002/sd.71651;https://doi.org/10.1002/sd.71651;OpenAlex
2;hors domaines;5;Integrating Youth Perspectives into Energy Access Policies: Advancing Age Diversity for Actionable Implementation in Sub-Saharan Africa;Theo Minné;;Journal of Business Diversity;2026-09-19;article;https://doi.org/10.33423/2nt7gt37;https://articlegateway.com/journals/index.php/JBD/article/download/8438/7939;https://doi.org/10.33423/2nt7gt37;OpenAlex
2;hors domaines;5;Rock physics modeling and fluid–solid substitution for subsalt halite-cemented sandstones in West Africa;"Li Han; Weixiang Tao; Tao Cheng; Huaizhong Yang; QuanHong Chen";;Journal of seismic exploration;2026-09-10;article;https://doi.org/10.36922/jse026050020;https://article.accscience.com/journal/JSE/online_first/jse026050020/article_jse0260500201_104ad4.pdf;https://doi.org/10.36922/jse026050020;OpenAlex
2;hors domaines;5;Pacing mobility through staying and waiting to navigate landscapes of risk: the case of Fulani mobility in West Africa;Ademola Olayiwola;;Mobilities;2026-09-15;article;https://doi.org/10.1080/17450101.2026.2731027;https://www.tandfonline.com/doi/pdf/10.1080/17450101.2026.2731027?needAccess=true;https://doi.org/10.1080/17450101.2026.2731027;OpenAlex
2;hors domaines;5;Digital Transformation, Education-Dominated Knowledge-Economy Capability, and the Productivity Conversion Gap in Sub-Saharan Africa: A PLS-SEM Analysis;"Amilcar Edjang-Nguema; Joan Torrent-Sellens; Angel Diaz Chao";;Journal of Sustainable Development;2026-09-16;article;https://doi.org/10.5539/jsd.v19n6p1;https://ccsenet.org/journal/index.php/jsd/article/download/0/0/53739/58711;https://doi.org/10.5539/jsd.v19n6p1;OpenAlex
2;hors domaines;5;Draft genome sequences of non-endemic Mycobacterium tuberculosis Indo-Oceanic and West African lineages recovered in Panama;"Juan C. Domínguez González; Joanna E. Rivas Ramos; Prudencio González; Pedro Del Cid; Paul R. Johnston; Samantha Rosas";;Microbiology Resource Announcements;2026-09-17;article;https://doi.org/10.1128/mra.00760-26;;https://doi.org/10.1128/mra.00760-26;OpenAlex
2;hors domaines;5;Economic analysis of the impact of overseas and domestic treatment and screening alternatives for parasitic infections among U.S.-bound refugees from Sub-Saharan Africa, 2013-2022;"Brian A. Maskery; Heesoo Joo; Joohyun Park; Michelle Weinberg; Tarissa Mitchell; Alexander Klosovsky; William M. Stauffer";;medRxiv;2026-09-08;preprint;https://doi.org/10.64898/2026.09.04.26358165;;https://doi.org/10.64898/2026.09.04.26358165;OpenAlex
2;hors domaines;5;Music, Ecology, and Activism: Tiken Jah Fakoly’s Pan-African Reggae and Ecomusicological Resistance in Postcolonial Africa;Omotayo Jemiluyi;;Society;2026-09-06;article;https://doi.org/10.1007/s12115-026-01304-y;https://link.springer.com/content/pdf/10.1007/s12115-026-01304-y.pdf;https://doi.org/10.1007/s12115-026-01304-y;OpenAlex
2;hors domaines;5;The persistent legacy: Colonial railroads and agricultural productivity in Africa;"Andu Nesrey Berha; Sandeep Mohapatra";;Journal of Economic Behavior & Organization;2026-09-13;article;https://doi.org/10.1016/j.jebo.2026.107759;;https://doi.org/10.1016/j.jebo.2026.107759;OpenAlex
2;hors domaines;5;Imperial Aid and Tax Mobilization in Late Colonial Africa;Didac Queralt;;American Political Science Review;2026-09-21;article;https://doi.org/10.1017/s0003055426101919;https://www.cambridge.org/core/services/aop-cambridge-core/content/view/E6C44CED9FB58AA1CCC9672A90E365C5/S0003055426101919a.pdf/div-class-title-imperial-aid-and-tax-mobilization-in-late-colonial-africa-div.pdf;https://doi.org/10.1017/s0003055426101919;OpenAlex
2;hors domaines;5;Impact of social violence on mining global value chains in Africa;"Mariem Brahim; Mahdi Fawaz; Myriam Ben Saâd";;Resources Policy;2026-09-20;article;https://doi.org/10.1016/j.resourpol.2026.106065;;https://doi.org/10.1016/j.resourpol.2026.106065;OpenAlex
2;hors domaines;5;Motivations for smart cities differ between Africa, Europe, and Asia;"Ke Ge; Felix Creutzig";;Energy Research & Social Science;2026-09-06;article;https://doi.org/10.1016/j.erss.2026.104943;;https://doi.org/10.1016/j.erss.2026.104943;OpenAlex
2;hors domaines;5;Social welfare across the Middle East and North Africa: A configurational typology;Anis Ben Brik;;Journal of International and Comparative Social Policy;2026-09-18;article;https://doi.org/10.1017/ics.2026.10107;https://www.cambridge.org/core/services/aop-cambridge-core/content/view/768154F85CF9CF739703FEB04A5DD9E9/S2169976326101077a.pdf/div-class-title-social-welfare-across-the-middle-east-and-north-africa-a-configurational-typology-div.pdf;https://doi.org/10.1017/ics.2026.10107;OpenAlex
2;hors domaines;5;The Church of England and African chattel enslavement: Defining and distributing a responsibility for repair;Bethany Elce;;Ethnicities;2026-09-23;article;https://doi.org/10.1177/14687968261489655;;https://doi.org/10.1177/14687968261489655;OpenAlex
2;hors domaines;5;Eating disorders in Southern Africa: an update on prevalence, recognition, and clinical implications;"Lot Catharina Sternheim; Hans W. Hoek; Bernou Melisse";;Current Opinion in Psychiatry;2026-09-11;article;https://doi.org/10.1097/yco.0000000000001116;;https://doi.org/10.1097/yco.0000000000001116;OpenAlex
2;hors domaines;5;Predictors of Death Related to Drug Use Disorder and Interpersonal Violence in North Africa;Sami Khedhiri;;Human Ecology;2026-09-07;article;https://doi.org/10.1007/s10745-026-00788-w;;https://doi.org/10.1007/s10745-026-00788-w;OpenAlex
2;hors domaines;5;African ape carpal morphology is not too specialized to represent the ancestral hominin carpus;"Laura E. Hunter; Matthew W. Tocheri; Caley Michael Orr; Biren A. Patel; Zeresenay Alemseged";;Journal of Anatomy;2026-09-17;article;https://doi.org/10.1111/joa.70241;https://onlinelibrary.wiley.com/doi/pdfdirect/10.1111/joa.70241;https://doi.org/10.1111/joa.70241;OpenAlex
2;hors domaines;5;Multilevel determinants of digital health implementation in African clinical settings: an umbrella review;"Dennis Tsagli; Estherla Twene; Amanda S. Gilbert; Angeline Gacad; Loni Parrish; Ankeeta Saseetharran; Nana Afia Gyapong; Oliver T. Nguyen; Kea Turner; Will L. Tarver; Pallavi Jonnalagadda; Bowen Wu; Oghosa Evbuomwan; Maura M. Kepper";;International Journal of Medical Informatics;2026-09-05;article;https://doi.org/10.1016/j.ijmedinf.2026.106703;https://www.sciencedirect.com/science/article/pii/S1386505626004430/pdf;https://doi.org/10.1016/j.ijmedinf.2026.106703;OpenAlex
2;hors domaines;5;African-specific variants at the GATM locus and genetic bias in creatinine-based GFR estimation;"Atlas Khan; Krzysztof Kiryluk";;Kidney International;2026-09-18;article;https://doi.org/10.1016/j.kint.2026.06.049;https://www.kidney-international.org/article/S0085-2538(26)00632-0/pdf;https://doi.org/10.1016/j.kint.2026.06.049;OpenAlex
2;hors domaines;5;Effect of Morphology and Spatial Distribution of Males on Vocal Identity in a Non‐Learning African Wood Dove;"Lia Zampa; Paweł Szymański; Katarzyna Łosak; Tomasz S. Osiejuk";;Integrative Zoology;2026-09-24;article;https://doi.org/10.1111/1749-4877.70205;;https://doi.org/10.1111/1749-4877.70205;OpenAlex
2;hors domaines;5;Greening of Africa: Analyzing the Effects of Green Taxes, Green Innovations, and Green Energy on Green Logistics;"Hussaini Bala; Abdulaziz Saud Al Naim; Abdulrahman Alomair; Armaya’u Alhaji Sani; Nouf Binhadab";;Sustainability;2026-09-14;article;https://doi.org/10.3390/su18189424;;https://doi.org/10.3390/su18189424;OpenAlex
2;hors domaines;5;Eating escargot: seasonal terrestrial gastropod exploitation by forest foragers in the ethnoarchaeological record of Central Africa;"Karen D. Lupo; Nicolette M. Edwards";;Archaeological and Anthropological Sciences;2026-09-04;article;https://doi.org/10.1007/s12520-026-02560-z;https://link.springer.com/content/pdf/10.1007/s12520-026-02560-z.pdf;https://doi.org/10.1007/s12520-026-02560-z;OpenAlex
2;hors domaines;5;Humanitarianism, race, and the late colonial global order: Red Cross prison inspections in Apartheid South Africa;Boyd van Dijk;;Journal of Global History;2026-09-24;article;https://doi.org/10.1017/s1740022826100679;;https://doi.org/10.1017/s1740022826100679;OpenAlex
2;hors domaines;5;Challenge or opportunity? A Dutch firm and the exploitation of foreign colonial empires in West Central Africa (1880s–1910s);Gijs Dreijer;;Business History;2026-09-10;article;https://doi.org/10.1080/00076791.2026.2720802;;https://doi.org/10.1080/00076791.2026.2720802;OpenAlex
2;hors domaines;5;Performance of point‐of‐care tests for diagnosing feline immunodeficiency virus infection in captive African lions ( Panthera leo );"SE Jobbins; Mark Edward Westman; Kimberly Vinette Herrin; Theres Meili; Regina Hofmann‐Lehmann; Jacqueline M. Norris";;Australian Veterinary Journal;2026-09-09;article;https://doi.org/10.1111/avj.70137;https://onlinelibrary.wiley.com/doi/pdfdirect/10.1111/avj.70137;https://doi.org/10.1111/avj.70137;OpenAlex
2;hors domaines;5;Does Quality of institution mitigate green innovation effect on renewable energy consumption? The news evidences from African Countries.;"Romus Noufelie; Landry DJAMEN";;Energy Studies Review;2026-09-22;article;https://doi.org/10.15173/esr.v28i2.5733;;https://doi.org/10.15173/esr.v28i2.5733;OpenAlex
2;hors domaines;5;A New Deepwater Species of Butterflyfish (Teleostei: Chaetodontidae: Prognathodes) from Mozambique, Africa, with a Systematic Review of Chaetodontid Relationships on the Basis of Osteology;"Yi‐Kai Tea; Stanley Blum; Luiz Alves Rocha; Kerryn Parkinson; Edward L. Stanley";;Ichthyology & Herpetology;2026-09-15;review;https://doi.org/10.1643/i2025038;;https://doi.org/10.1643/i2025038;OpenAlex
2;hors domaines;5;Hoof lacing in zoo ungulates—indications, technical descriptions, and outcomes in a giant eland (Taurotragus derbianus ), African Cape buffalo (Syncerus caffer), and greater one-horned rhinoceros (Rhinoceros unicornis);"Matthew E. Kinney; Ryan Heiar; Dave Heiar; Paula Rodriguez; Melanie J. Peel; Geoffrey R. Browning";;Journal of Zoo and Wildlife Medicine;2026-09-21;article;https://doi.org/10.1638/2026-0027;https://bioone.org/journals/journal-of-zoo-and-wildlife-medicine/volume-57/issue-4/2026-0027/Hoof-lacing-in-zoo-ungulatesindications-technical-descriptions-and-outcomes-in/10.1638/2026-0027.pdf;https://doi.org/10.1638/2026-0027;OpenAlex
2;hors domaines;5;Social inequalities in gestational diabetes prevalence and complication burden: a nationwide Swedish cohort study;"Nina Kaegi-Braun; Emmie Söderström Shields; Matilda Ersson; Rickard Strandberg; Vasileios Papapanagiotou; Caroline Lilliecreutz; Marie Löf";;The Journal of Clinical Endocrinology & Metabolism;2026-09-04;article;https://doi.org/10.1210/clinem/dgag366;;https://doi.org/10.1210/clinem/dgag366;OpenAlex
2;hors domaines;5;The detrital zircon Hf and O isotope signals recorded in Paleozoic Saxothuringian clastic rocks of Germany: insights into the Eburnean and Cadomian orogenies;"Heinrich Bahlburg; Anthony I.S. Kemp; Paula Castillo; Christopher Mark Fanning";;International Journal of Earth Sciences;2026-09-18;article;https://doi.org/10.1007/s00531-026-02616-4;https://link.springer.com/content/pdf/10.1007/s00531-026-02616-4.pdf;https://doi.org/10.1007/s00531-026-02616-4;OpenAlex
2;hors domaines;5;Dust in motion: Spatiotemporal variability and climatic drivers of global surface dust concentration (1980–2023);"Wei Wang; Hao Guo; Shanfeng He; Alim Samat; Yongxiao Ge; Jilili Abuduwaili; Tim Van de Voorde";;Aeolian Research;2026-09-16;article;https://doi.org/10.1016/j.aeolia.2026.101084;;https://doi.org/10.1016/j.aeolia.2026.101084;OpenAlex
2;hors domaines;5;Opportunity cost of early childbearing: cross-country panel data analysis on female labor participation, secondary education, and adolescent fertility;"Wonhyuk Cho; Abena Serwaa Owusu";;International Review of Public Administration;2026-09-23;article;https://doi.org/10.1080/12294659.2026.2735056;https://www.tandfonline.com/doi/pdf/10.1080/12294659.2026.2735056?needAccess=true;https://doi.org/10.1080/12294659.2026.2735056;OpenAlex
2;hors domaines;5;British policy and unequal development in rural Tanganyika, 1920–1961;Sascha Klocke;;Journal of Eastern African Studies;2026-09-19;article;https://doi.org/10.1080/17531055.2026.2730512;https://www.tandfonline.com/doi/pdf/10.1080/17531055.2026.2730512?needAccess=true;https://doi.org/10.1080/17531055.2026.2730512;OpenAlex
2;hors domaines;5;Hot Drinks and Oesophageal Cancer: Prospective Analyses in Around 1 Million UK Adults;"Keren Papier; Kezia L. Gaitskell; Sarah Floud; GILLIAN K. REEVES";;International Journal of Cancer;2026-09-08;article;https://doi.org/10.1002/ijc.70654;https://onlinelibrary.wiley.com/doi/pdfdirect/10.1002/ijc.70654;https://doi.org/10.1002/ijc.70654;OpenAlex
2;hors domaines;5;Educating and Promoting Global Citizenship Through Libraries: A Review of the Literature from the Past Decade;"Antía Hermoza Rodríguez; Isabella Tapia Correa; Ana Dolores Vargas Sánchez; Juanita Pedraza Córdoba";;Public Library Quarterly;2026-09-07;article;https://doi.org/10.1080/01616846.2026.2721223;;https://doi.org/10.1080/01616846.2026.2721223;OpenAlex
2;hors domaines;5;Global Burden and Future Projections of Alopecia Areata: A Global Burden of Disease Study 2023 Analysis;"Aditya Kumar Gupta; Gregory M. Pellegrino";;Journal of Clinical Medicine;2026-09-19;article;https://doi.org/10.3390/jcm15187286;;https://doi.org/10.3390/jcm15187286;OpenAlex
2;hors domaines;5;How Do Savings Groups Respond to Agricultural Shocks?;"Daniël van Hemert; Bert D’Espallier; Roy Mersland";;Journal of Agricultural Economics;2026-09-22;article;https://doi.org/10.1111/1477-9552.70083;https://onlinelibrary.wiley.com/doi/pdfdirect/10.1111/1477-9552.70083;https://doi.org/10.1111/1477-9552.70083;OpenAlex
2;hors domaines;5;The Long‐Term Trends in Cohort Fertility: Global, Regional and National Estimates and Projections for Cohorts Born in 1935–2055;"Giulia Gonnella; Vladimíra Kantorová; Mark Christopher Wheldon; Patrick Gerland";;Population and Development Review;2026-09-04;article;https://doi.org/10.1111/padr.70084;https://onlinelibrary.wiley.com/doi/pdfdirect/10.1111/padr.70084;https://doi.org/10.1111/padr.70084;OpenAlex
2;hors domaines;5;Object‐based deep learning for probabilistic convective‐core nowcasting from satellite data;"M. Rakotomanga; D.J. Parker; N. Ben Rached; S.R. Anderson; C. Klein; S. C. Wells";;Quarterly Journal of the Royal Meteorological Society;2026-09-06;article;https://doi.org/10.1002/qj.70303;;https://doi.org/10.1002/qj.70303;OpenAlex
2;hors domaines;5;From Group Intervention to Precision Strike: Insights from Ebola Virus for Future Infectious Disease Management;Rongwei Yuan;;Transactions on Materials Biotechnology and Life Sciences;2026-09-15;article;https://doi.org/10.62051/w2yw7a07;https://tmbls.org/index.php/ojs/article/download/90/85;https://doi.org/10.62051/w2yw7a07;OpenAlex
2;hors domaines;5;Pollen on feathers: unlocking the potential to study avian life histories through palynology;"Julia C. Webb; Taylor Kingham; David G. Coker; Anne E. Goodenough";;Bird Study;2026-09-22;article;https://doi.org/10.1080/00063657.2026.2726846;https://www.tandfonline.com/doi/pdf/10.1080/00063657.2026.2726846?needAccess=true;https://doi.org/10.1080/00063657.2026.2726846;OpenAlex
2;hors domaines;5;Molecular detection of respiratory syncytial virus (RSV) in hospitalized children at the University Hospital Center of Brazzaville, Republic of the Congo;"MOYEN Nanikaly; Yvette Ngakengni Neli; Audrey Ombele Moïse; Boumba Anicet; Bidounga Joël; Makaya Celeste; F. Pouki S.; Moyen Engoba; Okobo Rachel; Nguimbi Etienne; Ekouya Bowassa Gaston";;African Journal of Microbiology Research;2026-09-18;article;https://doi.org/10.5897/ajmr2026.9867;http://academicjournals.org/journal/AJMR/article-full-text-pdf/D685BED74975.pdf;https://doi.org/10.5897/ajmr2026.9867;OpenAlex
2;hors domaines;5;Global Research Trends in Pediatric Lower Urinary Tract Dysfunction: A Bibliometric Analysis (1945–2026);Emine Baran;;Healthcare;2026-09-07;article;https://doi.org/10.3390/healthcare14172883;;https://doi.org/10.3390/healthcare14172883;OpenAlex
2;hors domaines;5;Are the blue and the green natural allies? Mapping the public foundations of just transition worldwide;"Mengqi Xie; Sijeong Lim";;World Development;2026-09-19;article;https://doi.org/10.1016/j.worlddev.2026.107565;;https://doi.org/10.1016/j.worlddev.2026.107565;OpenAlex
2;hors domaines;5;Common ground: peacebuilding through social and community farming in Northern Ireland;"Ріта Вилке; Aoibéann Walsh; Matt N. Williams; William Martin";;Local Environment;2026-09-09;article;https://doi.org/10.1080/13549839.2026.2726211;;https://doi.org/10.1080/13549839.2026.2726211;OpenAlex
2;hors domaines;5;Financial Inclusion and Enterprise Growth: The Mediating Role of Microfinance in Developing Economies;"Fatima Al shannag; Mohammad fozat zaki Al shannag; Areen Bani khaled";;Enterprise Development and Microfinance;2026-09-16;article;https://doi.org/10.64149/edm.v36i2.1005;https://papjournals.com/index.php/edm/article/download/1005/787;https://doi.org/10.64149/edm.v36i2.1005;OpenAlex
2;hors domaines;5;First record of Hemidactylus gramineus (Gekkonidae) in Angola, with notes on its morphology, ecology and natural history;"Javier Lobón‐Rovira; Pedro Vaz Pinto";;Amphibia-Reptilia;2026-09-21;article;https://doi.org/10.1163/15685381-bja10269;;https://doi.org/10.1163/15685381-bja10269;OpenAlex
2;hors domaines;5;Predictors of modern contraceptive use among reproductive-aged women (15-49 years) in Mozambique: Evidence from Mozambique Demographic and Health Survey.;"Nahin Shakurun; Nadege Sandrine Uwamahoro; Nazeem Muhajarine";;medRxiv;2026-09-23;preprint;https://doi.org/10.64898/2026.09.21.26363579;;https://doi.org/10.64898/2026.09.21.26363579;OpenAlex
2;hors domaines;5;Objective peripheral neuropathy and protective-equipment use in a farming community in a lead-zinc mining district of south-eastern Nigeria: a cross-sectional study;"Samson Ikenna Abanni; Cecelia Adache; Bifom Melwin Ekure; Jean Omotosho";;medRxiv;2026-09-23;preprint;https://doi.org/10.64898/2026.09.21.26363549;;https://doi.org/10.64898/2026.09.21.26363549;OpenAlex
2;hors domaines;5;Late HIV diagnosis: An application of flexible Bayesian approaches to understand associated factors and time to diagnosis in Ireland, 2015–2024;"Cian Dowling-Cullen; Katie O'Brien; Kate O’Donnell; Mary Archibald; P Downes; David James Field; Caroline Hurley; Fiona Lyons; Eavan Muldoon; Peter Barrett; Cathal Walsh; Derval Igoe";;HIV Medicine;2026-09-24;article;https://doi.org/10.1111/hiv.70311;;https://doi.org/10.1111/hiv.70311;OpenAlex
2;hors domaines;5;Ophiasis-pattern cicatricial alopecia in diffuse systemic sclerosis;"Bindi Gaglani; Nasim Rouhani; Adriana Martinez; Catherine M. Stefanato";;Clinical and Experimental Dermatology;2026-09-12;article;https://doi.org/10.1093/ced/llag402;;https://doi.org/10.1093/ced/llag402;OpenAlex
2;hors domaines;5;The Transparency Paradox: An ethnographic investigation of AI Ethics and Accountability in Nigerian journalism;"Oluwamayowa Tijani; Jamie Mahoney; Santosh Vijaykumar; James Nicholson";;Proceedings of the ACM on Human-Computer Interaction;2026-09-23;article;https://doi.org/10.1145/3817016;;https://doi.org/10.1145/3817016;OpenAlex
2;hors domaines;5;Perfecting purchasing parrots;Josh Loeb;;Veterinary Record;2026-09-18;article;https://doi.org/10.1002/vetr.71182;https://onlinelibrary.wiley.com/doi/pdfdirect/10.1002/vetr.71182;https://doi.org/10.1002/vetr.71182;OpenAlex
2;hors domaines;5;Racialised rider experiences in Uber: Evidence from an audit-based field study;"Awais Piracha; Karen Connelly; Jehonathan Ben; Kevin Dunn; Craig McGarty; Yin Paradies; Amanuel Elias; Susanna Rouillard";;Cities;2026-09-19;article;https://doi.org/10.1016/j.cities.2026.107607;https://www.sciencedirect.com/science/article/pii/S0264275126008401/pdf;https://doi.org/10.1016/j.cities.2026.107607;OpenAlex
2;hors domaines;5;Satellite-Based Daily Precipitation Bias Correction in a Tropical Mountainous Region Using Functional Generalized Additive Mixed Models: A Case Study in Valle del Cauca, Colombia;"David Arango-Londoño; Delia Ortega-Lenis; Mauricio Alejandro Mazo-Lopera; Johan Steven Aparicio; Diego Soto‐Gómez; Paula Moraga";;Climate;2026-09-09;article;https://doi.org/10.3390/cli14090188;;https://doi.org/10.3390/cli14090188;OpenAlex
2;hors domaines;5;Does government effectiveness enhance tourism performance under climate vulnerability?;"Bekir Çelik; Emrah Koçak";;Journal of Hospitality and Tourism Management;2026-09-19;article;https://doi.org/10.1016/j.jhtm.2026.101562;;https://doi.org/10.1016/j.jhtm.2026.101562;OpenAlex
2;hors domaines;5;What bodies remember: Dance, affect, and the Dutch colonial past;"L. Plate; V. Fisher; F. Nabibaks; M. Feenstra";;Body & Society;2026-09-09;article;https://doi.org/10.1177/1357034x261480069;;https://doi.org/10.1177/1357034x261480069;OpenAlex
2;hors domaines;5;“They Wanted to Get Me Out of That Area, and They Did”: Recalling Racial Histories in the Central Appalachian Region;"Jacob E. Robinson; Marion Repetti; Mélody Pralong; Rachel Wagner";;Journal of African American Studies;2026-09-24;article;https://doi.org/10.1007/s12111-026-09743-x;;https://doi.org/10.1007/s12111-026-09743-x;OpenAlex
2;hors domaines;5;Shaping Arab Identity Through the Beautiful Game: A Heterotopic Analysis of the 2022 World Cup;Ghufrane Daymi;;Studies in Ethnicity and Nationalism;2026-09-17;article;https://doi.org/10.1111/sena.70064;https://onlinelibrary.wiley.com/doi/pdfdirect/10.1111/sena.70064;https://doi.org/10.1111/sena.70064;OpenAlex
2;hors domaines;5;Rare extreme polygenic risk scores strongly indicate Alzheimer’s disease risk;"Elizabeth L. Ward; Peter T. Nelson; Yuriko Katsumata; David W. Fardo; Gregory A. Jicha; Alzheimer's Disease Neuroimaging Initiative; Justin B. Miller";;medRxiv;2026-09-09;preprint;https://doi.org/10.64898/2026.09.08.26362504;;https://doi.org/10.64898/2026.09.08.26362504;OpenAlex
2;hors domaines;5;Does financialization threaten productive development?;"Jimena Castillo; Gary Arthur Dymski; Annina Kaltenbrunner; Sandra Lancheros";;Industrial and Corporate Change;2026-09-05;article;https://doi.org/10.1093/icc/dtag037;;https://doi.org/10.1093/icc/dtag037;OpenAlex
2;hors domaines;5;The complexities of belonging: home, church and work as arenas for (dis)empowerment among Ghanaian women in Norway;"Chipiwa Maziva; Victor Chimhutu; Siri Lange";;Gender Place & Culture;2026-09-09;article;https://doi.org/10.1080/0966369x.2026.2718092;;https://doi.org/10.1080/0966369x.2026.2718092;OpenAlex
2;hors domaines;5;White Minority Rule in Rhodesia Reexamined: Urgent Lessons from the Past;Elizabeth Schmidt;;African Studies Review;2026-09-08;article;https://doi.org/10.1017/asr.2026.10306;https://www.cambridge.org/core/services/aop-cambridge-core/content/view/832F3521A1971E1894CDBF3B5BB56D2B/S0002020626103060a.pdf/div-class-title-white-minority-rule-in-rhodesia-reexamined-urgent-lessons-from-the-past-div.pdf;https://doi.org/10.1017/asr.2026.10306;OpenAlex
2;hors domaines;5;Heel-strike mechanics reveal evolutionary trade-offs in hominin bipedalism;"Nicholas B. Holowka; Matthew C. O’Neill; Vincent Bhandal; Otto Lam; Zacchariah M Apolito; Caleb A. Massimi; Kevin G Palmisano; Steven Worthington; Brigitte Demes; Nathan E. Thompson";;Proceedings of the National Academy of Sciences;2026-09-08;article;https://doi.org/10.1073/pnas.2533918123;https://www.pnas.org/doi/pdf/10.1073/pnas.2533918123;https://doi.org/10.1073/pnas.2533918123;OpenAlex
2;hors domaines;5;Inferential learning explains association between self-relevance cues and overlap in chimpanzee visual bodily gesture repertoires;"Anna Ilona Roberts; Piotr Sorokowski; Sam G. B. Roberts";;Behavioral Ecology and Sociobiology;2026-09-05;article;https://doi.org/10.1007/s00265-026-03796-4;https://link.springer.com/content/pdf/10.1007/s00265-026-03796-4.pdf;https://doi.org/10.1007/s00265-026-03796-4;OpenAlex
2;hors domaines;5;79. GENETIC DIVERSITY REFINES THE ARCHITECTURE OF BIPOLAR DISORDER RISK ACROSS HUMAN POPULATIONS;"Tim Bigdeli; Chris Chatzinakos; Jaroslav Bendl; Yuli Li; Michael Francis; Sanan Venkatesh; Saiju Pyarajan; Carlos Pato; Michele Pato; Sumitra Muralidhar; Grant D. Huang; Mihaela Aslan; Philip Harvey; Panos Roussos";;European Neuropsychopharmacology;2026-09-21;article;https://doi.org/10.1016/j.euroneuro.2026.113106;;https://doi.org/10.1016/j.euroneuro.2026.113106;OpenAlex
2;hors domaines;5;Globetrotting vectors;Josh Loeb;;Veterinary Record;2026-09-18;article;https://doi.org/10.1002/vetr.71175;https://onlinelibrary.wiley.com/doi/pdfdirect/10.1002/vetr.71175;https://doi.org/10.1002/vetr.71175;OpenAlex
2;hors domaines;5;Human and chimpanzee leaders are more risk-loving;"Lou Marie Haux; Kamil Fuławka; Gert G. Wagner; Ralph Hertwig; Esther Herrmann";;The Leadership Quarterly;2026-09-07;article;https://doi.org/10.1016/j.leaqua.2026.101992;https://www.sciencedirect.com/science/article/pii/S1048984326000512/pdf;https://doi.org/10.1016/j.leaqua.2026.101992;OpenAlex
2;hors domaines;5;Sovereign Credit Ratings and Corporate Environmental Performance: The Moderating Role of Voice and Accountability;"Muhammad Suhail Rizwan; Anum Qureshi; Irfan Ullah Sahibzada";;Business Strategy and the Environment;2026-09-09;article;https://doi.org/10.1002/bse.71531;https://onlinelibrary.wiley.com/doi/pdfdirect/10.1002/bse.71531;https://doi.org/10.1002/bse.71531;OpenAlex
2;hors domaines;5;Tracing heritage, landscape memory and reparatory justice across the afterlives of slavery in Haiti;Joseph Sony Jean;;International Journal of Heritage Studies;2026-09-23;article;https://doi.org/10.1080/13527258.2026.2723875;;https://doi.org/10.1080/13527258.2026.2723875;OpenAlex
2;hors domaines;5;A multi‐objective decision‐analysis framework for addressing human–wildlife conflicts;"Vasavi Prakash; Rebecca Lynn Von Hagen; Robert A. Gitzen; Bruce A Schulte; Christopher A. Lepczyk";;Frontiers in Ecology and the Environment;2026-09-17;article;https://doi.org/10.1002/fee.70071;https://onlinelibrary.wiley.com/doi/pdfdirect/10.1002/fee.70071;https://doi.org/10.1002/fee.70071;OpenAlex
2;hors domaines;5;Archives of power: Algorithmic memory, ideological (Re)production and negotiation of hegemonic masculinity;Silas Udenze;;Convergence The International Journal of Research into New Media Technologies;2026-09-24;article;https://doi.org/10.1177/13548565261492644;;https://doi.org/10.1177/13548565261492644;OpenAlex
2;hors domaines;5;Decentering Disruption: Toward a Framework for Intercultural Conceptual Disruption;Kristy Claassen;;Science and Engineering Ethics;2026-09-17;article;https://doi.org/10.1007/s11948-026-00624-w;;https://doi.org/10.1007/s11948-026-00624-w;OpenAlex
2;hors domaines;5;Toward Population-Level Brain AVM Screening: Construction and Evaluation of a Two-Step Genetic Risk Model Incorporating Rare Mendelian Variants and a Novel Polygenic Risk Score;"Pious D. Patel; Sanjana R. Salwi; Penn Medicine Biobank; Michael Reid Gooch; Adam J. Kundishora; Scott M. Damrauer; Stavropoula I. Tjoumakaris; Jan-Karl Burkhardt; Pascal Jabbour; Theodore George Drivas";;medRxiv;2026-09-14;preprint;https://doi.org/10.64898/2026.09.13.26362963;https://www.medrxiv.org/content/medrxiv/early/2026/09/14/2026.09.13.26362963.full.pdf;https://doi.org/10.64898/2026.09.13.26362963;OpenAlex
2;hors domaines;5;A Bibliometric Review of Global Research Trends in Corticioid Fungi (2016–2025);"Ewelina Bagińska; Tomasz Oszako; Sławomir Bakier";;Forests;2026-09-19;article;https://doi.org/10.3390/f17091114;;https://doi.org/10.3390/f17091114;OpenAlex
2;hors domaines;5;Alchornea species: distribution, traditional uses, phytochemistry, pharmacology activities, and prospects-an updated review;"Phạm Văn Huyến; Nguyễn Thị Thu Hiền; Tran Thi Ngoc Hanh; Nguyen Huu Huong Duyen; Tran Kim Diep; Phan Nha Hoa; Nguyễn Hữu Toàn Phần; Nguyễn Thị Diệu Thuần";;Phytochemistry Reviews;2026-09-04;article;https://doi.org/10.1007/s11101-026-10298-8;;https://doi.org/10.1007/s11101-026-10298-8;OpenAlex
2;hors domaines;5;Childhood Correlates of Genetic Propensity to Personality Traits;"Margaret L. Clapp Sullivan; Alex P. Miller; Alex P. Miller; Nicole R. Karcher; Sarah E. Paul; Joshua J Jackson; Ryan Bogdan; Arpana Agrawal";;medRxiv;2026-09-11;preprint;https://doi.org/10.64898/2026.09.10.26362760;https://www.medrxiv.org/content/medrxiv/early/2026/09/11/2026.09.10.26362760.full.pdf;https://doi.org/10.64898/2026.09.10.26362760;OpenAlex
2;hors domaines;5;Where Projects Fail: Geospatial Evidence of Delays and Cancellations in Chinese Development Finance;Leoni Mendler-Krakau;;Journal of International Development;2026-09-09;article;https://doi.org/10.1002/jid.70109;;https://doi.org/10.1002/jid.70109;OpenAlex
2;hors domaines;5;Charting the evolution of ecohydraulics: a community perspective on skills, technology, training needs and challenges;"Mónica Basilio Hazas; Joel Wittmann; Davide Vanzo; Jan De Keyser; Melina Sattelmeier; Hannah Schwedhelm; Kevin Merl; Francesca Padoan; Ana Adeva‐Bustos; Davide Vettori; Mathias Chabal; Sahra N. Sabil; Daniele Tonina; Daniel S. Hayes";;Journal of Ecohydraulics;2026-09-06;article;https://doi.org/10.1080/24705357.2026.2718924;;https://doi.org/10.1080/24705357.2026.2718924;OpenAlex
2;hors domaines;5;Beyond CVs: A Video-Based Experimental Approach for Studying Ethnic Evaluation Biases in Hiring;"Juliane Kühn; Tobias Wolbring";;International Migration Review;2026-09-09;article;https://doi.org/10.1177/01979183261478057;;https://doi.org/10.1177/01979183261478057;OpenAlex
2;hors domaines;5;Hantavirus infections: A growing global health concern;"Praveen Kumar Uppala; Sita Kumari Karanam; Naga Vishnu Kandra; Sandhya Edhi";;World Journal of Virology;2026-09-17;article;https://doi.org/10.5501/wjv.120334;;https://doi.org/10.5501/wjv.120334;OpenAlex
2;hors domaines;5;Purification and structural elucidation of a protease-inhibiting substance from Penicillium sp. and the influence of fungal morphology on its formation;"Isabelle Barth; Patrick Müller; Collin Zimmer; Winda Soerjawinata; Geovanna de Oliveira Costa; Annabelle Carolin Weldert; Louis P. Sandjo; Christian Kersten; Tanja Schirmeister; Percy Kampeis";;Biochemical Engineering Journal;2026-09-08;article;https://doi.org/10.1016/j.bej.2026.110401;;https://doi.org/10.1016/j.bej.2026.110401;OpenAlex
2;hors domaines;5;An automated hybrid deep learning framework for multi-class classification of eye diseases;"Yogesh Kumar; Bharat Gupta";;Biomedical Signal Processing and Control;2026-09-23;article;https://doi.org/10.1016/j.bspc.2026.111516;;https://doi.org/10.1016/j.bspc.2026.111516;OpenAlex
2;hors domaines;5;Development of Universal Primer Sets for Zika Virus Envelope Gene Amplification and Sequencing;"Léo Shigueki Sato; Yuki Tayama; Gabriel Gazzoni Araújo Gonçalves; Luiz Carlos Alves; Fábio André Brayner; Shangfan Hu; Mya Myat Ngwe Tun; Arata Hidano; Yuki Takamatsu";;International Journal of Molecular Sciences;2026-09-09;article;https://doi.org/10.3390/ijms27188017;;https://doi.org/10.3390/ijms27188017;OpenAlex
2;hors domaines;5;Why Colonoware? Exploring Functional Variations in Hand-Built Coarse Earthenwares across the Historical Upper Southeast;"Elizabeth Bollwerk; Karen Y. Smith; Lindsay C. Bloch; Jillian Galle; Leslie S. Cooper; Corey A. H. Sattes; Fraser D. Neiman";;American Antiquity;2026-09-18;article;https://doi.org/10.1017/aaq.2026.10198;https://www.cambridge.org/core/services/aop-cambridge-core/content/view/F3E2738A1930B4B1C96C9124C5478F0C/S000273162610198Xa.pdf/div-class-title-why-colonoware-exploring-functional-variations-in-hand-built-coarse-earthenwares-across-the-historical-upper-southeast-div.pdf;https://doi.org/10.1017/aaq.2026.10198;OpenAlex
2;hors domaines;5;Shell digitisation for disease control: creating a digital collection of schistosomiasis host snail shells;"Adam P. Cieplinski; Marco Camaiti; Jonathan D. Ablett; Brett L. Clark; Bonnie Lee Webster; Aidan Mark Emery";;Parasitology Research;2026-09-24;article;https://doi.org/10.1007/s00436-026-08755-6;;https://doi.org/10.1007/s00436-026-08755-6;OpenAlex
2;hors domaines;5;A Global Compilation of Blue Whale Strandings;"Kristina Randrup; Robert L. Brownell; R. Charles Anderson; Emma L. Carroll; Rochelle Constantine; Bárbara Galletti Vernazzani; Hannah Hendriks; Anouk D. Ilangakoon; Divya Panicker; Dipani Sutaria; Koen Van Waerebeek; Sarah Wilkin; Tonya Wimmer; Trevor A. Branch";;Marine Mammal Science;2026-09-24;article;https://doi.org/10.1111/mms.70275;;https://doi.org/10.1111/mms.70275;OpenAlex
2;hors domaines;5;Drivers of Homophily and Its Perceived Impact on Intercultural Skill Development Among International Social Work Students in Australia;Taruvinga Muzingili;;Advances in Social Work;2026-09-21;article;https://doi.org/10.18060/29211;https://journals.indianapolis.iu.edu/index.php/advancesinsocialwork/article/download/29211/26617;https://doi.org/10.18060/29211;OpenAlex
2;hors domaines;5;Comparative effects of herbal supplementation in increasing growth and immunity of Clarias gariepinus (Burchell, 1822);"Cahyono Purbomartono; Shava A. Rahmawati; Dini S. Mulia; . Suwarsito";;Aquaculture Aquarium Conservation & Legislation;2026-09-09;article;https://doi.org/10.67784/0068;https://aacl.bio/uploads/article_6aa1114213892.pdf;https://doi.org/10.67784/0068;OpenAlex
2;hors domaines;5;From cross-border power links to a digitalized regional market: A critical review of the ASEAN power grid as a catalyst for decarbonization;"Ohn Zin Lin; Hnin Yee Aye; Libor Štěpanec; Dagmar Juchelková";;Renewable and Sustainable Energy Reviews;2026-09-23;article;https://doi.org/10.5281/zenodo.22914639;;https://doi.org/10.5281/zenodo.22914639;OpenAlex
2;hors domaines;5;Genetic diversity of nine necrophagous Sarcophagidae (Diptera) species in Portugal;"Carina I. C. Reis; Filipe de Souza Pereira; Sérgio José Menezes Rodrigues Filho; Anderson Oliveira do Carmo; María Teresa Rebelo";;Journal of Forensic and Legal Medicine;2026-09-16;article;https://doi.org/10.1016/j.jflm.2026.103264;;https://doi.org/10.1016/j.jflm.2026.103264;OpenAlex
2;hors domaines;5;High‐pressure phase preservation in ordinary L‐chondrite melt veins: Evidence for control by post‐shock thermal evolution;"S. Effraimidou; Ioannis P. Baziotis; Myrto Simopoulou; L. Ferrière; Carmen Sanchez‐Valle; Stephan Klemme; J. Berndt; Paul D. Asimow";;Meteoritics and Planetary Science;2026-09-24;article;https://doi.org/10.1111/maps.70228;;https://doi.org/10.1111/maps.70228;OpenAlex
2;hors domaines;5;Differentiated Institutionalization of Multilateral Rules under Distributional Conflict: Leadership and Modular Compromise in Negotiating the WHO Pandemic Agreement (2021–2025);Xueping Hu;;Advances in Economics Management and Political Sciences;2026-09-08;article;https://doi.org/10.54254/2754-1169/2026.36605;https://aemps.ewapub.com/article/view/36605.pdf;https://doi.org/10.54254/2754-1169/2026.36605;OpenAlex
2;hors domaines;5;38. INTEGRATIVE MULTI-OMICS AND DEEP LEARNING ANALYSIS IDENTIFIES CTNND2 AND NETO1 AS KEY NEURODEVELOPMENTAL DISORDER RISK GENES IN A PEDIATRIC COHORT OF 68,975 INDIVIDUALS;"Yeshwanth Mahesh; Joseph Glessner; Munir E. Khan Khan; Xiao Chang; Yichuan Liu; Shahram Torkamandi; George Otieno; Maria Lemma; Frank Mentch; Jin Li; Charlly Kao; Michael March; Huiqi Qu; John Connolly; Hakon Hakonarson";;European Neuropsychopharmacology;2026-09-21;article;https://doi.org/10.1016/j.euroneuro.2026.113065;;https://doi.org/10.1016/j.euroneuro.2026.113065;OpenAlex
2;hors domaines;5;GENOME-WIDE ASSOCIATION STUDY OF OPIOID USE DISORDER AND LONG-TERM OPIOID EXPOSURE REVEALS 62 LOCI AND GENETIC OVERLAP WITH PAIN;"Ellen Tsai; Yousef Khan; Christal Davis; Ian Dinsmore; Justin Tubbs; Sylvanus Toikumo; PsycheMERGE Substance Use Disorder Workgroup; Henry Kranzler; Rachel Kember; Travis Mallard; Brandon Coombes; Vanessa Troiani; L. Taylor Davis; Sandra Sanchez‐Roige";;European Neuropsychopharmacology;2026-09-21;article;https://doi.org/10.1016/j.euroneuro.2026.112944;;https://doi.org/10.1016/j.euroneuro.2026.112944;OpenAlex
2;hors domaines;5;Cradles of the sea: a global review of shark nurseries;"Philip Matich; Mia J. Bennett; Chance L. Byars; Sobeida R. Degante; Thomas J. Deloach; Erik A. Dimas; Andrea K. Dunlap; Elena J. Espinoza; Emily A. Harrison; Taryn R. Hood; Marley R. King; Max B. Lavinsky; Alexandra Leyva; Brock Pearson; Shelbylee M. Rhodes; Brady A. Rich; Alyssa K. Smith; Samantha Wegener; Peter Gausmann";;Reviews in Fish Biology and Fisheries;2026-09-09;article;https://doi.org/10.1007/s11160-026-10085-w;https://link.springer.com/content/pdf/10.1007/s11160-026-10085-w.pdf;https://doi.org/10.1007/s11160-026-10085-w;OpenAlex
2;hors domaines;5;Ligand-induced reshaping of the conformational free energy landscape drives dynamic restriction in Trypanosoma brucei alternative oxidase;"Nurul Hana Masód; Mohammad Nazri Abdul Bahari; Wan Mardhiyana Wan Ayub; Muhamad Arif Mohamad Jamali";;Journal of Computer-Aided Molecular Design;2026-09-22;article;https://doi.org/10.1007/s10822-026-00945-9;;https://doi.org/10.1007/s10822-026-00945-9;OpenAlex
2;hors domaines;5;Beyond circularity: Topological and temporal limits of the circular economy;Nicolás Merveille;;Ecological Economics;2026-09-11;article;https://doi.org/10.1016/j.ecolecon.2026.109235;https://www.sciencedirect.com/science/article/pii/S0921800926003204/pdf;https://doi.org/10.1016/j.ecolecon.2026.109235;OpenAlex
2;hors domaines;5;Quantifying the genetic separability of disease subtypes;"Chao Ning; Jasper J.P. Hof; Doug Speed";;medRxiv;2026-09-23;preprint;https://doi.org/10.64898/2026.09.18.26363395;;https://doi.org/10.64898/2026.09.18.26363395;OpenAlex
2;hors domaines;5;Pharmacogenomic diversity in Amazonian Indigenous populations: implications for Berlin–Frankfurt–Münster acute lymphoblastic leukemia therapy;"Luciana Pereira Colares Leitão; Natasha Monte; Juliana Carla Rodrigues Marcellino; André Mauricio Ribeiro-dos-Santos; Alayde Vieira Wanderley; SANDRO JOSÉ DE SOUZA; Jorge Estefano de Santana Souza; Ândrea Ribeiro‐dos‐Santos; Sidney Santos; João Farias Guerreiro; Ney Pereira Carneiro dos Santos";;Clinical & Translational Oncology;2026-09-07;article;https://doi.org/10.1007/s12094-026-04562-8;https://link.springer.com/content/pdf/10.1007/s12094-026-04562-8.pdf;https://doi.org/10.1007/s12094-026-04562-8;OpenAlex
2;hors domaines;5;Genetic Variants Involved in Metformin Pharmacokinetics in the Chilean Population;"Patricio Miranda; Gigliola Alberti; Ana Pereira; Juan Cristóbal Gana; José L. Santos";;Genes;2026-09-14;article;https://doi.org/10.3390/genes17091114;;https://doi.org/10.3390/genes17091114;OpenAlex
2;hors domaines;5;Ebola-virus outbreaks are teleconnected with macroclimatic oscillations;"Raimundo Real; Miguel Ángel Farfán; Jesús Olivero; Ana Luz Márquez; José C. Báez; Julia E. Fa; Robert Nasi";;Stochastic Environmental Research and Risk Assessment;2026-09-19;article;https://doi.org/10.1007/s00477-026-03365-1;https://link.springer.com/content/pdf/10.1007/s00477-026-03365-1.pdf;https://doi.org/10.1007/s00477-026-03365-1;OpenAlex
2;hors domaines;5;Adult Acomys DRG explants exhibit a radially organized neurite architecture distinct from Mus explants;"Yansheng Luo; Malcolm Maden";;UF Journal of Undergraduate Research;2026-09-21;article;https://doi.org/10.32473/ufjur.28.141671;https://journals.flvc.org/UFJUR/article/download/141671/148674;https://doi.org/10.32473/ufjur.28.141671;OpenAlex
2;hors domaines;5;Past and Future Trends in the Intestinal Nematode Infections, 1990-2046: A Forecasting Study Based on the Global Burden of Disease;"Zhang‐Zhou Shen; Hou-qiang Luo; Fen Wang; Qin-Qin Feng";;Indian Journal of Animal Research;2026-09-12;article;https://doi.org/10.18805/ijar.bf-2150;;https://doi.org/10.18805/ijar.bf-2150;OpenAlex
2;hors domaines;5;Acceptance of evolution theory and understanding of human evolution among health sciences students in France: A national cross‐sectional study;"Thomas Colard; Damien Charabidzé; Margaux Matha; Salomé Zublena; Mathilde Savignat";;Anatomical Sciences Education;2026-09-16;article;https://doi.org/10.1002/ase.70351;https://onlinelibrary.wiley.com/doi/pdfdirect/10.1002/ase.70351;https://doi.org/10.1002/ase.70351;OpenAlex
2;hors domaines;5;Ancient DNA reveals early use of melons in China’s Song dynasty;"Nathanael Walker-Hale; Yunfei Zheng; Marion Verdenaud; Lara Pereira; Oscar Alejandro Pérez-Escobar; Michaela Preick; Abdelhafid Bendahmane; Michael Vincent Westbury; Michael Hofreiter; Hanno Schaefer; Xinyi Liu; Guillaume Chomicki; Susanne S. Renner";;Proceedings of the National Academy of Sciences;2026-09-04;article;https://doi.org/10.1073/pnas.2610284123;;https://doi.org/10.1073/pnas.2610284123;OpenAlex
2;hors domaines;5;Minimal-length CAG repeats in AR define a hyperactive AR–LSD1 axis driving metabolic reprogramming in prostate cancer;"Songqi Zhang; Muqing Li; Mingyu Liu; Nolan D. Patten; Maryam Labaf; Jaeweon Jeong; HyeonYeong Sun; Jared Lourie; Kai Zou; Susan C. Patalano; Michaela J Mulhearn; Jill A. Macoska; Shuai Gao; Roberta Andreotti; Maria Pennuto; Dong Han; Steven P. Balk; Changmeng Cai";;Proceedings of the National Academy of Sciences;2026-09-09;article;https://doi.org/10.1073/pnas.2534152123;;https://doi.org/10.1073/pnas.2534152123;OpenAlex
2;hors domaines;5;Decarbonising university campuses: A global review of emission trends and key hotspots;"Jitendra Ahirwal; Leticia Ozawa-Meida";;Sustainable Energy Technologies and Assessments;2026-09-24;article;https://doi.org/10.1016/j.seta.2026.105400;;https://doi.org/10.1016/j.seta.2026.105400;OpenAlex
2;hors domaines;5;Refuse-derived fuel in cement manufacturing: a systematic review of research trends, gaps and future research directions;"Geethmi Thisakya; Navodana Rodrigo; M.K.C.S. Wijewickrama; George Zillante";;International Journal of Building Pathology and Adaptation;2026-09-05;review;https://doi.org/10.1108/ijbpa-08-2025-0200;;https://doi.org/10.1108/ijbpa-08-2025-0200;OpenAlex
2;hors domaines;5;Plant growth-promoting bacteria from the Brazilian Cerrado enhance biomass and yield of common bean (Phaseolus vulgaris L.);"Cristina Mendes Façanha Aline; Gabriel Magalhães Vieira Wendel; Morais Ventura Nathalia; Augusto Cavalcante de Oliveira Carlos; Silva Roque de Souza Isabella; Coutinho Alho Leandro; Júnio Medeiros Caetano Edmilson; Stephan Nascente Adriano";;African Journal of Microbiology Research;2026-09-12;article;https://doi.org/10.5897/ajmr2026.9877;http://academicjournals.org/journal/AJMR/article-full-text-pdf/872BAD074959.pdf;https://doi.org/10.5897/ajmr2026.9877;OpenAlex
2;hors domaines;5;Juvenile recurrent respiratory papillomatosis treated with systemic bevacizumab: A single-center pediatric case series;"Flávia Jacqueline Almeida; Anna Carolinne Corrêa dos Santos; Camila Giuliana Almeida Farias; Samantha Faria de Matos; Camila de Morais Rodrigues; Emmanuella de Jesus D’Elia; Rachel Leirner Argelazi; Mariana Volpe Arnoni; Daniel Jarovsky; Eitan Naaman Berezin; Isabela Hohlenwerger Schettini; Taciane Brinca Soares Saliture; Leonardo da Silva; Marco Aurélio Palazzi Sáfadi";;International Journal of Pediatric Otorhinolaryngology;2026-09-23;article;https://doi.org/10.1016/j.ijporl.2026.113024;;https://doi.org/10.1016/j.ijporl.2026.113024;OpenAlex
2;hors domaines;5;Multimorbidity and Medication Order Patterns in Skilled Nursing Facilities: A Real-World Evidence Study;"Huda Ashraf; Peter Tsasis; Katherine E. Mathers; Loredana DiSanto; Amy Wong; Divya Sharma; Jane Marie Heffernan; Brittin Wagner; Tyler Mitchell Saumur";;medRxiv;2026-09-23;preprint;https://doi.org/10.64898/2026.09.22.26363593;https://www.medrxiv.org/content/medrxiv/early/2026/09/23/2026.09.22.26363593.full.pdf;https://doi.org/10.64898/2026.09.22.26363593;OpenAlex
2;hors domaines;5;Characteristics and trend of the wildfire activity in the Southern Hemisphere (2003–2022);"Niels Groenen; Michaël Sicard; Pierre Nabat";;The Science of The Total Environment;2026-09-14;article;https://doi.org/10.1016/j.scitotenv.2026.182240;;https://doi.org/10.1016/j.scitotenv.2026.182240;OpenAlex
2;hors domaines;5;Patient Safety in Primary Health Care: A Scoping Review of Characteristics, Thematic Dimensions, and Gaps in the Literature;"Luciano Garcia Lourenção; Luciano Silveira Pacheco de Medeiros; Daiani Modernel Xavier; Valéria Slongo De Souza; Adriana Kitajima; Adriene dos Santos Sá; Lara Helk de Souza";;International Journal of Environmental Research and Public Health;2026-09-22;article;https://doi.org/10.3390/ijerph23101240;;https://doi.org/10.3390/ijerph23101240;OpenAlex
2;hors domaines;5;Green and Liquid: How Mandatory ESG Disclosure and Firm Size Shape the ESG –Cash Holdings Nexus;"Saiful Anwar; Dian Agustia; Wiwiek Dianawati";;Corporate Social Responsibility and Environmental Management;2026-09-15;article;https://doi.org/10.1002/csr.70967;https://onlinelibrary.wiley.com/doi/pdfdirect/10.1002/csr.70967;https://doi.org/10.1002/csr.70967;OpenAlex
2;hors domaines;5;Global associations between extreme temperature events and childhood cancer incidence and mortality;"Minghao Wang; Ruiqi Gu; Qingyang Zhu; Yingya Zhao; Liyi Zhang; Wenjuan Ma; Zhouguang Hui; Tiantian Li; Yunhui Zhang";;Journal of Environmental Exposure Assessment;2026-09-17;article;https://doi.org/10.20517/jeea.2026.32;;https://doi.org/10.20517/jeea.2026.32;OpenAlex
2;hors domaines;5;The role of negativity bias and facial affect recognition in the increased odds of first-episode psychosis in ethnic minority populations: Findings from the EU-GEI case-control study;"Datin Manzoni; Julia F. Benner; Eva Velthorst; Daina Crafa; Giada Tripoli; Rénan E.J. Valero; Giuseppe D’Andrea; Diego Quattrone; Laura Ferraro; MIQUEL BERNARDO; Ilaria Tarricone; Celso Arango; Bart P. F. Rutten; Jean‐Paul Selten; Wim Veling; Lieuwe de Haan; Cristina Marta Del Ben; Paulo Rossi Menezes; Craig Morgan; James B. Kirkbride; Lydia Krabbendam; Els van der Ven";;Schizophrenia Research;2026-09-18;article;https://doi.org/10.1016/j.schres.2026.09.011;https://www.sciencedirect.com/science/article/pii/S0920996426003051/pdf;https://doi.org/10.1016/j.schres.2026.09.011;OpenAlex
2;hors domaines;5;Global economic and environmental trade-offs of power-to-liquid fuels;"Zipeng Liu; Tom Terlouw; Christian Bauer; Russell McKenna";;Energy Conversion and Management;2026-09-16;article;https://doi.org/10.1016/j.enconman.2026.122177;;https://doi.org/10.1016/j.enconman.2026.122177;OpenAlex
2;hors domaines;5;Multi-analytical characterization of construction materials from the ‘Winter Baths’ of Thuburbo Majus (Tunisia): Implications for architectural chronology and conservation;"Aida Zaddem; Karima Zoghlami; Rafael Fort; Hamden Ben Romdhane; Antonella Coralini; Mohamed Gasmi";;Archaeological and Anthropological Sciences;2026-09-24;article;https://doi.org/10.1007/s12520-026-02563-w;;https://doi.org/10.1007/s12520-026-02563-w;OpenAlex
2;hors domaines;5;A global perspective on the annual cycles of whimbrels;"Camilo Carneiro; Tómas Grétar Gunnarsson; Gary A. Allport; Philip W. Atkinson; Anne N. M. A. Ausems; Pierrick Bocher; Roeland A. Bom; Malo Braquier; Stephen C. Brown; Sayam U. Chowdhury; Paula M. Cimprich; Delip K. Das; Charlotte Francesiaz; Robert E. Gill; Diana J. Hamilton; Maina C. Handmaker; Shariful Islam; Audrey J. Jaeger; Frédéric Jiguet; Chrystyn Jones; Emmanuel Joyeux; Jeffrey F. Kelly; Alan H. Kneidel; Fenliang Kuang; Chris Latty; Matthieu Le Corre; David Li; Rebeca C. Linhart; Ádám Lovas‐Kiss; Zhijun Ma; Scott R. McWilliams; Verónica Méndez; Jason Mobley; Samuel NG; Joshua Nightingale; Erica Nol; Julie Paquet; Theunis Piersma; Marie Pitts; Rivo Rabarisoa; Florinah Razafimandimby; Daniel R. Ruthrauff; Felicia Sanders; Shiloh Schulte; Philipp Schwemmer; Nathan R. Senner; Böðvar Þórisson; Lee Tibbitts; Nils Warnock; Bryan Watts; Brad Winn; Samantha J. Wolfe; Shufen Yang; José A. Alves";;Ibis;2026-09-15;article;https://doi.org/10.1111/ibi.70111;https://onlinelibrary.wiley.com/doi/pdfdirect/10.1111/ibi.70111;https://doi.org/10.1111/ibi.70111;OpenAlex
2;hors domaines;5;Multi-Ancestry Genome-wide Association Analyses Identify Shared and Specific Genetic Architecture in Mild and Moderate-to-Severe Asthma;"Angelico Mendy; Yadu Gautam; Bradley H. Rosen; Joseph Castlen; Michael B. Fessler; Darryl C. Zeldin; Peter S. Thorne; Tesfaye B. Mersha";;medRxiv;2026-09-22;preprint;https://doi.org/10.64898/2026.09.20.26363488;;https://doi.org/10.64898/2026.09.20.26363488;OpenAlex
2;hors domaines;5;Disparities in Poly-Tobacco Use Among United States Adults in the All of Us Research Program;"Meman Diaby; saber feizy; Jing Zhang; Juhan Lee; Ami Elizabeth Sedani; Mariel S. Bello; William Garner; Mary Kay Rayens; Shyanika W. Rose; Delvon T. Mattingly";;Addictive Behaviors;2026-09-11;article;https://doi.org/10.1016/j.addbeh.2026.108862;;https://doi.org/10.1016/j.addbeh.2026.108862;OpenAlex
2;hors domaines;5;Seroprevalence of HSV-1 and HSV-2 in the urban population of Qatar: a population-based study;"Gheyath K. Nasrallah; Farah Issa; Parveen  Banu Nizamuddin; Farah Trad; Hamda A Qotba; Nouran Zein; Nadin Younes; Ahmed Ismail; Houssein H. Ayoub; Hadi Mohamad Yassine; Hiam S. Chemaitelly; Laith Jamal Abu-Raddad";;Sexually Transmitted Infections;2026-09-24;article;https://doi.org/10.1136/sextrans-2026-057048;;https://doi.org/10.1136/sextrans-2026-057048;OpenAlex
2;hors domaines;5;Advanced Radiotherapy Across a Multi‐Geography Referral Network for Children With Ewing Sarcoma and Rhabdomyosarcoma: Treatment Delivery and Early Outcomes—A Single‐Centre Experience;"Srinivas C. Chilukuri; Abhilasha Sinha; Sham Sundar; Vishnu Ramanujan; Ramya Uppuluri; Revathi Raj; Radhakrishnan Satheesan; D. Indumathi; Anand Murugesan; Dhilipkumar Rajan; Godson Samuel; Prashant Jawahar; Rakesh Jalali";;Pediatric Blood & Cancer;2026-09-10;article;https://doi.org/10.1002/1545-5017.70657;https://onlinelibrary.wiley.com/doi/pdfdirect/10.1002/1545-5017.70657;https://doi.org/10.1002/1545-5017.70657;OpenAlex
2;hors domaines;5;Posttraumatic stress disorder 2 months after induced vaginal delivery: A multicenter prospective study;"Alizée Froeliger; Catherine Deneux‐Tharaux; Lola Loussert; Anne‐Laure Sutter‐Dallay; Hugo Madar; Loı̈c Sentilhes; the Tranexamic Acid for Preventing Postpartum Hemorrhage Following a Vaginal Delivery (TRAAP) study group";;International Journal of Gynecology & Obstetrics;2026-09-11;article;https://doi.org/10.1002/ijgo.71329;https://onlinelibrary.wiley.com/doi/pdfdirect/10.1002/ijgo.71329;https://doi.org/10.1002/ijgo.71329;OpenAlex
2;hors domaines;5;Morris Gosling (1943–2026);"Patrick Duncan; Colin Townsend";;Journal of Zoology;2026-09-20;article;https://doi.org/10.1111/jzo.70157;https://onlinelibrary.wiley.com/doi/pdfdirect/10.1111/jzo.70157;https://doi.org/10.1111/jzo.70157;OpenAlex
2;hors domaines;5;Rare copy number variation in Post-traumatic stress disorder using whole genome sequencing and biobank data;"Sydney Kramer; Saeed Farajzadeh Valilou; Madhur Singh; Stephen Vieno; Roseann E. Peterson; Chris Chatzinakos; Bradley T. Webb; Jonathan R. I. Coleman; Ananda B. Amstadter; Amanda Elswick Gentry; Hermine H. Maes; Brien Riley; Kenneth Kendler; Christina Sheerin-Smith; Tan-Hoang Nguygen";;medRxiv;2026-09-17;preprint;https://doi.org/10.64898/2026.09.11.26362867;https://www.medrxiv.org/content/medrxiv/early/2026/09/17/2026.09.11.26362867.full.pdf;https://doi.org/10.64898/2026.09.11.26362867;OpenAlex
2;hors domaines;5;Adopting technologies for sustainable Agri-Food supply chains in developing countries: insights from a systematic literature review;"Carène Tchuinou Tchouwo; Sirine Al-Gandouzi; Luciana Paula Reis; Fabiano Armellini";;Journal of Global Operations and Strategic Sourcing;2026-09-22;review;https://doi.org/10.1108/jgoss-07-2025-0063;;https://doi.org/10.1108/jgoss-07-2025-0063;OpenAlex
2;hors domaines;5;Posttraumatic Stress Disorder Epigenome-Wide Association Studies in the Million Veteran Program;"S L Beck; Daniel F. Levey; Marco Galimberti; Cassie Overstreet; Jiarui Chen; Priya Gupta; Cecilia Dao; Bluma J. Lesch; Janitza L. Montalvo‐Ortiz; the VA Million Veteran Program; J. Michael Gaziano; John Harrison Krystal; Renato A Polimanti; Matthew J. Girgenti; Murray B. Stein; Joel E. Gelernter";;medRxiv;2026-09-08;preprint;https://doi.org/10.64898/2026.09.04.26362177;;https://doi.org/10.64898/2026.09.04.26362177;OpenAlex
2;hors domaines;5;Persistent genito-pelvic pain 2 months after vaginal birth: a nationwide population-based analysis from the 2021 French National Perinatal Survey;"Clara Rollet; Anne Alice Chantry; Viaud Marie; Nathalie Lelong; Camille Le Ray; Marie‐Pierre Bonnet; ENP2021 Study Group";;Anesthesiology;2026-09-21;article;https://doi.org/10.1097/aln.0000000000006365;;https://doi.org/10.1097/aln.0000000000006365;OpenAlex
2;hors domaines;5;Effect-Allele Frequencies at Cardiometabolic Risk Loci in an Uzbek Cohort from Tashkent: A Central Asian Reference and Priorities for Polygenic Score Validation;"Alisher A. Abdullaev; Darya V. Zakirova; Sergey A. Kosushkin; Fazliddin Z. Xonboev; Г. Ж. Абдуллаева; Rano B. Alieva; Shahlo Тurdikulova";;Genes;2026-09-15;article;https://doi.org/10.3390/genes17091117;;https://doi.org/10.3390/genes17091117;OpenAlex
2;hors domaines;5;Glucuronyl Glucosyloleanolate: A Safe and Potent AI ‐Discovered Depigmenting Saponin;"Yannick Quesnel; Michael H. Gold";;Journal of Cosmetic Dermatology;2026-09-23;article;https://doi.org/10.1111/jocd.71210;https://onlinelibrary.wiley.com/doi/pdfdirect/10.1111/jocd.71210;https://doi.org/10.1111/jocd.71210;OpenAlex
2;hors domaines;5;Prevalence and significance of anterior T-wave inversion in elite football players in the United Kingdom;"Kentaro Yamagata; Silvia Castelletti; Tee Joo Yeo; Gherardo Finocchiaro; Sarandeep Marwaha; Raghav Bhatia; Dan Augustine; Michael Bowes; Paul Clift; Robert M Cooper; Antoinette Kenny; Tracey Keteepe‐Arachi; David Oxborough; Kiran Patel; Dhrubo Rakhit; David Ripley; Tristan Ramcharan; Georgina Kate Stebbings; Amanda M. Varnava; John Walsh; Zaheer Yousef; Charlotte Cowie; Jamie Stewart McPhee; Jonathan A. Drezner; Sanjay Sharma; Aneil Malhotra";;British Journal of Sports Medicine;2026-09-17;article;https://doi.org/10.1136/bjsports-2026-112060;https://bjsm.bmj.com/content/bjsports/early/2026/09/16/bjsports-2026-112060.full.pdf;https://doi.org/10.1136/bjsports-2026-112060;OpenAlex
2;hors domaines;5;A scalable model for Parkinson’s disease genetic research in underrepresented populations: lessons from Kyrgyzstan;"Cholpon Shambetova; Eliza Zhunusova; Aizhamal Ismailova; María Teresa Periñán; С.У. Кыялбекова; Carolin Gabbert; Shen‐Yang Lim; Gulmira Djumalieva; Aizhamal Iliazova; Nuraiym Beishembieva; Aruuke Kubanychbekova; Yuliia Kanana; Ekaterina Peredereeva; Adilet Metinov; Aleksandr Sorokin; Aisuikum Abdumalikova; Shohista Bazarbaeva; Gulnaz Pakhridinova; Batma Sattarova; Aiza Upaeva; Gulmira Zhamilova; Eliza Zhumadylova; Elmira Mitalipovna Mamytova; Mirbek Baisalov; А.К. Байтелиева; Zhyldyz Imanalieva; Aida Bolotalieva; Anara Toktomametova; Nargiza Atambekova; Sabina Baltabaeva; Aziza Dalbaeva; Zhumagul Osmonova; Б.Н. Нурбекова; Aliia Mukhanova; И.А. Цопова; Teresa Kleinz; Irina Sverdlova; Lara Mariah Lange; Joanne Trinh; Cornelis Blauwendraat; Andrew  B. Singleton; Thomas F. Muente; Alastair John Noyce; Indira Kudaibergenova; Christine Klein; Global Parkinson s Genetic Program (GP2)";;medRxiv;2026-09-09;preprint;https://doi.org/10.64898/2026.09.08.26362411;;https://doi.org/10.64898/2026.09.08.26362411;OpenAlex
2;hors domaines;5;Phytolith evidence for Last Glacial Maximum grass-rich landscapes and postglacial forest development in the highlands of Tenerife;"Álvaro Castilla-Beltrán; Enrique Fernández‐Palacios; Javier de la Casa; Natalia Sierra Cornejo; Sandra Nogué; Pilar Martin-Ramos; Constantino Criado Hernández; Rüdiger Otto; José María Fernández‐Palacios; Lea de Nascimento";;Quaternary Science Reviews;2026-09-12;article;https://doi.org/10.1016/j.quascirev.2026.110247;;https://doi.org/10.1016/j.quascirev.2026.110247;OpenAlex
2;hors domaines;5;Nasal transcriptomics characterize T-helper (T)2-low asthma endotypes in a study of Puerto Rican and Dominican adults living in the U.S.;"Sheng Yang; Yueh‐Ying Han; Soheil Farid Azar; Amber Pirzada; Franziska J. Rosser; Golda Hudes; Robert M. Kaplan; Wei Chen; Carmen R. Isasi; Rasika A. Mathias; Juan C. Celedón";;medRxiv;2026-09-15;preprint;https://doi.org/10.64898/2026.09.14.26363037;https://www.medrxiv.org/content/medrxiv/early/2026/09/15/2026.09.14.26363037.full.pdf;https://doi.org/10.64898/2026.09.14.26363037;OpenAlex
2;hors domaines;5;Mapping the lingual artery: a scoping review and proposed imaging-informed risk classification for surgical and radiological practice;"Ingrid C. Landfald; George Triantafyllou; Lyubomir Gaydarski; Łukasz Olewnik; Bento João Abreu; Judney Cley Cavalcante; Paloma Aragonés; Marta Pośnik; Yuriy L. Vasil’ev; Maria Nikolaos Piagkou";;Surgical and Radiologic Anatomy;2026-09-18;article;https://doi.org/10.1007/s00276-026-03989-6;https://link.springer.com/content/pdf/10.1007/s00276-026-03989-6.pdf;https://doi.org/10.1007/s00276-026-03989-6;OpenAlex
2;hors domaines;5;Global prevalence and associated factors of metabolic syndrome in patients with systemic lupus erythematosus: A systematic review and meta-analysis;"Sandeep Samethadka Nayak; Shahriar Ghodous; Narsimha Rao Keetha; Anoop Gurram; Negin Letafatkar; Prashant Ahlawat; Arman Habibi; Srinivasa Ramanujan Boora; Seyed Meysam Hashemi; Sivaramakrishna Cheetirala; Mohammad Amouzadeh-Lichahi; Sarpong Boateng; Maryam Jafari; Madhushan Ponnala; Asal Khorami; Simran Joshi; Ilya Saberi; AmirAli Moodi Ghalibaf; Antony Arumairaj; Ehsan Amini‐Salehi; Nishant Sharma";;Lupus;2026-09-09;review;https://doi.org/10.1177/09612033261477274;;https://doi.org/10.1177/09612033261477274;OpenAlex
2;hors domaines;5;77. CHARACTERIZING THE UNCERTAINTY, MISCLASSIFICATION AND INCONSISTENCY OF POLYGENIC PREDICTION;"Tian Ge; Yingzhe Zhang; Rui Zhang";;European Neuropsychopharmacology;2026-09-21;article;https://doi.org/10.1016/j.euroneuro.2026.113104;;https://doi.org/10.1016/j.euroneuro.2026.113104;OpenAlex
2;hors domaines;5;Efficacy and Safety of Ruxolitinib Cream in Patients With Cutaneous Lichen Planus;"Aaron R. Mangold; Benjamin Lockshin; Zhihong Lai; Rong Rong; Haq Nawaz; Benjamin D. Ehst";;JAMA Dermatology;2026-09-23;article;https://doi.org/10.1001/jamadermatol.2026.3646;;https://doi.org/10.1001/jamadermatol.2026.3646;OpenAlex
2;hors domaines;5;Neurocysticercosis in California: Clinical Characteristics and Associated Comorbidities Across the University of California Health System;"Tayf Mohammed Islam; Samantha J. Allen";;medRxiv;2026-09-08;preprint;https://doi.org/10.64898/2026.09.02.26362030;;https://doi.org/10.64898/2026.09.02.26362030;OpenAlex
2;hors domaines;5;Compound Meteorological and Hydrological Hot‐Dry and Hot‐Wet Extremes Over Global Land Areas: Spatiotemporal Changes, Attribution, and Drivers;"Ruting Yang; Silong Zhang; Xiongpeng Tang; Chao Gao; Haibin Zhang; Xin Yin; Yanli Liu";;International Journal of Climatology;2026-09-15;article;https://doi.org/10.1002/joc.70593;;https://doi.org/10.1002/joc.70593;OpenAlex
2;hors domaines;5;19. GENETICS OF EHR-DERIVED ANTIDEPRESSANT NONRESPONSE ACROSS COUNTRIES AND ANCESTRY GROUPS;"Madhurbain Singh; Julia Sealock; Chris Wai Hang Lo; Peter Straub; Justin Tubbs; Matthew Iveson; Michelle Kamp; Oliver Pain; Andrew McIntosh; Jordan Smoller; L. Taylor Davis; Cathryn Lewis";;European Neuropsychopharmacology;2026-09-21;article;https://doi.org/10.1016/j.euroneuro.2026.113046;;https://doi.org/10.1016/j.euroneuro.2026.113046;OpenAlex
2;hors domaines;5;2. EVALUATING THE TRANSFERABILITY OF POLYGENIC SCORE METHODS FOR SCHIZOPHRENIA IN AN ADMIXED POPULATION;"Rafaella Ormond; Diego Ortunes; José Jaime Martínez‐Magaña; Jessica Honorato-Mauer; Vanessa Ota; Lucas Toshio Ito; Eurı́pedes Constantino Miguel; Cristiano de Souza Noto; Pedro Pan; Rodrigo Bressan; Giovanni Salum; Ary Gadelha; Sintia Belangero; Marcos Santoro";;European Neuropsychopharmacology;2026-09-21;article;https://doi.org/10.1016/j.euroneuro.2026.113029;;https://doi.org/10.1016/j.euroneuro.2026.113029;OpenAlex
2;hors domaines;5;26. MULTI-ANCESTRY STRUCTURAL VARIANT ASSOCIATIONS WITH ALCOHOL USE DISORDER USING SRWGS FROM THE ALL OF US RESEARCH PROGRAM;"Yunjia Liu; Lu Wang; Walker Rogers; Gelernter Joel; Hang Zhou";;European Neuropsychopharmacology;2026-09-21;article;https://doi.org/10.1016/j.euroneuro.2026.113053;;https://doi.org/10.1016/j.euroneuro.2026.113053;OpenAlex
2;hors domaines;5;Association of polygenic risk scores with low-density lipoprotein cholesterol levels and control: findings from the Hispanic Community Health Study/Study of Latinos (HCHS/SOL);"Christina G. Selkirk; Tamar Sofer; Brian Spitzer; Molly Scannell Bryan; Jiehuan Sun; Victoria Persky; Martha L. Daviglus; Maria Argos";;medRxiv;2026-09-20;preprint;https://doi.org/10.64898/2026.09.16.26363269;https://www.medrxiv.org/content/medrxiv/early/2026/09/20/2026.09.16.26363269.full.pdf;https://doi.org/10.64898/2026.09.16.26363269;OpenAlex
2;hors domaines;5;Examining the Role of Body Shame in the Relationship Between Multidimensional Perfectionism and Disordered Eating Symptoms in Black College Women;"Lauren K. Wash; Anna M. Bardone‐Cone";;International Journal of Eating Disorders;2026-09-22;article;https://doi.org/10.1002/eat.70211;https://onlinelibrary.wiley.com/doi/pdfdirect/10.1002/eat.70211;https://doi.org/10.1002/eat.70211;OpenAlex
2;hors domaines;5;Neither lost nor quite forgotten: tracing 19th and early 20th century bee types in the collections of Oxford and Paris (Hymenoptera, Apoidea);Thomas James Wood;;Zoosystema;2026-09-15;article;https://doi.org/10.5252/zoosystema2026v48a21;;https://doi.org/10.5252/zoosystema2026v48a21;OpenAlex
2;hors domaines;5;Exploring the Lived Experience of Black Americans and Substance Use Treatment: Structural, Community, and Individual Factors;"Virgil Lee Gregory; Tamika C. B. Zapolski; Brigid R. Marriott; Alexander D. Lipsey; Ariel I. Hicks; Christina Lee";;Race and Social Problems;2026-09-10;article;https://doi.org/10.1007/s12552-026-09522-z;https://link.springer.com/content/pdf/10.1007/s12552-026-09522-z.pdf;https://doi.org/10.1007/s12552-026-09522-z;OpenAlex
2;hors domaines;5;Racialized Secularization Life‐Course Trajectories and the Divergent Meaning of Religious Non‐Affiliation Among Black and White Americans;"Jason A. Freeman; Ashley Rodriquez";;Sociological Inquiry;2026-09-23;article;https://doi.org/10.1111/soin.70066;https://onlinelibrary.wiley.com/doi/pdfdirect/10.1111/soin.70066;https://doi.org/10.1111/soin.70066;OpenAlex
2;hors domaines;5;Bioactive Potential of Indigenous Lactobacillus Species Isolated from Algerian Ouarsenis Honey: A New Source of Natural Antibacterials;"F. Hacene; M. Homrani; A.A. Dahou; S. Radja; M. Bouzouina; A. Homrani";;Asian Journal of Dairy and Food Research;2026-09-15;article;https://doi.org/10.18805/ajdfr.drf-664;;https://doi.org/10.18805/ajdfr.drf-664;OpenAlex
2;hors domaines;5;Para Inglês Ver : The Narrative Obscuration of Anti-Black Urban Policies in Rio 2016’s Opening Ceremony;"Tyeshia Redden; Laysa Abchiche Lima";;Journal of Planning Education and Research;2026-09-04;article;https://doi.org/10.1177/0739456x261463756;;https://doi.org/10.1177/0739456x261463756;OpenAlex
2;hors domaines;5;Water, ritual, and the spectral urban commons;Ulises Moreno-Tabarez;;Urban Studies;2026-09-21;article;https://doi.org/10.1177/00420980261483904;https://journals.sagepub.com/doi/pdf/10.1177/00420980261483904?download=true;https://doi.org/10.1177/00420980261483904;OpenAlex
2;hors domaines;5;A Unified Path-Dependent Risk Index for CO$$_2$$ Leakage via Fault Slip and Caprock Fracture;"Abdullah Alqadran; Birendra Jha";;Rock Mechanics and Rock Engineering;2026-09-12;article;https://doi.org/10.1007/s00603-026-05832-1;;https://doi.org/10.1007/s00603-026-05832-1;OpenAlex
2;hors domaines;5;Nowcasting outbreak case and death counts from open-source reporting A validation on the 2026 Ebola (Bundibugyo) outbreak in the Democratic Republic of the Congo;Rickard Nyman;;medRxiv;2026-09-08;preprint;https://doi.org/10.64898/2026.09.05.26362336;;https://doi.org/10.64898/2026.09.05.26362336;OpenAlex
2;hors domaines;5;Community Awareness and Evidence of Dugong ( Dugong dugon ) Presence in Anjouan, Comoros;"Roxanne Ahmed; Anna Zanoli; Sara Ferri; Fouad Abdou Rabi; Youssouf Ben Ali Abdallah; Francesco Caruso; Cristina Giacoma; Livio Favaro";;Marine Mammal Science;2026-09-23;article;https://doi.org/10.1111/mms.70284;;https://doi.org/10.1111/mms.70284;OpenAlex
2;hors domaines;5;Soumaya Keynes and Chad Bown How to Win a Trade War: An Optimistic Guide to an Anxious Global Economy Simon & Schuster, 2026.;Emily J. Blanchard;;World Trade Review;2026-09-04;article;https://doi.org/10.1017/s147474562610158x;https://www.cambridge.org/core/services/aop-cambridge-core/content/view/3C1D1737146E7DAEE3162731E69C9074/S147474562610158Xa.pdf/div-class-title-soumaya-keynes-and-chad-bown-span-class-italic-how-to-win-a-trade-war-an-optimistic-guide-to-an-anxious-global-economy-span-simon-and-schuster-2026-div.pdf;https://doi.org/10.1017/s147474562610158x;OpenAlex
2;hors domaines;5;Investigating the Combined Effect of Ultrasound and an Iron Oxide Catalyst for the Degradation of Congo Red Dye;Khursheed B. Ansari;;Catalysts;2026-09-15;article;https://doi.org/10.3390/catal16090830;;https://doi.org/10.3390/catal16090830;OpenAlex
2;hors domaines;5;A new heteroleptic Co(II) coordination polymer constructed from 4,4′-Bis(2-methylimidazol-3-ium-1-yl)biphenyl and isophthalate ligands as a selective adsorbent for congo red;"Huan Wu; Jing Long; Jun Wang; Qiong Shang; Shreya Srivastava; Aparna Kushwaha; Abdullah Alarifi; Mohd Afzal; Jian Guo; Abhinav Kumar";;Colloids and Surfaces A Physicochemical and Engineering Aspects;2026-09-17;article;https://doi.org/10.1016/j.colsurfa.2026.141833;;https://doi.org/10.1016/j.colsurfa.2026.141833;OpenAlex
2;hors domaines;5;First mRNA‑based flu vaccine wins US approval, Moderna’s Ebola candidate reaches the clinic, and early‑phase cancer vaccine trials broaden across personalized and off‑the‑shelf platforms;Ashling Cannon;;Vaccine Insights;2026-09-10;article;https://doi.org/10.18609/vac.2026.048;https://www.insights.bio/api/article/3961/download;https://doi.org/10.18609/vac.2026.048;OpenAlex
2;hors domaines;5;Symbolic Statecraft: Reactive and Projective Renaming in International Relations;Sefa Secen;;International Studies Quarterly;2026-09-04;article;https://doi.org/10.1093/isq/sqag076;;https://doi.org/10.1093/isq/sqag076;OpenAlex
2;hors domaines;5;Polyesteramide loose nanofiltration membranes from p-hydroxyphenylpiperazine: tunable structure for dye desalination;"Dongdong Yang; Ming Wu; Ziyang Zhang; Xiaozhuo Ku; Xiangui Shang; Lijun Liang; Liangliang Dong; Junqiang Zhao; Yiping Zhao; Zhongyi Jiang";;Journal of Membrane Science;2026-09-12;article;https://doi.org/10.1016/j.memsci.2026.126147;;https://doi.org/10.1016/j.memsci.2026.126147;OpenAlex
2;hors domaines;5;Point-Cloud-Native L-Band Augmentation of SWOT KaRIn: Recovering Canopy-Shadowed Dark Water with NISAR;"Waleed Shoaib; Bakhtawar Ismail; Muhammad Salik";;IEEE Geoscience and Remote Sensing Letters;2026-09-17;article;https://doi.org/10.5281/zenodo.22818804;;https://doi.org/10.5281/zenodo.22818804;OpenAlex
2;hors domaines;5;Imaging and modeling crater floor subsidence at Nyiragongo Volcano, DRC;"Arthur Wan Ki Lo; C. Wauthier; Benoît Smets; Nicolas F. d'Oreye; Julien Barrière; Sergey Samsonov";;Bulletin of Volcanology;2026-09-05;article;https://doi.org/10.1007/s00445-026-02041-0;https://link.springer.com/content/pdf/10.1007/s00445-026-02041-0.pdf;https://doi.org/10.1007/s00445-026-02041-0;OpenAlex
2;hors domaines;5;Integrated biodegradation experiments and DFT calculations reveal the structure-dependent promotion of azo dye biodegradation by an ethanol cosubstrate;"Yaqi Shi; Xiang Xu; Zonglin Yang; Xianguo Li; Lei Xing; Shuwei Xia; Xuzhi Zhang; Chong Wang; Dahai Zhang";;Journal of Water Process Engineering;2026-09-19;article;https://doi.org/10.1016/j.jwpe.2026.110966;;https://doi.org/10.1016/j.jwpe.2026.110966;OpenAlex
2;hors domaines;5;Screening and ARTP mutagenesis-based breeding of high-cellulase-producing strains;"Laiyou Wang; Jintao Fang; Wei Chen; Yongpeng Jia; Liqing Guo; Shuang Cheng; Shuxian Guo; Bingbing Liu";;Brazilian Journal of Microbiology;2026-09-14;article;https://doi.org/10.1007/s42770-026-02086-5;https://link.springer.com/content/pdf/10.1007/s42770-026-02086-5.pdf;https://doi.org/10.1007/s42770-026-02086-5;OpenAlex
2;hors domaines;5;Fulminant Amyloid-β–Related Angiitis after Tenecteplase: A Biopsy-Confirmed Cause of Post-Thrombolysis Neurologic Deterioration;"Christina Schweitzer; Kalkini Durai; Shreeja Kadakia; Grant Zeigler; Khoa Pham";;The Neurohospitalist;2026-09-18;article;https://doi.org/10.1177/19418744261488454;;https://doi.org/10.1177/19418744261488454;OpenAlex
2;hors domaines;5;Repurposing waste cooking oil: A mini review;"Nur Syazana Nazeri; Nurunafisah Hasan; Fadina Amran; Muhammad Abbas Ahmad Zaini";;Environmental Progress & Sustainable Energy;2026-09-22;article;https://doi.org/10.1002/ep.70707;https://onlinelibrary.wiley.com/doi/pdfdirect/10.1002/ep.70707;https://doi.org/10.1002/ep.70707;OpenAlex
2;hors domaines;5;Policy and practice contrasts in Cameroon's mining sector;"Lucien Antoine Zang Mengue; Mario Iglesias-Martínez; Vinicius Hector Abud Louro; Feliciano  Mbomio Bacale; Efrén García-Ordiales; Pablo Higueras";;Resources Policy;2026-09-04;article;https://doi.org/10.1016/j.resourpol.2026.106044;;https://doi.org/10.1016/j.resourpol.2026.106044;OpenAlex
2;hors domaines;5;Driving the ambient-condition growth of highly crystalline covalent organic framework (COF) membranes for efficient molecular separation;"Qi He; Li Chen; Xin Lai; Yan Wang; Shengrong Huang; Changhui Tan; Xiaogeng Lin; Yasan He";;Journal of Membrane Science;2026-09-17;article;https://doi.org/10.1016/j.memsci.2026.126169;;https://doi.org/10.1016/j.memsci.2026.126169;OpenAlex
2;hors domaines;5;Rethinking Biographical Masculinities. Toward an Integrative Framework on Men, Masculinities, and Biographies;Matthias Schneider;;Men and Masculinities;2026-09-24;article;https://doi.org/10.1177/1097184x261468324;;https://doi.org/10.1177/1097184x261468324;OpenAlex
2;hors domaines;5;Relating talc flotation with particle morphology using an XRD-derived morphology index;"Daniel Dodoo; Elizaveta Forbes; Wei Sung Ng; Nathan A. S. Webster; Nicholas D. Owen; Shane P. Usher; Peter J. Scales; Anthony D. Stickland";;Minerals Engineering;2026-09-23;article;https://doi.org/10.1016/j.mineng.2026.110881;;https://doi.org/10.1016/j.mineng.2026.110881;OpenAlex
2;hors domaines;5;Isolated or interconnected? An equilibrium framework for swarm electrification in rural energy planning;"N. Ouanes; T. González Grandón; Ida Fuchs; Steven A. Gabriel";;Energy Economics;2026-09-19;article;https://doi.org/10.1016/j.eneco.2026.109598;https://www.sciencedirect.com/science/article/pii/S0140988326004780/pdf;https://doi.org/10.1016/j.eneco.2026.109598;OpenAlex
2;hors domaines;5;Miseeda: between kingdoms, through epochs—reconstructing a history of the Mahas region (Sudan);"Joanna A. Ciesielska; Mariusz Drzewiecki; Karel Christiaan Innemée; Maciej Kurcz; Katarzyna Danys; Piotr Osypiński; Paweł Lech Polkowski; Katarzyna Anna Rosa; Dobrochna Zielińska";;Antiquity;2026-09-24;article;https://doi.org/10.15184/aqy.2026.10427;https://www.cambridge.org/core/services/aop-cambridge-core/content/view/36228B78AF514630836ECEE46ECE7C52/S0003598X2610427Xa.pdf/div-class-title-miseeda-between-kingdoms-through-epochs-reconstructing-a-history-of-the-mahas-region-sudan-div.pdf;https://doi.org/10.15184/aqy.2026.10427;OpenAlex
2;hors domaines;5;Combining Abilities for Growth Performance of Indigenous Chicken Strains Reared under Improved Management in Zambia;"Mayoba Barbara Moono; Wilson N. M. Mwenya; Idowu Kolawole Odubote; Joyce Mufungwe; Mwape Wilson Mweni; Mubanga Mwale";;Sustainable Agriculture Research;2026-09-24;article;https://doi.org/10.5539/sar.v15n2p28;;https://doi.org/10.5539/sar.v15n2p28;OpenAlex
2;hors domaines;4;A financial conditions index for Sub-Saharan Africa;"Can Sever; Amadou Sy";;Applied Economics Letters;2026-09-14;article;https://doi.org/10.1080/13504851.2026.2733773;;https://doi.org/10.1080/13504851.2026.2733773;OpenAlex
2;hors domaines;4;Mapping HIV infection and sex-based differences among sub-Saharan African migrants in Northeast Italy: a multicenter study;"Anna Maria Ferrari; Marco Cola; Claudia Cozzolino; Fabio Rigo; Maria Cristina Rossi; Angela Londero; Veronica Del Punta; Marina Malena; Massimiliano Lanzafame; Daniela Piacentini; Sandro Panese; Elena Agostini; Elke Maria Erne; Lolita Sasset; Carlo Tascini; Vinicio Manfrin; Francesco Vladimiro Segala; Anna Maria Cattelan";;Pathogens and Global Health;2026-09-08;article;https://doi.org/10.1080/20477724.2026.2728954;;https://doi.org/10.1080/20477724.2026.2728954;OpenAlex
2;hors domaines;4;African Diaspora Engagement Policies: Emerging Trends and Theoretical Implications;Marco Zoppi;;Migration and Development;2026-09-10;article;https://doi.org/10.1177/21632324261480786;;https://doi.org/10.1177/21632324261480786;OpenAlex
2;hors domaines;4;The education alibi: tracing education’s entanglements across contemporary Africa;Imani Nkrumah Ardayfio;;Compare A Journal of Comparative and International Education;2026-09-14;article;https://doi.org/10.1080/03057925.2026.2731729;;https://doi.org/10.1080/03057925.2026.2731729;OpenAlex
2;hors domaines;4;Parenting early adolescents in the postmigration context: a qualitative study of African refugee women’s experiences;"Vincent Chirimwami; Irin A. Pimentel-Mannan; Kevin Luyamba";;International Journal of Migration Health and Social Care;2026-09-11;article;https://doi.org/10.1108/ijmhsc-05-2026-0076;;https://doi.org/10.1108/ijmhsc-05-2026-0076;OpenAlex
2;hors domaines;4;Revisiting “Trump’s African Americans”: racial attitudes and vote choice in the 2024 presidential election;Jonathan Knuckey;;Politics Groups and Identities;2026-09-24;article;https://doi.org/10.1080/21565503.2026.2735170;;https://doi.org/10.1080/21565503.2026.2735170;OpenAlex
2;hors domaines;4;Knowledge diplomacy and African higher education: aid-driven research co-operation in the name of economic development;Young Chol Choi;;Journal of Human Development and Capabilities;2026-09-11;article;https://doi.org/10.1080/19452829.2026.2731771;;https://doi.org/10.1080/19452829.2026.2731771;OpenAlex
2;hors domaines;4;Fabulating the Environmental Villain: Technocultures, African Cultural Rhetorics and Community Literacies of Ecological Justice in the #StopGalamseyNow Campaign;"Gabriel Opare; Sandra Boateng";;Environmental Communication;2026-09-08;article;https://doi.org/10.1080/17524032.2026.2723743;;https://doi.org/10.1080/17524032.2026.2723743;OpenAlex
2;hors domaines;4;Chaotic African Vultures Optimisation Algorithm for parameter identification in nonlinear dynamic models and solving Diophantine equations;"Oğuz Emrah Turgut; Mert Sinan Turgut; Erhan Kırtepe";;Journal of Experimental & Theoretical Artificial Intelligence;2026-09-12;article;https://doi.org/10.1080/0952813x.2026.2727170;;https://doi.org/10.1080/0952813x.2026.2727170;OpenAlex
2;hors domaines;4;Ethical Dilemmas in Audiology: A Comparative Analysis of Perspectives from the Middle East, North Africa, and the United States;"Basem Marie; Celia Zhang; Fadi Najem";;Journal of allied health;2026-09-04;article;https://doi.org/10.21091/jah.2026.03051;;https://doi.org/10.21091/jah.2026.03051;OpenAlex
2;hors domaines;4;Ingestion of high-pressure hose fragments and their possible association with a suspected toxic syndrome in two African lions (Panthera leo);"João Vitor de Campos Roeder; G Pandolfo; Maria Augusta Fornara; Peterson Triches Dornbusch; José Daniel Luzes Fedullo; Nathália Brant Malta Salgueiro; Luciane Brusco Moreira; Renata Assis Casagrande";;Acta Veterinaria Hungarica;2026-09-08;article;https://doi.org/10.1556/004.2026.01294;;https://doi.org/10.1556/004.2026.01294;OpenAlex
2;hors domaines;4;Strangers in the Academy: The Lived Experiences of First-Generation Students in Ghanaian Higher Education;Stephen Kwakye Apau;;Journal of First-generation Student Success;2026-09-21;article;https://doi.org/10.1080/26906015.2026.2723271;;https://doi.org/10.1080/26906015.2026.2723271;OpenAlex
2;hors domaines;4;Transactions of the Royal Society of Tropical Medicine and Hygiene: The study that proved the causative agent of Sri Lankan cutaneous leishmaniasis is Leishmania donovani;Chamarika Jayanetti Weerasekera;;Transactions of the Royal Society of Tropical Medicine and Hygiene;2026-09-04;article;https://doi.org/10.1093/trstmh/trag113;;https://doi.org/10.1093/trstmh/trag113;OpenAlex
2;hors domaines;4;Beyond Nostalgia: Cultural Heritage as Disruptive Infrastructure for Sustainable Development;Suleman Bawa;;Journal of African Cultural Studies;2026-09-21;article;https://doi.org/10.1080/13696815.2026.2728571;;https://doi.org/10.1080/13696815.2026.2728571;OpenAlex
2;hors domaines;4;Peer support models and quality of life among adult people living with HIV: a scoping review;"Musfirah Ahmad; Ridwan Amiruddin; Elly Lilianty Sjattar; Darmawansyah; Shanti Riskiyani; A. Arsunan Arsin";;AIDS Care;2026-09-11;article;https://doi.org/10.1080/09540121.2026.2730039;;https://doi.org/10.1080/09540121.2026.2730039;OpenAlex
2;hors domaines;4;Translation technologies and crisis management: exploring the challenges in developing Pidgin English-English bilingual resources for integration into machine translation systems;"Jeroen van de Weijer; Marcel Fuabeh Tekwa";;Linguistics Vanguard;2026-09-21;article;https://doi.org/10.1515/lingvan-2024-0241;;https://doi.org/10.1515/lingvan-2024-0241;OpenAlex
2;hors domaines;4;When the Numbers Outgrow the Plan: Evidence-Based Welfare Triage During Donkey Programme Surges in Kenya;"Kithuka James Mutiiria; Mithigi Elijah Muthama";;Animal Behaviour and Welfare Cases;2026-09-23;article;https://doi.org/10.1079/abwcases.2026.0023;;https://doi.org/10.1079/abwcases.2026.0023;OpenAlex
2;hors domaines;4;Ethnic and Racial Variations in Thyroid Eye Disease: Clinical Features and Management;"Fatema Aljufairi; Fatema A. Almenow; Maha Alhoda; Kenneth Ka Hei Lai; Clement Chee Yung Tham; Chi Pui Pang; Kelvin Kam Lung Chong";;International Ophthalmology Clinics;2026-09-24;article;https://doi.org/10.1097/iio.0000000000000637;;https://doi.org/10.1097/iio.0000000000000637;OpenAlex
2;hors domaines;4;Two new spider species of the genus Melpomene O. Pickard-Cambridge, 1898, from Colombia and Panama with complementary description of M. panamana (Petrunkevitch, 1925) (Araneae: Agelenidae);"Germán Rodríguez-Castro; Esther Garcia Rodriguez; Garret Jolma";;Zootaxa;2026-09-22;article;https://doi.org/10.11646/zootaxa.5881.4.7;;https://doi.org/10.11646/zootaxa.5881.4.7;OpenAlex
2;hors domaines;4;Implementation and Evaluation of the Harmonized Cognitive Assessment Protocol in an Arabic-Speaking Population: The Lebanon Study on Aging and Health (LSAHA);"Martine Elbejjani; Khalil El Asmar; Monique Chaaya; Ghia Sanjar; Aya El Sammak; Kenneth M. Langa; Stephen J. McCall; Abla Mehio Sibai; Carlos F. Mendes de Leon";;medRxiv;2026-09-07;preprint;https://doi.org/10.64898/2026.09.02.26362058;;https://doi.org/10.64898/2026.09.02.26362058;OpenAlex
2;hors domaines;4;Global transitions of concomitant patterns and risk factors of cardio-renal-metabolic conditions among the elderly;"Shuzhen Zhao; Chengnan Guo; Xin Zhang; Yi Li; Jingkun Hu; Jiayi Huang; Luojia Dai; Zhenqiu Liu; Tiejun Zhang";;The Journals of Gerontology Series A;2026-09-05;article;https://doi.org/10.1093/gerona/glag218;;https://doi.org/10.1093/gerona/glag218;OpenAlex
2;hors domaines;4;New Stylogaster Macquart, 1835 (Diptera: Conopidae) from Australasian and Oriental Regions;"Leonardo Silvestre Gomes Rocha; Jeffrey H. Skevington; Cátia Antunes de Mello-Patiu";;Zootaxa;2026-09-21;article;https://doi.org/10.11646/zootaxa.5881.2.5;;https://doi.org/10.11646/zootaxa.5881.2.5;OpenAlex
2;hors domaines;4;Two new species of caddisflies (Trichoptera, Cladochoristidae) from the Lower Triassic of Russia;"I. D. Sukatsheva; Dmitry V. Vasilenko";;Palaeoentomology;2026-09-24;article;https://doi.org/10.11646/palaeoentomology.9.5.2;;https://doi.org/10.11646/palaeoentomology.9.5.2;OpenAlex
2;hors domaines;4;Cantobrillia risa gen. nov. et sp. nov. of the Brillia-group (Diptera: Chironomidae: Orthocladiinae) from Oriental China;"Tsz‐Ying Chan; Wu Han; Hongqu Tang; Peter S. Cranston; Mathew Seymour";;Zootaxa;2026-09-07;article;https://doi.org/10.11646/zootaxa.5875.4.3;;https://doi.org/10.11646/zootaxa.5875.4.3;OpenAlex
2;hors domaines;4;Election delay: public support for postponing elections during public health crises;"Hyoungrohk Chu; Haruka Nagao; Rigao Liu; William Hatungimana; Leeann Youn";;Journal of Elections Public Opinion and Parties;2026-09-13;article;https://doi.org/10.1080/17457289.2026.2720140;;https://doi.org/10.1080/17457289.2026.2720140;OpenAlex
2;hors domaines;4;International Perspectives on Narrative Victimology;Seán Byrne;;Victims & Offenders;2026-09-24;article;https://doi.org/10.1080/15564886.2026.2730257;;https://doi.org/10.1080/15564886.2026.2730257;OpenAlex
2;hors domaines;4;First Report of Pestalotiopsis adusta Species Complex Causing Leaf Spot on Red Mangrove ( Rhizophora mangle ) in Florida;"Sushmita Sapkota; Melissa M. Deinys; Seemanti Chakrabarti; Swadeshmukul Santra; Dhillon, Braham, Ph.D.";;Plant Disease;2026-09-20;article;https://doi.org/10.1094/pdis-06-26-1279-pdn;;https://doi.org/10.1094/pdis-06-26-1279-pdn;OpenAlex
2;hors domaines;4;Redescription of the Australian endemic water flea Australochydorus aporus Smirnov & Timms, 1983 leads to a re-evaluation of the genus Australochydorus Smirnov & Timms, 1983 (Cladocera: Anomopoda: Chydoridae);Artem Y. Sinev;;Zootaxa;2026-09-07;article;https://doi.org/10.11646/zootaxa.5875.4.2;;https://doi.org/10.11646/zootaxa.5875.4.2;OpenAlex
2;hors domaines;4;Anterior Cervical Approaches for 2-Level Radiculopathy;"Philip K. Louie; Patricia Lipson; Aiyush Bansal; K. D. Riew; S. T. Yoon; Andreas Demetriades; Sathish Muthu; Amit Jain";;Clinical Spine Surgery A Spine Publication;2026-09-17;article;https://doi.org/10.1097/bsd.0000000000002173;;https://doi.org/10.1097/bsd.0000000000002173;OpenAlex
2;hors domaines;4;Validating the use of banana fiber in sustainable hair extensions for hairdressing applications;"Collins Bagiritima Twebaze; Meiling Zhang; Hu Wenhui; Odongo James";;Journal of the Textile Institute;2026-09-06;article;https://doi.org/10.1080/00405000.2026.2681249;;https://doi.org/10.1080/00405000.2026.2681249;OpenAlex
2;hors domaines;4;Beyond Cultural Representation: A Commentary on Global South Media Theory from the Indonesian Digital Public Sphere;Pramana Pramana;;Critical Arts;2026-09-11;article;https://doi.org/10.1080/02560046.2026.2707943;;https://doi.org/10.1080/02560046.2026.2707943;OpenAlex
2;hors domaines;4;Taxonomic studies of Araceae in Myanmar IX: Sauromatum hetterscheidii sp. nov. (Aroideae);"Khant Zaw Hein; Chit Soe Paing; Surapon Saensouk; Mark Arcebal K. Naive";;Phytotaxa;2026-09-21;article;https://doi.org/10.11646/phytotaxa.776.1.8;;https://doi.org/10.11646/phytotaxa.776.1.8;OpenAlex
2;hors domaines;4;Resource extraction and energy dynamics in the Democratic Republic of Congo;"Demet Beton Kalmaz; Modeste Kakudji Nsaka";;International Journal of Energy Sector Management;2026-09-11;article;https://doi.org/10.1108/ijesm-06-2025-0032;;https://doi.org/10.1108/ijesm-06-2025-0032;OpenAlex
2;hors domaines;4;English language education in the multilingual Global South;"Lina Mukhopadhyay; Kuchah Kuchah; Medadi Erisa Ssentanda";;ELT Journal;2026-09-22;article;https://doi.org/10.1093/elt/ccag051;;https://doi.org/10.1093/elt/ccag051;OpenAlex
2;hors domaines;4;Oligoclonal nanobody-based recombinant antivenom protects mice challenged with venom from cobras and king cobras from India;"Arpan Samanta; Gotravalli V. Rudresha; Shirin Ahmadi; Suthimon Thumtecho; Lars Boyens‐Thiele; Tasja Wainani Ebersole; Nick J. Burlet; Camilla Holst Dahl; Hmar Tlawmte Lalremsanga; Alexander Kai Buell; Anne Ljungars; Andreas H. Laustsen; Kartik Sunagar";;Science Translational Medicine;2026-09-09;article;https://doi.org/10.1126/scitranslmed.aed4290;;https://doi.org/10.1126/scitranslmed.aed4290;OpenAlex
2;hors domaines;4;Algorithmic sovereignty and the future of Armenian: building language tools beyond extractive AI;"Artur Mikhailovich Ishkhanyan; Mariam Gevorgyan";;Current Issues in Language Planning;2026-09-20;article;https://doi.org/10.1080/14664208.2026.2732139;;https://doi.org/10.1080/14664208.2026.2732139;OpenAlex
2;hors domaines;4;Blue innovation and ecological transitions: a realist synthesis of mechanisms and knowledge asymmetries;"Marco Antonio Portugal; José Alberto Carvalho dos Santos Claro";;Management Research The Journal of the Iberoamerican Academy of Management;2026-09-12;article;https://doi.org/10.1108/mrjiam-04-2026-1998;;https://doi.org/10.1108/mrjiam-04-2026-1998;OpenAlex
2;hors domaines;4;Retinal manifestations of neglected tropical diseases;"Aaron T. Zhao; Turner D. Wibbelsman; Jordan D. Deaner";;Current Opinion in Ophthalmology;2026-09-11;article;https://doi.org/10.1097/icu.0000000000001249;;https://doi.org/10.1097/icu.0000000000001249;OpenAlex
2;hors domaines;4;AI On Time? Evidence from Curb-to-Gate Facial Recognition;"Xiang Wan; H. Alice Li; Zenan Zhou";;Manufacturing & Service Operations Management;2026-09-04;article;https://doi.org/10.1287/msom.2023.0277;;https://doi.org/10.1287/msom.2023.0277;OpenAlex
2;hors domaines;4;A qualitative study exploring the role of ethnicity, culture and religion on awareness of breast health;"Suniljeet Sandhu; Georgette Oni; Emma E. Wilson";;International Journal of Health Promotion and Education;2026-09-16;article;https://doi.org/10.1080/14635240.2026.2733132;;https://doi.org/10.1080/14635240.2026.2733132;OpenAlex
2;hors domaines;4;Geopolitically Driven Resource Stranding and Carbon Emissions from Global Oil and Gas Supply;"Zanfeng Wang; Wenji Zhou; Hongtao Ren; Haiping Sun; Boshu Li; Lin Zhang; Feng Song; Xi Lu";;Environmental Science & Technology;2026-09-18;article;https://doi.org/10.1021/acs.est.6c02396;;https://doi.org/10.1021/acs.est.6c02396;OpenAlex
2;hors domaines;4;Culturally responsive instruction for writing courses in the UAE: Leveraging speaking skills for writing development;"Laurence Craven; Vincent Greenier";;RELC Journal;2026-09-10;article;https://doi.org/10.1177/00336882261486477;;https://doi.org/10.1177/00336882261486477;OpenAlex
2;hors domaines;4;Technological innovation adoption for improving smallholder cashew farmers’ income: The interconnection of institutional and market dimensions;"E R Pribadi; Sujianto Sujianto; Agung Budi Santoso; I Gusti Ayu Putu Mahendri; Yulia Pujiharti; Helena Da Silva; Zamroni Salim; Rudi Suryadi; Adi Setiadi; Octivia Trisilawati; Ruby Heryanto; Endang Hadipoentyanti; Eka Miftakhul Jannah; Bedy Sudjarmoko; Suci Wulandari; Joko Pitono";;African Journal of Science Technology Innovation and Development;2026-09-12;article;https://doi.org/10.1080/20421338.2026.2707945;;https://doi.org/10.1080/20421338.2026.2707945;OpenAlex
2;hors domaines;4;Digital narratives of legitimacy : President Mnangagwa’s Instagram discourse in Zimbabwe’s fragmented media landscape;"Nana Kwame Osei Fordjour; Cleophas Taurai Muneri";;The Communication Review;2026-09-08;article;https://doi.org/10.1080/10714421.2026.2728495;;https://doi.org/10.1080/10714421.2026.2728495;OpenAlex
2;hors domaines;4;First‐Year Observations From the Meteosat‐12 Lightning Imager: Flash Properties and LI‐FCI Relationships;"Pauline Combarnous; Orane Vernet; Maud Martet";;Journal of Geophysical Research Atmospheres;2026-09-11;article;https://doi.org/10.1029/2025jd045980;;https://doi.org/10.1029/2025jd045980;OpenAlex
2;hors domaines;4;Historical markers and heritage tourism: stakeholder insights from coastal Georgia;"Patrick J. Holladay; Anthony W. Dixon; Harriet E. T. Dixon; Lane Boyte Chadwick; Elyse Butler; Anand Krishnamoorthy";;Journal of Tourism and Cultural Change;2026-09-23;article;https://doi.org/10.1080/14766825.2026.2710780;;https://doi.org/10.1080/14766825.2026.2710780;OpenAlex
2;hors domaines;4;Transit-Oriented Development in Comparative Perspective International Pathways, Policy Instruments, and Urban Outcomes;"Chia-Nung Li; Wann-Ming Wey";;Journal of Transportation Engineering Part A Systems;2026-09-18;article;https://doi.org/10.1061/jtepbs.teeng-9950;;https://doi.org/10.1061/jtepbs.teeng-9950;OpenAlex
2;hors domaines;4;Effects of Swelling on Nanomechanical Properties of Corneal Lamellae: Assessed by AFM;"Yingnan Zhai; Beste Caner; Kenia Nunes; Pengfei Dong; Linxia Gu";;Journal of Biomechanical Engineering;2026-09-17;article;https://doi.org/10.1115/1.4072710;;https://doi.org/10.1115/1.4072710;OpenAlex
2;hors domaines;4;Dual provenance signature of Upper Devonian sandstones along the northern Gondwanan margin: zircon U–Pb–Hf evidence from the Ilanqareh Formation, NW Iran;"Mahdi Jafarzadeh; Mohammad Salehi; David Lowe; Katarína Bónová; Sebastian Kommescher; Rebecca Lam";;International Geology Review;2026-09-10;article;https://doi.org/10.1080/00206814.2026.2727159;;https://doi.org/10.1080/00206814.2026.2727159;OpenAlex
2;hors domaines;4;First mitochondrial DNA data and preliminary phylogenetic relationship of the endemic mole cricket Gryllotalpa cossyrensis (Orthoptera: Gryllotalpidae) from Pantelleria Island (Sicily, Italy);"Simone Sabatelli; Pietro Gardini; Paolo Audisio; Francesco Gallozzi";;Journal of Natural History;2026-09-21;article;https://doi.org/10.1080/00222933.2026.2716388;;https://doi.org/10.1080/00222933.2026.2716388;OpenAlex
2;hors domaines;4;Cytogenetic Evidence for a Male-Heterogametic (XY) Sex Determination System in Clarias gariepinus;"Atilla Arslan; Zafer Alpaslan; Büşra Özçay Ekşi; Emine Arslan";;Cytology and Genetics;2026-09-24;article;https://doi.org/10.3103/s0095452726050026;;https://doi.org/10.3103/s0095452726050026;OpenAlex
2;hors domaines;4;The Legislative Rationale of the Charter of the League of Arab States and Its Implications for Effective Arab Crisis Management;"Mohammad Nasr Khater; Marya Ahmad Aldhoun; Majd Manasra; Hanan Hashim Ameer";;Journal of Public Affairs;2026-09-22;article;https://doi.org/10.1002/pa.70159;;https://doi.org/10.1002/pa.70159;OpenAlex
2;hors domaines;4;Predation impacts of free‐roaming animals on terrestrial wildlife species;"Xianzhe Wang; Zikun Gao; Cheng Zong; Kun Shi; Qiaoqi Sun";;Conservation Biology;2026-09-10;article;https://doi.org/10.1111/cobi.70384;;https://doi.org/10.1111/cobi.70384;OpenAlex
2;hors domaines;4;Future changes in North Atlantic tropical cyclone intraseasonal variability associated with the Madden-Julian Oscillation;"Chuan‐Chieh Chang; L Ruby Leung; Sandro Wellyanto Lubis; Ziming Chen; Karthik Balaguru; Samson Hagos; Ming Zhao; Kohei Yoshida; Hiroyuki Murakami; Hsin‐Chien Liang";;Journal of Climate;2026-09-11;article;https://doi.org/10.1175/jcli-d-26-0193.1;;https://doi.org/10.1175/jcli-d-26-0193.1;OpenAlex
2;hors domaines;4;The impact of artificial intelligence on labor investment efficiency: a study of non-financial firms in emerging markets;"Saif Ur Rehman; Misbah Sadiq; Abeer Daifallah Abdelkarim Al Sardi; Rachid Alami; Naseem Abidi";;International Journal of Emerging Markets;2026-09-17;article;https://doi.org/10.1108/ijoem-03-2026-0673;;https://doi.org/10.1108/ijoem-03-2026-0673;OpenAlex
2;hors domaines;4;Impact of artificial intelligence in international business – a comprehensive review;"Ankit Surana; Samrat Bagchi; Mridul Gopalia; Vraj Alpeshbhai Shah";;International Marketing Review;2026-09-17;article;https://doi.org/10.1108/imr-05-2025-0236;;https://doi.org/10.1108/imr-05-2025-0236;OpenAlex
2;hors domaines;4;The APOL1 protective M1 modifier occurs exclusively with the KIK protein haplotype to suppress channel conductance;"Diya Yang; Korey R. Bartolomeo; Shiying Liu; Agustin Gonzalez‐Vicente; Nicholas R. Wheeler; Penelope H. Benchek; 朱晓峰; Jonathan Haines; Jessica N Cooke-Bailey; Thomas Nader; Nurdan Cam; Leslie A. Bruggeman; Scott M. Williams; Dana C. Crawford; William S. Bush; John F. O’Toole; John R. Sedor";;medRxiv;2026-09-15;preprint;https://doi.org/10.64898/2026.09.14.26362999;;https://doi.org/10.64898/2026.09.14.26362999;OpenAlex
2;hors domaines;4;Sustained Glycemic Outcomes with the MiniMed ™ 780G System: Real-World Evidence from >16,000 Users Across 18 Latin American Countries Over Two Years;"Matías Castro; Bruno Grassi; Alejandro Daín; Ana Maria Gomez; Antonio Saleme; Luís Eduardo Calliari; Rodrigo de Azeredo Siqueira; Marcela Raggio; Francisca Riera; Miguel Ángel Gómez Sámano; MARGARET LIU; Robert Alan Vigersky; JENNIFER J.F. MCVEAN";;Diabetes Technology & Therapeutics;2026-09-19;article;https://doi.org/10.1177/15209156261486558;;https://doi.org/10.1177/15209156261486558;OpenAlex
2;hors domaines;4;Zeolite formation via aqueous alteration of calcium‐aluminum‐rich inclusions on the CR and CV parent asteroids;"M. A. Ivanova; Sergey N. Britvin; Alexander N. Krot; Kazuhide Nagashima; N. G. Zinovieva";;Meteoritics and Planetary Science;2026-09-14;article;https://doi.org/10.1111/maps.70234;;https://doi.org/10.1111/maps.70234;OpenAlex
2;hors domaines;4;First Report of Powdery Mildew Caused by Podosphaera xanthii on Spathodea campanulata in Hainan Province, China;"Hua Wu; Yingwen Pan";;Plant Disease;2026-09-20;article;https://doi.org/10.1094/pdis-02-26-0333-pdn;;https://doi.org/10.1094/pdis-02-26-0333-pdn;OpenAlex
2;hors domaines;4;Navigating the margins: institutional regulation of executive leadership pathways for Black women;"Alene Denson; JoHyun Kim; HyeJin Tina Yeo";;Studies in Higher Education;2026-09-22;article;https://doi.org/10.1080/03075079.2026.2737342;;https://doi.org/10.1080/03075079.2026.2737342;OpenAlex
2;hors domaines;4;The Carceral System’s Role in Opioid Misuse and Overdose Risk Among Black Men: A Qualitative Analysis;"Destin L. Mizelle; P. B. Wheeler; Rayven L. Peterson; Natalie J. Malone; Adrienne Smith; Danelle J. Stevens-Watkins";;Journal of Psychoactive Drugs;2026-09-24;article;https://doi.org/10.1080/02791072.2026.2696254;;https://doi.org/10.1080/02791072.2026.2696254;OpenAlex
2;hors domaines;4;Black Pain, White Care: A BlackCrit Analysis of Black Masculinity and Therapy in Shrinking;"Demetrius Cofield; Amaya Rakes";;Journal of Black Studies;2026-09-24;article;https://doi.org/10.1177/00219347261485506;;https://doi.org/10.1177/00219347261485506;OpenAlex
2;hors domaines;4;The politics of care: the effects of caregiving and discrimination on black women’s political engagement;Ayana Best;;Politics Groups and Identities;2026-09-24;article;https://doi.org/10.1080/21565503.2026.2732940;;https://doi.org/10.1080/21565503.2026.2732940;OpenAlex
2;hors domaines;4;Protests, Racial Threat, and Social Control: How Does Protesting and Racial Threat Impact Different Types of Social Control?;"Karen F. Parker; Cresean Hughes";;Race and Justice;2026-09-23;article;https://doi.org/10.1177/21533687261489287;;https://doi.org/10.1177/21533687261489287;OpenAlex
2;hors domaines;4;"Sleep Apnea and Risk of Comorbid Insomnia in Arab, Black, and White Women and Men; A Longitudinal Study";"Galit Levi Dunietz; Benjamin Osafo Agyare; Punithavathy Vijayakumar; Ronald Gavidia; Xiru Lyu; Abdulghani Sankari; Hrayr Attarian; Erin Kaleba; Sonia Ancoli‐Israel; Kerby Shedden";;SLEEP;2026-09-23;article;https://doi.org/10.1093/sleep/zsag257;;https://doi.org/10.1093/sleep/zsag257;OpenAlex
2;hors domaines;4;Dressing for death: conspicuous consumption and social identity in American mourning;Rahima Schwenkbeck;;Mortality;2026-09-23;article;https://doi.org/10.1080/13576275.2026.2733466;;https://doi.org/10.1080/13576275.2026.2733466;OpenAlex
2;hors domaines;4;Trends in mortality attributable to complications of medical and surgical care among cancer patients;"Shangcheng Yan; Zhen Cao; Qiyao Zhang; Bingrong Chen; Bohan Huang; Ziwen Liu";;Expert Review of Pharmacoeconomics & Outcomes Research;2026-09-23;article;https://doi.org/10.1080/14737167.2026.2737523;;https://doi.org/10.1080/14737167.2026.2737523;OpenAlex
2;hors domaines;4;Effect of Institutional Guidelines on Equitable Management of Pediatric Osteomyelitis;"Timothy Schurz; Cheyney C. Dobson; Gary L Freed; William E Gillespie; Niko Kaciroti; Harlan McCaffery; Jason B Weinberg; Elizabeth C Lloyd";;Journal of the Pediatric Infectious Diseases Society;2026-09-23;article;https://doi.org/10.1093/jpids/piag103;;https://doi.org/10.1093/jpids/piag103;OpenAlex
2;hors domaines;4;Health system transitions and engagement for patients with opioid use disorder;"Meredith Niess; Kendrick Kennedy; Victoria Glunt; Joshua Burrows; Ben Goldstein; Amanda Brucker; Carl Mhina; Catherine Staton; Michael Pignone";;medRxiv;2026-09-24;preprint;https://doi.org/10.64898/2026.09.22.26363750;;https://doi.org/10.64898/2026.09.22.26363750;OpenAlex
2;hors domaines;4;Predictors and Outcomes of Palliative Care Consultation in Veterans Hospitalized with Alcohol-Associated Hepatitis;"Olivia Belliveau; Catherine Mezzacappa; Arpan Patel; Jennifer M. Kapo; David Kaplan; Tamar Taddei";;Journal of Palliative Medicine;2026-09-22;article;https://doi.org/10.1177/10966218261488082;;https://doi.org/10.1177/10966218261488082;OpenAlex
2;hors domaines;4;Legal temporalities, racial time, and memory politics: political mobilisation and agency among Afrodescendant Belgians and undocumented Congolese women;Taibou Sal;;Journal of Ethnic and Migration Studies;2026-09-22;article;https://doi.org/10.1080/1369183x.2026.2732342;;https://doi.org/10.1080/1369183x.2026.2732342;OpenAlex
2;hors domaines;4;Beyond the Battlefield: Women and the Nation in Twentieth-Century Angola;Catherine Ramey;;Canadian Journal of African Studies / Revue canadienne des études africaines;2026-09-22;article;https://doi.org/10.1080/00083968.2026.2725437;;https://doi.org/10.1080/00083968.2026.2725437;OpenAlex
2;hors domaines;4;Exploring seed morphology of Polygala s.s. (Polygalaceae) for taxonomic purposes: a case study of the Angolan taxa;"ANA M.S. COELHO; Jorge Paiva; Fátima Sales";;Phytotaxa;2026-09-24;article;https://doi.org/10.11646/phytotaxa.776.3.1;;https://doi.org/10.11646/phytotaxa.776.3.1;OpenAlex
2;hors domaines;4;La création de la réserve naturelle d’Itombwe en République démocratique du Congo;"Mireille Manga Edimo; Sara Kakondja";;Afrique contemporaine;2026-09-10;article;https://doi.org/10.3917/afco1.282.0057;;https://doi.org/10.3917/afco1.282.0057;OpenAlex
2;hors domaines;4;Photocatalytic degradation of Congo Red dye using Na and K doped ZnO nanoparticles obtained via sour orange ( Citrus aurantium L.) extracts;"Jazmín María Gamboa Sosa; I. J. González-Chan; Durcy Ruíz-Ciau; M. Rosado-Mendoza";;Main Group Chemistry;2026-09-17;article;https://doi.org/10.1177/10241221261484709;;https://doi.org/10.1177/10241221261484709;OpenAlex
2;hors domaines;4;Exploitation minière industrielle au Sud-Kivu dans l’Est de la République démocratique du Congo : effets pervers et stratégies locales de résistance;"Prudence Nshokano Mwiha; Ghislain Kabumba R. Baderha; Jules Barhalengehwa Basimine";;Afrique contemporaine;2026-09-10;article;https://doi.org/10.3917/afco1.282.0085;;https://doi.org/10.3917/afco1.282.0085;OpenAlex
2;hors domaines;4;L’accord de paix entre la République démocratique du Congo et les États-Unis de 2025 interprété par les « acteurs du bas » à Bukavu;"Justin Sheria Nfundiko; Emmanuel Akonkwa Nfizi; Francis Kashwantale Amini";;Afrique contemporaine;2026-09-10;article;https://doi.org/10.3917/afco1.282.0333;;https://doi.org/10.3917/afco1.282.0333;OpenAlex
2;hors domaines;4;Structural, optical, and photocatalytic properties of combustion-synthesized Ce 0 . 92 M 0 . 08 O 2−δ (M = Dy, Tb, Yb) nanoparticles for photocatalytic degradation of Congo Red;Nurvet Kirkgeçit Aksoy;;Spectroscopy Letters;2026-09-23;article;https://doi.org/10.1080/00387010.2026.2736762;;https://doi.org/10.1080/00387010.2026.2736762;OpenAlex
2;hors domaines;4;Panton–Valentine Leucocidin-positive Staphylococcus aureus Skin Infection Mimicking Mpox in a Pediatric Returning Traveler;"Alice Hucko; Dennis Nurjadi; Sébastien Boutin; Andreas Karl Lindner; Renate Krüger";;The Pediatric Infectious Disease Journal;2026-09-10;article;https://doi.org/10.1097/inf.0000000000005399;;https://doi.org/10.1097/inf.0000000000005399;OpenAlex
2;hors domaines;4;Periorbital purpura and macroglossia in immunoglobulin light-chain amyloidosis;"Yuan Wang; Fang Wang; Yiting Gao; Yue Luo; WenFang Wang; Yongzhuo Wu; Fuqiong Jiang";;British Journal of Dermatology;2026-09-11;article;https://doi.org/10.1093/bjd/ljag288;;https://doi.org/10.1093/bjd/ljag288;OpenAlex
2;hors domaines;4;Worldwide water gaps: Using relative elevation modelling to identify transverse drainages;Jacqueline Lee;;Progress in Physical Geography Earth and Environment;2026-09-11;article;https://doi.org/10.1177/03091333261480927;;https://doi.org/10.1177/03091333261480927;OpenAlex
2;hors domaines;4;Insulin-derived nodular amyloidosis at sites of injection;"Saad Nadeem; Muhammad Zain; Sreeram Pasupuleti; Heleb Chen; John R. Griffin";;Baylor University Medical Center Proceedings;2026-09-08;article;https://doi.org/10.1080/08998280.2026.2724657;;https://doi.org/10.1080/08998280.2026.2724657;OpenAlex
2;hors domaines;4;Peptide G3 Suppresses Hyphal Development in Candida albicans by Disrupting β-1,3-Glucan;"Yusen Zhang; Yiyi Zhang; Chi Gu; Xiaoyang Zhang; Xiaofang Jiang; Xinglong Fan; Hai Long Xu; Cuixia Chen";;Langmuir;2026-09-25;article;https://doi.org/10.1021/acs.langmuir.6c02457;;https://doi.org/10.1021/acs.langmuir.6c02457;OpenAlex
2;hors domaines;4;Construction of a Donor−Acceptor Zinc-Based Organic Framework Incorporating a Benzothiadiazole Photosensitizer for Efficient Photocatalytic Dye Degradation;"Huiping Chen; Hongming Chen; Guang Che; Rui Wang; Shuai Chang";;Crystal Growth & Design;2026-09-22;article;https://doi.org/10.1021/acs.cgd.6c00066;;https://doi.org/10.1021/acs.cgd.6c00066;OpenAlex
2;hors domaines;4;Biomimetic Hydrogels with Nucleus Pulposus-like Viscoelasticity and ECM Peptides for Discogenic Differentiation of Stem Cells;"Yin Liu; Yixun Cheng; Evan Johnston; Shuaibing Jiang; Hosni Cherif; David Juncker; Nicole Y. K. Li‐Jessen; Lisbet Haglund; Jianyu Li";;ACS Biomaterials Science & Engineering;2026-09-04;article;https://doi.org/10.1021/acsbiomaterials.5c02074;;https://doi.org/10.1021/acsbiomaterials.5c02074;OpenAlex
2;hors domaines;4;Synchronizing Interfacial Reactions at Ionic Liquid/Water Interfaces for Enhanced Organic Solvent Nanofiltration Membranes;"Xi Cheng; FeiFei Cui; Guohong Zhang; Dan Hua; Guowu Zhan";;Industrial & Engineering Chemistry Research;2026-09-07;article;https://doi.org/10.1021/acs.iecr.6c03099;;https://doi.org/10.1021/acs.iecr.6c03099;OpenAlex
2;hors domaines;4;Influence of Heating Rate on the Structural Optimization of g‐C 3 N 4 for High‐Efficiency Photocatalytic Degradation of Naphthol Green and Ternary Dye Pollutants;"Meghashree Vinod Shetter; M Uday Kumar; Latha Kumari";;ChemistrySelect;2026-09-24;article;https://doi.org/10.1002/slct.74627;;https://doi.org/10.1002/slct.74627;OpenAlex
2;hors domaines;4;Photothermal‐Modulated Electrohydrodynamic Jet Printing of Flexible and Recyclable Photocatalytic Devices for Visible‐Light‐Driven Water Purification;"Kai Li; Junyang Fang; Jialiang Liu; Meng Li; Ziang Wu; Dazhi Wang; Yang Lü";;Advanced Functional Materials;2026-09-16;article;https://doi.org/10.1002/adfm.78470;;https://doi.org/10.1002/adfm.78470;OpenAlex
2;hors domaines;4;In Silico Design and Green Synthesis of Polyhydroxy Conjugated Piperidine and Pyrrolidine Derivatives for In vitro Antiglycation Activity;"Anju Daharia; Alok Singh Thakur; Lokkanya Dewangan";;Russian Journal of General Chemistry;2026-09-12;article;https://doi.org/10.1134/s1070363225608130;;https://doi.org/10.1134/s1070363225608130;OpenAlex
2;hors domaines;4;Natural Zeolite Supported Photocatalysts for the Simultaneous Degradation of Dyes in Aqueous Solutions;"Sephia Amanda Muhtar; Kamilah Nada Maisa; Elvina Ayu Ratnasari; Khairurrijal Khairurrijal; Dian Ahmad Hapidin";;Advanced engineering forum;2026-09-23;article;https://doi.org/10.4028/p-2a3p7u;;https://doi.org/10.4028/p-2a3p7u;OpenAlex
2;hors domaines;4;Le Mwami sans terres;Auguste Mwilo-Mwihi Watuta;;Afrique contemporaine;2026-09-10;article;https://doi.org/10.3917/afco1.282.0107;;https://doi.org/10.3917/afco1.282.0107;OpenAlex
2;hors domaines;4;Comparative periodate/peroxydisulfate‐induced catalytic degradation of C ongo red by CuS / AC catalyst and its composite membrane with polysulfone;"Hieu Trung Nguyen; Nguyen Dang Khoa Phan";;The Canadian Journal of Chemical Engineering;2026-09-13;article;https://doi.org/10.1002/cjce.70580;;https://doi.org/10.1002/cjce.70580;OpenAlex
2;hors domaines;4;Phyto‐fabricated MgNiO 2 ternary metal oxides for enhanced photocatalytic degradation of organic pollutants;"K. Suba; R. Lavanya; M. Rajasekar; G.S. Sivagurunathan; Srinivasan Surendhiran; K.S. Mohan; S. Vanchinathan";;Environmental Progress & Sustainable Energy;2026-09-05;article;https://doi.org/10.1002/ep.70637;;https://doi.org/10.1002/ep.70637;OpenAlex
2;hors domaines;4;Terres accaparées et résistances communautaires;Pierre Jacquemot;;Afrique contemporaine;2026-09-10;article;https://doi.org/10.3917/afco1.282.0019;;https://doi.org/10.3917/afco1.282.0019;OpenAlex
2;hors domaines;4;Arc-related and high-grade dry metamorphic conditions of the Búzios Orogeny: A case study of. ∼500 Ma orthogranulites from Ilha Grande, Rio de Janeiro – Brazil;"Ana Carolina Moterani; Werlem Holanda; Camila Cardoso Nogueira; Armando Dias Tavares; Maria Virgínia Alves Martins; Renata da Silva Schmitt; Mauro César Geraldes";;Journal of the Geological Society;2026-09-16;article;https://doi.org/10.1144/jgs2024-268;;https://doi.org/10.1144/jgs2024-268;OpenAlex
2;hors domaines;4;“Egyptian” and “Mayan” Molybdenum Disulfide Pyramids;"Haowen Luo; Chi Shing Tsang; Ka Ho Leung; Ping Man; Xuanmei Ye; Xueyan Cui; Wenqian Shen; Quoc Huy Thi; Jiong Xin Zhao; Thuc Hue Ly";;Nano Letters;2026-09-23;article;https://doi.org/10.1021/acs.nanolett.6c03801;;https://doi.org/10.1021/acs.nanolett.6c03801;OpenAlex
2;hors domaines;4;EXPRESSION OF CONCERN : Randomized controlled trial comparing ondansetron and placebo for the reduction of spinal anesthesia‐induced hypotension during elective cesarean delivery in Egypt;;;International Journal of Gynecology & Obstetrics;2026-09-24;article;https://doi.org/10.1002/ijgo.71386;;https://doi.org/10.1002/ijgo.71386;OpenAlex
2;hors domaines;4;Empirical Calibration of Adaptive Bounded-Confidence Dynamics in Refugee–Host Interaction Networks;"Sally Hafez; Fatma R Farag; Amira S.N. Tawadros";;Advances in Complex Systems;2026-09-24;article;https://doi.org/10.1142/s0219525926500086;;https://doi.org/10.1142/s0219525926500086;OpenAlex
2;hors domaines;4;Synthesis and In Vitro Biological Activities of Curcumin‐Heterocycle Conjugates;"Zhao‐liang Yan; Yuan-Feng Ma; Yi‐xin Liang; Ke‐reng Chen; Xue‐Jie Qi; Lili Duan";;ChemistrySelect;2026-09-24;article;https://doi.org/10.1002/slct.74628;;https://doi.org/10.1002/slct.74628;OpenAlex
2;hors domaines;4;Black-boxed ecologies: urban environmental art and the politics of visibility in the Urbanocene;Eleni Gemtou;;Science as Culture;2026-09-24;article;https://doi.org/10.1080/09505431.2026.2738444;;https://doi.org/10.1080/09505431.2026.2738444;OpenAlex
2;hors domaines;4;A Systematic Review of Green HRM Determinants in African Infrastructure Development;Hubert Obour;;Pan-African journal of education and social sciences;2026-09-23;review;https://doi.org/10.56893/pajes2026v07i01.01;https://www.lse.ac.uk/granthaminstitute/wp-content/uploads/2023/10/Corruption-and-integrity-risks-in-climate-solutions.pdf;https://doi.org/10.56893/pajes2026v07i01.01;OpenAlex
2;hors domaines;3;The road ahead for CLL care in sub-Saharan Africa;"Barbara Eichhorst; Eugen Tausch";;Blood Global Hematology;2026-09-18;article;https://doi.org/10.1016/j.bglo.2026.100137;https://www.sciencedirect.com/science/article/pii/S3050565826000776/pdf;https://doi.org/10.1016/j.bglo.2026.100137;OpenAlex
2;hors domaines;3;Religion, Identity, and Belonging: Protestant Christianity and Everyday Social Integration among East African Protestants in Finland;Richard Ondicho Otiso;;Journal of Religion & Society;2026-09-24;article;https://doi.org/10.64667/phue5887;;https://doi.org/10.64667/phue5887;OpenAlex
2;hors domaines;3;Socio-spatial drivers of thermal environment evolution in East African informal settlements based on multi-temporal LCZ analysis of major metropolises;Godfrey Nkugwa;;Discover Cities;2026-09-17;article;https://doi.org/10.1007/s44327-026-00366-1;;https://doi.org/10.1007/s44327-026-00366-1;OpenAlex
2;hors domaines;3;Peer-to-Peer Support Networks and Non-Communicable Disease Outcomes among Men in West Africa: A Critical Narrative Review and Strategic Public Health Framework;"Ibrahim Sahr Momoh; Patrick Idrissa Sahr Lebbie";;International Journal of TROPICAL DISEASE & Health;2026-09-23;review;https://doi.org/10.9734/ijtdh/2026/v47i91780;;https://doi.org/10.9734/ijtdh/2026/v47i91780;OpenAlex
2;hors domaines;3;‘Africa Rising’ revisited: African states and the politics of emergence;"Didier Péclard; Antoine Kernen";;Global Social Challenges Journal;2026-09-21;article;https://doi.org/10.1332/27523349y2026d000000098;;https://doi.org/10.1332/27523349y2026d000000098;OpenAlex
2;hors domaines;3;Late Style / Africa;Dagmawi Woubshet;;James Baldwin Review;2026-09-16;article;https://doi.org/10.7227/jbr.12.19;;https://doi.org/10.7227/jbr.12.19;OpenAlex
2;hors domaines;3;Transatlantic Ecologies of the African Oil Palm;"Gbenga Adesina; Case Watkins";;Plant Perspectives;2026-09-16;article;https://doi.org/10.3197/whppp.63876246815929;https://www.whp-journals.co.uk/PP/article/download/2377/1131;https://doi.org/10.3197/whppp.63876246815929;OpenAlex
2;hors domaines;3;Rethinking Credit Ratings for Africa: A Context-Integrated Conceptual Model for the Insurance Sector under the African Continental Free Trade Area;Pearson Chaurura;;International Journal of Advanced Business Studies;2026-09-22;article;https://doi.org/10.59857/41sthc36;https://besra-journals.net/index.php/ijabs/article/download/213/200;https://doi.org/10.59857/41sthc36;OpenAlex
2;hors domaines;3;Key Issues in Addressing Cybersecurity Challenges on the African Continent;Károly Kassai;;Journal of Central and Eastern European African Studies;2026-09-22;article;https://doi.org/10.12700/jceeas.2026.6.2.469;https://jceeas.bdi.uni-obuda.hu/index.php/jceeas/article/download/469/557;https://doi.org/10.12700/jceeas.2026.6.2.469;OpenAlex
2;hors domaines;3;Circular Economy in Africa: Organizations’ Growth and Dynamics Based on Web Business Data;"George P. Tsironis; Theodoros Daglis; Konstantinos P. Tsagarakis";;Circular Economy;2026-09-15;article;https://doi.org/10.55845/szv04w98;https://circulareconomyjournal.org/ojs/JoCE/article/download/66/266;https://doi.org/10.55845/szv04w98;OpenAlex
2;hors domaines;3;Southern Africa Region Mentoring Training Model: A Case of The Word for The World Bible Translators;Vincent Nyoni;;Journal of arts, humanities and social science.;2026-09-05;article;https://doi.org/10.69739/jahss.v3i3.2059;https://journals.stecab.com/index.php/jahss/article/download/2059/1049;https://doi.org/10.69739/jahss.v3i3.2059;OpenAlex
2;hors domaines;3;Volume 11 Supplement4th Day of the African Child Conference of Students (DACCS)16 June 2026, Online;;;People Centred – The Journal of Development Administration;2026-09-21;article;https://doi.org/10.13169/jda.11.01.59;;https://doi.org/10.13169/jda.11.01.59;OpenAlex
2;hors domaines;3;Canopy gap monitoring in Central African tropical forests using pocket drones: Reliability depends on scale;"Timothée Besisa Nguba; Arthur Vander Linden; Dieu-Merci Assumani; Jan Bogaert; Jeroen Meersmans; Jean-François Bastin";;GEOMATICA;2026-09-15;article;https://doi.org/10.1016/j.geomat.2026.100133;;https://doi.org/10.1016/j.geomat.2026.100133;OpenAlex
2;hors domaines;3;African Regional Intellectual Property Organization (ARIPO): in search of balance between patent protection and access to medicines;Sergiy Kondratyuk;;Theory and Practice of Intellectual Property;2026-09-10;article;https://doi.org/10.33731/tpip.2026.3.11;;https://doi.org/10.33731/tpip.2026.3.11;OpenAlex
2;hors domaines;3;Extreme heat waves favored haboob-generating conditions during the record-breaking “Godzilla” African dust event;"Ibrahim Adedapo Tella; Bing Pu; Qinjian Jin; Danny M. Leung; Nathaniel A. Brunsell";;npj natural hazards.;2026-09-18;article;https://doi.org/10.1038/s44304-026-00266-9;;https://doi.org/10.1038/s44304-026-00266-9;OpenAlex
2;hors domaines;3;GROWTH, MORPHOMETRIC AND HEMATOBIOCHEMICAL PARAMETERS OF AFRICAN CATFISH (Clarias gariepinus) AT DIFFERENT ARGININE-TO-LYSINE RATIOS IN COMPOUND FEEDS;"M.U. Sychov; Igor ILCHUK; Т. А. Holubieva; Роман Русланович Вознюк; Yu. Osadcha";;The Journal Agriculture and Forestry;2026-09-20;article;https://doi.org/10.17707/agricultforest.72.3.08;https://www.agricultforest.ac.me/data/20260914-08 Sychov et al.pdf;https://doi.org/10.17707/agricultforest.72.3.08;OpenAlex
2;hors domaines;3;Effects of varying fire regimes on the diversity and composition of ground-dwelling insects across African savannas and grasslands: Systematic Literature Review.;"Popo Cassius Mosehle; Thobile Betty Dlamini; David Johannes Kotze; Tshifhiwa Constance Nangammbi";;Open Science Framework;2026-09-22;review;https://doi.org/10.17605/osf.io/vk7pf;;https://doi.org/10.17605/osf.io/vk7pf;OpenAlex
2;hors domaines;3;From Closed Origins to Hybrid Home;Laila Amine;;James Baldwin Review;2026-09-16;article;https://doi.org/10.7227/jbr.12.15;;https://doi.org/10.7227/jbr.12.15;OpenAlex
2;hors domaines;3;Ephemeral and Territorialised Oil Palm Trees;Rosa Maria Vieira;;Plant Perspectives;2026-09-16;article;https://doi.org/10.3197/whppp.63876246815932;https://www.whp-journals.co.uk/PP/article/download/2397/1137;https://doi.org/10.3197/whppp.63876246815932;OpenAlex
2;hors domaines;3;Solar home system payment patterns show intermittent access and late-term defaults in pay-as-you-go contracts;"Vasco Mergulhao; Licia Capra; Priti Parikh";;Communications Sustainability;2026-09-24;article;https://doi.org/10.1038/s44458-026-00121-y;;https://doi.org/10.1038/s44458-026-00121-y;OpenAlex
2;hors domaines;3;T.F. Torrance’s non-dualist theological method and atonement theology;Daniel Webster;;Stellenbosch Theological Journal;2026-09-23;article;https://doi.org/10.17570/stj.2026.v12n1.a14;https://ojs.reformedjournals.co.za/index.php/stj/article/download/2823/3868;https://doi.org/10.17570/stj.2026.v12n1.a14;OpenAlex
2;hors domaines;3;Fewer Epidemics, No Fewer Deaths: Global Trends in Epidemic Frequency and Mortality, 2000–2025—Evidence from the Emergency Events Database (EM-DAT);"İsmail Borazan; Hamdi Haluk Çalı; Burak Katipoğlu";;Emergency Care and Medicine;2026-09-07;article;https://doi.org/10.3390/ecm3030032;;https://doi.org/10.3390/ecm3030032;OpenAlex
2;hors domaines;3;Afro-Pessimism: The Limits of a Concept;İlhan Aras;;Journal of Central and Eastern European African Studies;2026-09-22;article;https://doi.org/10.12700/jceeas.2026.6.2.494;https://jceeas.bdi.uni-obuda.hu/index.php/jceeas/article/download/494/551;https://doi.org/10.12700/jceeas.2026.6.2.494;OpenAlex
2;hors domaines;3;Environmental drivers of body size plasticity and their consequences for reproductive fitness in Anopheles coluzzii;K. G. Senevirathna;;Ceylon Journal of Science;2026-09-17;article;https://doi.org/10.4038/cjs.v55i4.9693;https://cjs.sljol.info/articles/9693/files/6aab84e976e15.pdf;https://doi.org/10.4038/cjs.v55i4.9693;OpenAlex
2;hors domaines;3;Forty and Four Hundred Years Ago;William J. Maxwell;;James Baldwin Review;2026-09-16;article;https://doi.org/10.7227/jbr.12.18;;https://doi.org/10.7227/jbr.12.18;OpenAlex
2;hors domaines;3;Achieving Our Country;Hortense J. Spillers;;James Baldwin Review;2026-09-16;article;https://doi.org/10.7227/jbr.12.2;;https://doi.org/10.7227/jbr.12.2;OpenAlex
2;hors domaines;3;L’essai comme espace de contestation féminine en Afrique : Awa Thiam, Calixthe Beyala et Tanella Boni (1978-2008);Elisabet Sánchez Tocino;;Africanías Revista de literaturas;2026-09-17;article;https://doi.org/10.5209/afri.107360;;https://doi.org/10.5209/afri.107360;OpenAlex
2;hors domaines;3;The Memoria S. Stephani in Hippo Regius. Veneration, Miracles, and Archaeological Evidence;Hubertus R. Drobner;;Vox Patrum;2026-09-15;article;https://doi.org/10.31743/vp.19310;https://czasopisma.kul.pl/index.php/vp/article/download/19310/17642;https://doi.org/10.31743/vp.19310;OpenAlex
2;hors domaines;3;Costumbres, instituciones, creencias de los indígenas de Argelia. Noviciado de Santa María, 1910;Francisco Moscoso García;;Boletín de Literatura Oral;2026-09-15;article;https://doi.org/10.17561/blo.vanejo11;https://revistaselectronicas.ujaen.es/index.php/blo/article/download/10218/11423;https://doi.org/10.17561/blo.vanejo11;OpenAlex
2;hors domaines;3;What’s in the box? The establishment of Cheiracanthium furculatum Karsch, 1879 (Araneae, Cheiracanthiidae) in Europe;"Iván Guibert Cañizares; David Fernández Martín; Lucas Fernández Velasco; Diego Gallego";;Check List;2026-09-17;article;https://doi.org/10.15560/22.5.835;https://checklist.pensoft.net/article/207355/download/pdf/;https://doi.org/10.15560/22.5.835;OpenAlex
2;hors domaines;3;Japan and the New Orleans Cotton Trade in the Early Twentieth Century;Greg Robinson;;Journal of Transnational American Studies;2026-09-05;article;https://doi.org/10.5070/t8.69028;;https://doi.org/10.5070/t8.69028;OpenAlex
2;hors domaines;3;James Baldwinism Now;William J. Maxwell;;James Baldwin Review;2026-09-16;article;https://doi.org/10.7227/jbr.12.20;;https://doi.org/10.7227/jbr.12.20;OpenAlex
2;hors domaines;3;REVIEW OF THE WORK *THE MASTERS AND THE SLAVES* BY GILBERTO FREYRE;"Larínia Carolina Nogueira Martins; Lágila Cristina Nogueira Martins; Roberta Domingues Rosa Silva";;Artefactum;2026-09-21;article;https://doi.org/10.23900/artefactum.v25i7.4281;https://artefactumjournal.com/index.php/artefactum/article/download/4281/2869;https://doi.org/10.23900/artefactum.v25i7.4281;OpenAlex
2;hors domaines;3;Hydroclimatic variability and cereal production in medieval and modern Siŷilmāsa: a textual approach to climatic variability during the Medieval Climate Anomaly and Little Ice Age;Claudia Patarnello;;Anaquel de Estudios Árabes;2026-09-15;article;https://doi.org/10.5209/anqe.109317;https://revistas.ucm.es/index.php/ANQE/article/download/109317/4564456578111;https://doi.org/10.5209/anqe.109317;OpenAlex
2;hors domaines;3;CHANGES IN GREENHOUSE GAS (GHG) EMISSIONS FROM POLISH AGRICULTURE IN THE CONTEXT OF THE COVID-19 PANDEMIC AND THE WAR IN UKRAINE;"Wioletta Bieńkowska-Gołasa; Piotr Gołasa";;Annals of the Polish Association of Agricultural and Agribusiness Economists;2026-09-24;article;https://doi.org/10.5604/01.3001.0055.8878;;https://doi.org/10.5604/01.3001.0055.8878;OpenAlex
2;hors domaines;3;Antineoplastic Effects of Petiveria alliacea: A Systematic Review Protocol;"Ricardo Ballesteros-Ramírez; Nicolás García Martínez; Ginna Fernández-Deaza; Eduardo Alexander Duque Grisales; Claudia Lorena Motta Robayo; Raúl Murillo";;Universitas Scientiarum;2026-09-24;article;https://doi.org/10.11144/javeriana.sc31.aeop;;https://doi.org/10.11144/javeriana.sc31.aeop;OpenAlex
2;hors domaines;3;Current challenges emerging strategies and future directions in vaccine development for haemorrhagic septicemia;"Rajneesh Raj; Ashwani Kumar Sharma";;Discover Animals;2026-09-13;article;https://doi.org/10.1007/s44338-026-00244-5;https://link.springer.com/content/pdf/10.1007/s44338-026-00244-5.pdf;https://doi.org/10.1007/s44338-026-00244-5;OpenAlex
2;hors domaines;3;Rabies: A holistic and updated review;"Shekh Moharab; Ujjwal Chaurasiya; Rakesh Yadav; Shahid Ansari; Mukesh Joshi; Pawan Chalise; Dipesh Kumar Sah; Pradeep Barai; Prakash Adhikari; Lokjan Singh; Narendra Kumar Yadav; Shreejana K.C; Bibek Pun Magar; Nishant Lama";;Journal of Karnali Academy of Health Sciences;2026-09-15;article;https://doi.org/10.61814/jkahs.v9i2.1215;;https://doi.org/10.61814/jkahs.v9i2.1215;OpenAlex
2;hors domaines;3;Role of Chest Wall Perforator Flaps in Breast Surgery: Military Cancer Centre Experience;"Saleh Habahbeh; Muthanna Ababneh; Ahmad Kofahi; Abdullah Bani Fares; Mohannad Khalel Bawaneh; Mothana Alnawaflh; Mohammad Isam Bany Doumi";;European Journal of Breast Health;2026-09-23;article;https://doi.org/10.4274/ejbh.galenos.2026.2026-2-11;https://eurjbreasthealth.com/pdf/66b874bd-7aaa-4f61-9199-52f558d61c0d/articles/ejbh.galenos.2026.2026-2-11/393-406.pdf;https://doi.org/10.4274/ejbh.galenos.2026.2026-2-11;OpenAlex
2;hors domaines;3;Estandarización de la amplificación de una región codificante de APOL1 mediante RT-PCR en líneas celulares humanas.;"Susana A. Rodríguez Jiménez; Gerardo Santos López; Oscar Castañeda Sánchez; Amado Israel Grandes Blanco; Lilia Sánchez Minutti; Noé Velázquez Márquez; Dalia Molina Romero; Lorena. Milflores Flores; Daniela Rodríguez Flores; Tania Estrada Jiménez; Ericka V. Limón Moreno; Luis Márquez Domínguez";;Revista Mexicana de Investigación Médica;2026-09-07;article;https://doi.org/10.62954/zm7bdn22;;https://doi.org/10.62954/zm7bdn22;OpenAlex
2;hors domaines;3;Evaluation of Glycated Hemoglobin and Lipid Profile in Type 2 Diabetes Mellitus: A Systematic Review;"Bhavsar Sarthaki Vasant; Syeda Afshan Meraj; Monika Singh";;International Journal of Medical and Biomedical Studies;2026-09-15;review;https://doi.org/10.32553/ijmbs.v10i9.3390;https://ijmbs.info/index.php/ijmbs/article/download/3390/2753;https://doi.org/10.32553/ijmbs.v10i9.3390;OpenAlex
2;hors domaines;3;Urban Green Infrastructure, Travel Choices, and Sustainable Mobility: A Systematic Review;"Suranto Suranto; Rahmawaty Rahmawaty; Debby ENDRIANI; Sheila Hani; Adhita Nugraha Mestika; Mehmet Cetin";;JURNAL GEOGRAFI;2026-09-14;review;https://doi.org/10.24114/jg.v18i2.73831;https://jurnal.unimed.ac.id/2012/index.php/geo/article/download/73831/30725;https://doi.org/10.24114/jg.v18i2.73831;OpenAlex
2;hors domaines;3;From Persistent Otorrhea to Hearing Loss: Clinical Predictors of Hearing Impairment in Chronic Suppurative Otitis Media : A Systematic Review of Randomized Controlled Trials and Primary Studies;"Alsa Fara Dhiba; Ridwan";;The International Journal of Medical Science and Health Research;2026-09-15;review;https://doi.org/10.70070/n12zrd30;https://internationalmedicaljournal.org/index.php/ijmhsr/article/download/707/739;https://doi.org/10.70070/n12zrd30;OpenAlex
2;hors domaines;3;Molecular Epidemiology, Antimicrobial Resistance Mechanisms, and Virulence Profiling of Acinetobacter Species in Tertiary Care Hospitals: A Systematic Review;"Zohlimpuii; Riju Deka; Mohali Majumder; Hmangte Wendy Kom; Esther Lalrindiki; Rebecca Vlt Muanpuii; T. Vanlallawmi; Gunlu Gangmei Gunlu Gangmei; Samir Moirangthem";;Adolescencia e Saude;2026-09-07;review;https://doi.org/10.67440/ahj.vi.2021;https://adolescenciaesaude.com/index.php/aes/article/download/2021/1541;https://doi.org/10.67440/ahj.vi.2021;OpenAlex
2;hors domaines;3;SUBJETIVIDADE, AFETOS E PROTAGONISMO DE MULHERES NEGRAS AMAZÔNIDAS NO TRABALHO, A PARTIR DA PESQUISA-DOCUMENTÁRIO;"Ronaldo Gomes-Souza; Ruth Almeida Correia; Valexa Moraes de Barros; Mariana Rosa Rocha da Silva";;Revista Gênero;2026-09-18;article;https://doi.org/10.22409/vrhyt180;https://periodicos.uff.br/revistagenero/article/download/69116/41935;https://doi.org/10.22409/vrhyt180;OpenAlex
2;hors domaines;3;SOBRECARGA SILENCIOSA: GÊNERO, REPRODUÇÃO SOCIAL E ESTRATÉGIAS EDUCATIVAS PARA A RESOLUÇÃO DE CONFLITOS NO PÓS-DIVÓRCIO;"Kátia Roberta Portes Silva Raposo; Maria das Dores Saraiva de Loreto; Rita de Cássia Pereira Farias";;Revista Gênero;2026-09-18;article;https://doi.org/10.22409/4eqt2j49;https://periodicos.uff.br/revistagenero/article/download/68629/41938;https://doi.org/10.22409/4eqt2j49;OpenAlex
2;hors domaines;3;The Tar Babies of Tar Baby by Toni Morrison;Weronika Dziurleja;;Literatura Ludowa;2026-09-24;article;https://doi.org/10.12775/ll.1.2.2026.008;;https://doi.org/10.12775/ll.1.2.2026.008;OpenAlex
2;hors domaines;3;Claiming space in a colonial society : Spanish press in Algeria during the 1880s;Alejandro Salamanca Rodríguez;;Rubrica Contemporanea;2026-09-23;article;https://doi.org/10.5565/rev/rubrica.547;;https://doi.org/10.5565/rev/rubrica.547;OpenAlex
2;hors domaines;3;Exploring herbal alternatives for the management of gastro-duodenal ulcer in the central Algerian steppe;"Yazid Khaled Khodja; Mohamed Khiar; Mohamed Salah Eddine Bakria; Mostapha BACHIR-BEY";;Boletín de la Sociedad Argentina de Botánica;2026-09-17;article;https://doi.org/10.31055/1851.2372.v61.n3.51517;;https://doi.org/10.31055/1851.2372.v61.n3.51517;OpenAlex
2;hors domaines;3;Floristic diversity and NDVI-based assessment of vegetation condition in the central Aures Mountains, Algeria;"Imane Benbia; Hassen Benmessaoud; Fahima Neffar";;Acta Biologica Slovenica;2026-09-23;article;https://doi.org/10.14720/abs.69.4.27272;;https://doi.org/10.14720/abs.69.4.27272;OpenAlex
2;hors domaines;3;Transição digital na apicultura angolana: roadmap do Bhive-AO;"Julieta Francisca Miguel Eugênio; Hélder João Chissingui; Henriques Fernando";;Revista Angolana de Ciencias;2026-09-21;article;https://doi.org/10.54580/r0802.06;https://publicacoes.scientia.co.ao/ojs/index.php/rac/article/download/523/238;https://doi.org/10.54580/r0802.06;OpenAlex
2;hors domaines;3;Significant records of plants, algae, fungi, and animals in SE Europe and adjacent regions, 5;"Slimani Rachid; Metna Fatiha; Aljaž Jakob; Gabrijel Seljak; Snežana Dragićević; Tanja Sunčič; Maša Andlovic; Simona Strgulc Krajšek";;Acta Biologica Slovenica;2026-09-23;article;https://doi.org/10.14720/abs.69.4.30383;;https://doi.org/10.14720/abs.69.4.30383;OpenAlex
2;hors domaines;3;Orientalismo católico en Argelia: El pequeño camello, cuatro librillos en árabe argelino del Sáhara para la educación moral escritos por el P. Yves Alliaume;Francisco Moscoso García;;Anaquel de Estudios Árabes;2026-09-15;article;https://doi.org/10.5209/anqe.105816;https://revistas.ucm.es/index.php/ANQE/article/download/105816/4564456578110;https://doi.org/10.5209/anqe.105816;OpenAlex
2;hors domaines;3;THE 3rd INTERNATIONAL CONFERENCE: GEOGRAPHICAL SCIENCE AND FUTURE OF EARTH;Constantin-Răzvan Oprea;;Analele Universitatii Bucuresti Geografie/Annals of the University of Bucharest – Geography Series;2026-09-10;article;https://doi.org/10.5719/aub-g/75.1/17;https://journals.unibuc.ro/index.php/aub-geography/article/download/4510/4646;https://doi.org/10.5719/aub-g/75.1/17;OpenAlex
2;hors domaines;3;Translating legal texts: A four-criteria evaluation of ChatGPT, DeepL, and Google Translate;"Mohamed Hamza Merabet; Nicolás Roser Nebot";;Comparative Legilinguistics;2026-09-21;article;https://doi.org/10.14746/cl.2026.67.5;https://pressto.amu.edu.pl/index.php/cl/article/download/50047/45019;https://doi.org/10.14746/cl.2026.67.5;OpenAlex
2;hors domaines;3;Engenhos e escravidão em Mato Grosso: uma arqueologia das identidades;"Marianne Sallum; Rosinalda Côrrea da Silva Simoni";;Revista de Arqueologia;2026-09-15;article;https://doi.org/10.24885/sab.v39i3.1425;https://www.revista.sabnet.org/ojs/index.php/sab/article/download/1425/1065;https://doi.org/10.24885/sab.v39i3.1425;OpenAlex
2;hors domaines;3;Perceção de moradores do Bairro Taka no Município de Benguela sobre a tuberculose pulmonar;"Armando Eurico; Bernadete Eurico";;RevSALUS - Revista Científica da Rede Académica das Ciências da Saúde da Lusofonia;2026-09-17;article;https://doi.org/10.51126/revsalus.v8isupiii.47622;;https://doi.org/10.51126/revsalus.v8isupiii.47622;OpenAlex
2;hors domaines;3;Perfil epidemiológico da tuberculose em pacientes no DAT de Benguela de Janeiro de 2022 a Março de 2023;"Armando Eurico; Bernadete Eurico";;RevSALUS - Revista Científica da Rede Académica das Ciências da Saúde da Lusofonia;2026-09-17;article;https://doi.org/10.51126/revsalus.v8isupiii.47624;;https://doi.org/10.51126/revsalus.v8isupiii.47624;OpenAlex
2;hors domaines;3;Ações de extensão sobre pessoas com deficiência em uma universidade da lusofonia afro-brasileira: relato de experiência;"Francisca Luana Costa Rodrigues; Neucilia Oliveira Silva; Adozinda Lopes Batista de Pina; Camila Aparecida Pinheiro Landim Almeida; Cristina Maria Correia Barroso Pinto; Paula Marciana Pinheiro de Oliveira";;RevSALUS - Revista Científica da Rede Académica das Ciências da Saúde da Lusofonia;2026-09-17;article;https://doi.org/10.51126/revsalus.v8isupiii.47912;;https://doi.org/10.51126/revsalus.v8isupiii.47912;OpenAlex
2;hors domaines;3;Brucellosis Mimicking Crimean-Congo Hemorrhagic Fever in a Child: A Case Report;"Elif Kıymet; Mustafa Bılıcı";;Journal of Dr Behcet Uz Children s Hospital;2026-09-23;article;https://doi.org/10.4274/jbuch.galenos.2026.37630;https://behcetuzdergisi.com/pdf/e6921826-40a4-4ec2-8c4c-3b8dc63111d7/articles/jbuch.galenos.2026.37630/3-2026.37630.pdf;https://doi.org/10.4274/jbuch.galenos.2026.37630;OpenAlex
2;hors domaines;3;The Use of Schanginia Arbuscula Seeds as an Adsorbent for the Removal of Congo Red and Eosin-Y Dyes;Ali K. Al-Muttairi;;Baghdad Science Journal;2026-09-18;article;https://doi.org/10.21123/2411-7986.5402;;https://doi.org/10.21123/2411-7986.5402;OpenAlex
2;hors domaines;3;Valorization of Spent Tea Waste into Hydrochar and Alkali-Modified Biosorbents for Congo Red Removal;"Sevda Esma DARAMA; Semra Çoruh";;Karadeniz Fen Bilimleri Dergisi;2026-09-08;article;https://doi.org/10.31466/kfbd.1886593;;https://doi.org/10.31466/kfbd.1886593;OpenAlex
2;hors domaines;3;Photocatalytic Decolorization of Congo Red and Rhodamine B Using ZnO Under UV LED Irradiation;"Joti Souripet; Hellna Tehubijuluw; Catherina Manukpadang Bijang; Riki Subagyo; Dewi Sri; Didik Prasetyoko; Yuly Kusumawati";;Indonesian Journal of Chemistry;2026-09-23;article;https://doi.org/10.22146/ijc.113039;;https://doi.org/10.22146/ijc.113039;OpenAlex
2;hors domaines;3;Enhanced adsorptive removal of methylene blue and Congo red from aqueous solution using zinc oxide-graphene nanocomposite;"Jyoti Kadian; Sashi Yadav; Monika Dhawan; Anil Kumar; Monika Chahar";;Discover Chemistry.;2026-09-21;article;https://doi.org/10.1007/s44371-026-00984-z;;https://doi.org/10.1007/s44371-026-00984-z;OpenAlex
2;hors domaines;3;La protection pénale des consommateurs contre la contrefaçon des produits pharmaceutiques en république démocratique du Congo : analyse critique du cadre juridique et des défis de répression;Chadrack KASWA KOKO;;Akofena revue scientifique des Sciences du Langage Lettres Langues & de la Communication;2026-09-17;article;https://doi.org/10.48734/akofena.n021.vol.5.26.2026;https://www.revueakofena.com/wp-content/uploads/2026/09/26-S21v06-29-Chadrack-KASWA-KOKO_309-320.pdf;https://doi.org/10.48734/akofena.n021.vol.5.26.2026;OpenAlex
2;hors domaines;3;De la responsabilité pénale des personnes morales de droit prive en rdc : analyse sur l’évolution législative;Gédéon MASSAMBA KILUNGILA;;Akofena revue scientifique des Sciences du Langage Lettres Langues & de la Communication;2026-09-17;article;https://doi.org/10.48734/akofena.n021.vol.5.27.2026;https://www.revueakofena.com/wp-content/uploads/2026/09/27-S21v07-07-Gedeon-MASSAMBA-KILUNGILA_321-332.pdf;https://doi.org/10.48734/akofena.n021.vol.5.27.2026;OpenAlex
2;hors domaines;3;Analyse de l’efficacité des stratégies communautaires de lutte contre le paludisme comme levier de performance des services de santé : cas de la zone de santé rurale de Kongolo, RDC (2021-2025);"Boniface NTAMBUE MBELE; Bonne-Année AMURI ARUNA";;Akofena revue scientifique des Sciences du Langage Lettres Langues & de la Communication;2026-09-11;article;https://doi.org/10.48734/akofena.n021.vol.4.29.2026;https://www.revueakofena.com/wp-content/uploads/2026/09/29-S21v6-23-Boniface-NTAMBUE-MBELE-ONA-Bonne-Annee-AMURI-ARUNA_351-360.pdf;https://doi.org/10.48734/akofena.n021.vol.4.29.2026;OpenAlex
2;hors domaines;3;Operational protocol and search materials for a systematic literature review on agricultural trade and water resources in Morocco;"Fatima Tasra; Driss Mafamane";;Open Science Framework;2026-09-24;review;https://doi.org/10.17605/osf.io/ektwn;;https://doi.org/10.17605/osf.io/ektwn;OpenAlex
2;hors domaines;2;Impact of the African Growth and Opportunity Act (AGOA) on Sub-Saharan African Economies;Binh Minh Tran;;;2026-09-20;preprint;https://doi.org/10.58445/rars.4169;https://research-archive.org/index.php/rars/preprint/download/4169/5718/5291;https://doi.org/10.58445/rars.4169;OpenAlex
2;hors domaines;2;Artificial Intelligence in Dermatology in Sub-Saharan Africa: A Scoping Review Protocol;"Yapi Atse Eric Orly; Kouassi Yao Isidore; Mandeng Ma Linwa Edgar";;OSF Preprints (OSF Preprints);2026-09-13;preprint;;;https://osf.io/mdq6k;OpenAlex
2;hors domaines;2;Spirituality Moderates The Relationship of Stress-Linked Psychosocial Factors To Cortisol Homeostasis and Allostatic Load Among Afro-Caribbean Women;"Eugene S. Tull; HOSSEIN N. YARANDI; Malcolm A. Cort";;PubMed;2026-09-24;article;https://doi.org/10.5281/zenodo.22943496;;https://pubmed.ncbi.nlm.nih.gov/15712783;OpenAlex
2;hors domaines;2;Digital health and inequities in healthcare access in Sub-Saharan Africa: A Scoping Review;"Madalo Gloria Kalero Kuchawo; Lucia Yvone Collen; Jim Mtambo";;OSF Preprints (OSF Preprints);2026-09-05;preprint;;;https://osf.io/djmun;OpenAlex
2;hors domaines;2;EDUCATION AND ENVIRONMENTAL EMISSIONS-INNOVATION NEXUS: EVIDENCE FROM SUB-SAHARAN AFRICA;"Yogeeswari Subramaniam; Hanini Ilyana Binti Che Hashim; Vikniswari Vija Kumaran";;International Journal of Business and Society;2026-09-21;article;https://doi.org/10.33736/ijbs.14438.2026;https://publisher.unimas.my/ojs/index.php/IJBS/article/view/14438/2851;https://doi.org/10.33736/ijbs.14438.2026;OpenAlex
2;hors domaines;2;The Effects of COVID‑19 on Agricultural Financing in Sub‑Saharan Africa: A Cross‑Country Analysis;"Y.H Saif-Alyousfi Abdulazeez; Rashed Alshammari Turki";;AgEcon Search (University of Minnesota, USA);2026-09-15;article;https://doi.org/10.22004/ag.econ.410336;;https://doi.org/10.22004/ag.econ.410336;OpenAlex
2;hors domaines;2;Foreign Capital Flows and Economic Growth in Sub-Saharan Africa: The Moderating Role of Government Effectiveness;"Obed Ong'au Kerimu; Issacs Kipruto Kemboi; Yabesh Kongo";;The International Journal of Humanities & Social Studies;2026-09-12;article;https://doi.org/10.24940/theijhss/2026/v14/i6/hs2606-018;;https://doi.org/10.24940/theijhss/2026/v14/i6/hs2606-018;OpenAlex
2;hors domaines;2;Interpretable AI plus Handheld, Portable Retinal Photographs: A Low-Cost Glaucoma Screening Solution for West Africa;"Charis Y. N. Chiang; Tarela Sarimiye; Adeyinka Ashaye; Martin L. Buist; Michael A. Hauser; Olusola Olawoye; Michaël J. A. Girard";;arXiv (Cornell University);2026-09-22;preprint;https://doi.org/10.48550/arxiv.2609.25697;https://arxiv.org/pdf/2609.25697;https://arxiv.org/abs/2609.25697;OpenAlex
2;hors domaines;2;Mixture-based Nonparametric Estimation of Spatial Covariance Functions with Applications to HIV Key Population Size Estimation across Sub-Saharan Africa;"Manushi Siriwardana; Hyebin Song; Le Bao; Stephen Berg";;arXiv (Cornell University);2026-09-09;preprint;https://doi.org/10.48550/arxiv.2609.10646;https://arxiv.org/pdf/2609.10646;https://arxiv.org/abs/2609.10646;OpenAlex
2;hors domaines;2;Women’s Empowerment and Other Maternal, Child, and Household Determinants of Vitamin A Supplementation Coverage Among Children in 28 Sub-Saharan African Countries;Kaung Suu Lwin;;OSF Preprints (OSF Preprints);2026-09-22;preprint;https://doi.org/10.17605/osf.io/5rzx2;;https://osf.io/5rzx2;OpenAlex
2;hors domaines;2;RELIABILITY ASSESSMENT AND CRITICALITY ANALYSIS OF MT/LV DISTRIBUTION NETWORKS IN SECONDARY CITIES OF SUB-SAHARAN AFRICA: A CASE STUDY OF MBANZA-NGUNGU, DEMOCRATIC REPUBLIC OF THE CONGO;"BASIEMI NGITUKULU Winnie; MALUNGILA Hardy; IYOLO PONGO Rodolphe";;World Journal of Advanced Research and Reviews;2026-09-18;article;https://doi.org/10.30574/wjarr.2026.31.3.2395;https://wjarr.com/sites/default/files/fulltext_pdf/WJARR-2026-2395.pdf;https://doi.org/10.30574/wjarr.2026.31.3.2395;OpenAlex
2;hors domaines;2;Soy in Africa;Matilda Baraibar Norberg;;University of Vienna;2026-09-22;article;https://doi.org/10.25365/rhy-2025-6;;https://doi.org/10.25365/rhy-2025-6;OpenAlex
2;hors domaines;2;Meningioma in Africa;Ulrick Sidney Kanmounye;;OSF Preprints (OSF Preprints);2026-09-20;preprint;https://doi.org/10.17605/osf.io/dmvp3;;https://osf.io/dmvp3;OpenAlex
2;hors domaines;2;Economics in Africa: Beyond the Headlines;Alexis Petri Magalhães Costa;;LA Referencia (Red Federada de Repositorios Institucionales de Publicaciones Científicas);2026-09-22;article;https://doi.org/10.5281/zenodo.22897481;;https://hdl.handle.net/10438/34854;OpenAlex
2;hors domaines;2;Switch to injectable cabotegravir–rilpivirine given every 8 weeks in adolescents living with HIV with virological suppression in sub-Saharan Africa (LATA): a randomised, open-label, multicentre, 96-week non-inferiority trial;;;White Rose Research Online (University of Leeds, The University of Sheffield, University of York);2026-09-17;article;;https://eprints.whiterose.ac.uk/id/eprint/245711/1/1-s2.0-S0140673626015370-main.pdf;https://eprints.whiterose.ac.uk/id/eprint/245711/1/1-s2.0-S0140673626015370-main.pdf;OpenAlex
2;hors domaines;2;AI, Democracy and Environmental Justice in Africa;Oluwakorede Ajibona;;The Paris Journal on AI & Digital Ethics;2026-09-14;article;https://doi.org/10.65701/zasvrto7he;https://paris-conference.com/wp-content/uploads/2026/09/ajibona-justice-africa.pdf;https://doi.org/10.65701/zasvrto7he;OpenAlex
2;hors domaines;2;Optimal Design and Techno-Economic Analysis of Biogas-Based Hybrid Renewable Energy System for Rural Electrification in Sub-Saharan Africa: Case Study of Photovoltaic/Wind/Biogas/Battery System in Dala Zoulgo, Far North Cameroon;"Martial Olinga; Nasser Yimen";;Preprints.org;2026-09-21;preprint;https://doi.org/10.20944/preprints202609.1741.v1;;https://doi.org/10.20944/preprints202609.1741.v1;OpenAlex
2;hors domaines;2;African Westernized universities: Hosts of epistemological exploitation and colonization;"Nathalis Wamba; Rajendra Chetty";;;2026-09-08;article;https://doi.org/10.68181/b7yy7s28;https://revue-resume.ca/index.php/resume/article/download/32/9;https://doi.org/10.68181/b7yy7s28;OpenAlex
2;hors domaines;2;The Risen Christ is the Resisting Christ: Christology in Postcolonial Africa;William I. Orbih;;Modern Theology;2026-09-04;article;https://doi.org/10.1111/moth.70145;https://onlinelibrary.wiley.com/doi/pdfdirect/10.1111/moth.70145;https://doi.org/10.1111/moth.70145;OpenAlex
2;hors domaines;2;Decolonizing African Citizenship Education: Islamic Epistemology and the Quest for Religious Moderation;"Agus Fausi; Asmuki Asmuki; Ilatun Aniyah";;Al-Insyiroh Jurnal Studi Keislaman;2026-09-24;article;https://doi.org/10.35309/b5sfdp08;;https://doi.org/10.35309/b5sfdp08;OpenAlex
2;hors domaines;2;Predicting Epidemiological and Sociopolitical Agrifood Shocks: An Early Warning Index for Africa;"Yousef Malik; Adam Malik; Avinash Kunala; Olga Gkountouna; Maction Komwa; Ron Mahabir";;George Mason University;2026-09-21;article;https://doi.org/10.13021/jssr2026.5679;;https://doi.org/10.13021/jssr2026.5679;OpenAlex
2;hors domaines;2;The Irish Republican Association of South Africa, 1920–2: a reappraisal;Tom McGrath;;Irish Historical Studies;2026-09-24;article;https://doi.org/10.1017/ihs.2026.10149;;https://doi.org/10.1017/ihs.2026.10149;OpenAlex
2;hors domaines;2;“I AM HOME”: African-American Writers and Artists in Paris;"Jake Lamar; Monique Y. Wells";;New American Studies Journal;2026-09-24;article;https://doi.org/10.18422/79-2799;;https://doi.org/10.18422/79-2799;OpenAlex
2;hors domaines;2;Study of the Microbiological Quality of African Mustard (Soumbara) in Ferké, Côte d’Ivoire;;;Journal of Chemical Biological and Physical Sciences;2026-09-24;article;https://doi.org/10.24214/jcbps.b.16.4.82740;https://doi.org/10.24214/jcbps.b.16.4.82740;https://doi.org/10.24214/jcbps.b.16.4.82740;OpenAlex
2;hors domaines;2;Incipient speciation, rapid expansion and repeated introgressive hybridization in an African Giant Shrew ( Crocidura olivieri );"Malahat Dianat; Violaine Nicolas; Inessa Voet; Josef Bryja; Terrence C. Demos; Christiane Denys; David Ortíz; Julian C. Kerbis Peterhans; Gregory Thom; Adam Konečný; Ondřej Mikula";;bioRxiv (Cold Spring Harbor Laboratory);2026-09-04;preprint;https://doi.org/10.64898/2026.09.02.748917;https://www.biorxiv.org/content/biorxiv/early/2026/09/04/2026.09.02.748917.full.pdf;https://doi.org/10.64898/2026.09.02.748917;OpenAlex
2;hors domaines;2;African Conventions of Witchcraft and Divination: Justified Claims or Mere Chance and Manoeuvres;Remi Prospero Fonka;;International Journal of Science and Research (IJSR);2026-09-23;article;https://doi.org/10.21275/sr26920031510;https://www.ijsr.net/archive/v15i9/SR26920031510.pdf;https://doi.org/10.21275/sr26920031510;OpenAlex
2;hors domaines;2;Civil-military Cooperation as a Strategic Architecture for Counterterrorism and Social Cohesion in Africa;Adams Adah Otakwu;;Annals of Justice and Humanity;2026-09-15;article;https://doi.org/10.35912/ajh.v6.n1.p1-14.2026;https://goodwoodpub.com/index.php/ajh/article/download/4539/1998;https://doi.org/10.35912/ajh.v6.n1.p1-14.2026;OpenAlex
2;hors domaines;2;Nursing Students' Readiness for Entrepreneurship in Africa: A Scoping Review of the available evidence;"Nomusa A Masubelele; Siyabonga Buthelezi; Siyanda";;OSF Preprints (OSF Preprints);2026-09-19;preprint;;;https://osf.io/nyv8m;OpenAlex
2;hors domaines;2;A Network Analysis of Development Finance Institutions and Private Co-Investment in African Agrifood Systems;"Alexander Poon; Kunal Chevuri; Aaron D'Souza; Vrinda Shah; Avinash Kunala; Elaina Wi; Linh Dieu Quach; Yousef Malik; Adam Malik; Ron Mahabir; Maction Komwa; Olga Gkountouna";;George Mason University;2026-09-21;article;https://doi.org/10.13021/jssr2026.5678;;https://doi.org/10.13021/jssr2026.5678;OpenAlex
2;hors domaines;2;GENETIC VARIABILITY OF AFRICAN SWINE FEVER VIRUS AND ITS IMPACT ON MOLECULAR DIAGNOSTICS;"R.K. NISSANOVA; E.E. BASHENOVA; В. Строчков; S.E. KAYMOLDINA; A.S. KARABASSOVA; S.B. MAMANOVA; Y.А. CHVALA; Zh. Zh. Tlegenova; A.S. Nurpeisova; M.M. KASSENOV";;МИКРОБИОЛОГИЯ ЖӘНЕ ВИРУСОЛОГИЯ;2026-09-15;article;https://doi.org/10.53729/mv-as.2026.03.02;https://imv-journal.kz/index.php/mav/article/download/682/533/3775;https://doi.org/10.53729/mv-as.2026.03.02;OpenAlex
2;hors domaines;2;Financing Transportation Infrastructure for Sustainable Development: Evidence from Emerging Economies in Africa;"Zubaida Abubakar; Mohammed Rabiu Musa; Khalil Nasiru Wada; Yusuf Abubakar; Abdullahi Zakari Abdulhamid; Abdullahi Zakari Aliyu";;Saudi Journal of Economics and Finance;2026-09-16;article;https://doi.org/10.36348/sjef.2026.v10i09.002;https://saudijournals.com/media/articles/SJEF_109_281-293.pdf;https://doi.org/10.36348/sjef.2026.v10i09.002;OpenAlex
2;hors domaines;2;Between Print and Public in Indian Ocean Africa: The Diasporic Publics of the Zanzibar Protectorate;Nile Green;;History in Africa;2026-09-10;article;https://doi.org/10.1017/hia.2026.10022;https://www.cambridge.org/core/services/aop-cambridge-core/content/view/84C685317AB205D887BFD3E053C73D7A/S0361541326100229a.pdf/div-class-title-between-print-and-public-in-indian-ocean-africa-the-diasporic-publics-of-the-zanzibar-protectorate-div.pdf;https://doi.org/10.1017/hia.2026.10022;OpenAlex
2;hors domaines;2;Mapping the Pan-African inventory of Critical Raw Material deposits and processing capacities;"Carla Fortes; Daniel P. S. de Oliveira; J.-C. Guillaneau; Cátia Prazeres";;Repositório Científico Lusófona (Grupo Lusófona);2026-09-08;article;https://doi.org/10.34637/2xb7-qh87;;https://doi.org/10.34637/2xb7-qh87;OpenAlex
2;hors domaines;2;For Whom and For What Purpose? A Position Paper on Digital Humanities and AI in African Studies;"Frédérick Madore; Vincent Hiribarren; Agata Błoch; Albrecht Hofheinz; Ashleigh Harris; Augustin Ndione; Britta Frede; Cassandra Mark-Thiesen; Duncan Money; Emmanuel Ngué Um; Érika Melek Delgado; Fallou Ngom; Fu’ad Lawal; Irene Mwendwa; James Yeku; Janeth David Nzenga; Johannes Sibeko; Karen Byera Ijumba; Kọ́lá Túbọ̀sún; Leah Junck; Menno M. van Zaanen; Nuraddin Aman; Oumou Sidibé; Susan Elizabeth Gagliardi; Thompson Gyedu Kwarkye";;Research Portal (King's College London);2026-09-09;article;https://doi.org/10.58144/20260827-000;;https://kclpure.kcl.ac.uk/portal/en/publications/296f3ca3-23eb-4b9b-8ccc-4b0b004b4387;OpenAlex
2;hors domaines;2;Modeling Agricultural Employment Across Africa: Panel Fixed-Effects and Robustness Analysis;"Aaron D’Souza; Elaina Wi; Alexander Poon; Linh Dieu Quach; Adam Malik; Yousef Malik; Avinash Kunala; Vrinda Shah; Kunal Chevur; Maction Komwa; Olga Gkountouna; Ron Mahabir";;George Mason University;2026-09-21;article;https://doi.org/10.13021/jssr2026.5677;;https://doi.org/10.13021/jssr2026.5677;OpenAlex
2;hors domaines;2;A prevalent POLG CAG microsatellite length allele in humans and African great apes;"SDZWA Admin; Anja T. Rovio; Josef Abel; Arja L. Ahola; Aida M. Andrés; Jaume Bertranpetit; Antoine Blancher; Ronald E. Bontrop; Leona G. Chemnick; Howard J. Cooke; James M. Cummins; Heidi Davis; David J. Elliott; Ellen Fritsche; Timothy B. Hargreave; Susan M.G. Hoffman; Anne M. Jequier; Shu‐Huei Kao; Heui-Soo Kim; David R. Marchington; Denise Mehmet; Ńel Otting; Joanna Poulton; Oliver A. Ryder; Hans-Christian Schuppe; Osamu Takenaka; Yau-Huei Wei; Lars Wichmann; Howard T. Jacobs";;San Diego Zoo Wildlife Alliance;2026-09-07;article;https://doi.org/10.82125/9xpj7aps0.33300006;;https://doi.org/10.82125/9xpj7aps0.33300006;OpenAlex
2;hors domaines;2;AI-Driven Feedback Systems, Digital Labour, and Silent Quitting: Transforming African Workplaces;"Abayomi O. Agbeyangi; Jose M. Lukose";;arXiv (Cornell University);2026-09-14;preprint;https://doi.org/10.48550/arxiv.2609.16192;https://arxiv.org/pdf/2609.16192;https://arxiv.org/abs/2609.16192;OpenAlex
2;hors domaines;2;Law, Religion and Social Transformation in Africa: Lessons from South Africa's Constitutional Experience;;;Islamic history and literature.;2026-09-18;article;https://doi.org/10.62476/ihl43189;https://api.jomardpublishing.com/api/main/articles/download?source=storage/journals/islamic-history-and-literature/issues/pdf/2026/law-religion-and-social-transformation-in-africa-lessons-from-south-africas-constitutional-experience.pdf;https://doi.org/10.62476/ihl43189;OpenAlex
2;hors domaines;2;The Societal Determinants of Climate Risk for Refugees: Evidence From Global and African Refugee Corridors;"Kerilyn Schewel; Sonja Fransen";;UNC Libraries;2026-09-17;article;https://doi.org/10.17615/bshc-5v67;;https://doi.org/10.17615/bshc-5v67;OpenAlex
2;hors domaines;2;Poaching of African elephants indirectly decreases population growth through lowered orphan survival;"SDZWA Admin; Jenna M. Parker; Colleen T. Webb; David Daballen; Shifra Z. Goldenberg; Jerenimo Lepirei; David Letitiya; David S. Lolchuragi; Chris Leadismo; Iain Douglas-Hamilton; George Wittemyer; Shifra Goldenberg";;San Diego Zoo Wildlife Alliance;2026-09-07;article;https://doi.org/10.82125/9xpj7aps0.33315282;;https://doi.org/10.82125/9xpj7aps0.33315282;OpenAlex
2;hors domaines;2;Braiding African Indigenous Education and Western Knowledge: A Case Study In Strengthening Cultural Identity;Alyna Johnson;;Scholarly review .;2026-09-04;article;https://doi.org/10.70121/001c.169583;https://www.scholarlyreview.org/article/169583.pdf;https://doi.org/10.70121/001c.169583;OpenAlex
2;hors domaines;2;AfriSyCo: Measuring Assertive Framing, Verification, and Wording Sensitivity Around African-Language Content;"David Ababio Awuni; Rose-Mary Owusuaa Mensah Gyening; Elvis Gyasi Owusu";;arXiv (Cornell University);2026-09-15;preprint;https://doi.org/10.48550/arxiv.2609.17853;https://arxiv.org/pdf/2609.17853;https://arxiv.org/abs/2609.17853;OpenAlex
2;hors domaines;2;EVALUATING FINE-TUNED AND BASE LANGUAGE MODELS IN MATERNAL AND VACCINATION HEALTHCARE FOR AFRICAN SETTINGS;"Abdulquddus Ajibade; Odunsi Oluwaseun; Animasaun Iyinoluwa; NWAKANMA-AKANNO CHIOMA; OGUNTUASE OLUWASEGUN; Adereni Abiodun";;arXiv (Cornell University);2026-09-17;preprint;https://doi.org/10.13140/rg.2.2.25095.76967;https://arxiv.org/pdf/2609.22110;https://arxiv.org/abs/2609.22110;OpenAlex
2;hors domaines;2;Socio-Demographic Stratification of Climate-Change Awareness and Conditional Policy Support Across Africa;"Hamidullah Nikzad; Marianne Krasny; Kade Keranen";;Preprints.org;2026-09-21;preprint;https://doi.org/10.20944/preprints202609.1839.v1;;https://doi.org/10.20944/preprints202609.1839.v1;OpenAlex
2;hors domaines;2;Artificial Intelligence, the Internet of Things, and Cloud Computing as Catalysts for Sustainable Language Education Transformation in Africa;Andrews Edeki Aghahowa;;Journal of African Innovation and Advanced Studies;2026-09-04;article;https://doi.org/10.70382/ajaias.v13i2.0109;https://africanscholarpub.com/ajaias/article/download/1535/1367;https://doi.org/10.70382/ajaias.v13i2.0109;OpenAlex
2;hors domaines;2;Peran Platform TikTok untuk Meningkatkan Popularitas Destinasi Wisata The Great Asia Africa Bandung;"Younisa Iqlima Zulfahda; ⁠Irena Novarlia; Gilang Pratama Putra";;Ranah Research Journal of Multidisciplinary Research and Development;2026-09-19;article;https://doi.org/10.38035/rrj.v8i6.2292;https://www.jurnal.ranahresearch.com/index.php/R2J/article/download/2292/1854;https://doi.org/10.38035/rrj.v8i6.2292;OpenAlex
2;hors domaines;2;Partners in Influence: The Synergic Role of Civil Society Organizations in Shaping Turkish Foreign Policy in Africa;"Yusuf Abubakar Wara; Serdar Kenan Gül";;Ege Akademik Bakis (Ege Academic Review);2026-09-23;article;https://doi.org/10.21121/eab.202600236;https://dergipark.org.tr/en/download/article-file/5326874;https://doi.org/10.21121/eab.202600236;OpenAlex
2;hors domaines;2;Large Language Models for African Languages: Systematic Review of Adaptation Strategies, Evaluation Challenges, and Future Directions;"Sintayehu Hirpassa; Girma Debele; Kassiye Gutema; Melakemu Abetu; Alemayehu Megersa";;Preprints.org;2026-09-21;preprint;https://doi.org/10.20944/preprints202609.1768.v1;;https://doi.org/10.20944/preprints202609.1768.v1;OpenAlex
2;hors domaines;2;From Adoption to Assurance: Governing Generative AI for Quality, Equity, and Institutional Readiness in African Higher Education;Sixbert Sangwa;;Open Science Framework;2026-09-24;article;https://doi.org/10.17605/osf.io/7ymj3;;https://doi.org/10.17605/osf.io/7ymj3;OpenAlex
2;hors domaines;2;From Borrowing to Adaptation: The Chinese Paradigm of Legal Modernization with National Characteristics and Its Implications for Post-Colonial African Law;Norbert Harubwira;;International Journal of Social Sciences Humanities and Communications;2026-09-14;article;https://doi.org/10.59075/ijsshc.v2i2.678;https://journals.airsd.org/index.php/ijsshc/article/download/678/356;https://doi.org/10.59075/ijsshc.v2i2.678;OpenAlex
2;hors domaines;2;Ranging behaviours across ecological and anthropogenic disturbance gradients: a pan-African perspective of giraffe ( Giraffa spp . ) space use;"SDZWA Admin; Michael Butler Brown; Julian Fennessy; Ramiro D. Crego; Christen H. Fleming; Joel Alves; Karolína Brandlová; Stephanie Fennessy; Sara Ferguson; Morgan Hauptfleisch; Pavla Hejcmanova; Rigardt Hoffman; Peter Leimgruber; Symon Masiaine; Kylie N. McQualter; Thomas Mueller; Ben Muller; Arthur Muneza; David O'Connor; Adriaan Olivier; Thomas Rabeil; Steven Seagar; Jenna Stacy‐Dawes; Louis van Schalkwyk; Jared A. Stabach";;San Diego Zoo Wildlife Alliance;2026-09-08;article;https://doi.org/10.82125/9xpj7aps0.33250002;;https://doi.org/10.82125/9xpj7aps0.33250002;OpenAlex
2;hors domaines;2;AN ANALYSIS OF TRADE FLOWS BETWEEN TÜRKIYE AND THE MIDDLE EAST AND NORTH AFRICA (MENA) COUNTRIES USING A GRAVITY MODEL APPROACH;"Emir Halabi; Mustafa BAYLAN";;Anadolu Üniversitesi İktisadi ve İdari Bilimler Fakültesi Dergisi;2026-09-22;article;https://doi.org/10.53443/anadoluibfd.1931796;https://dergipark.org.tr/en/download/article-file/5919875;https://doi.org/10.53443/anadoluibfd.1931796;OpenAlex
2;hors domaines;2;Presumed Competence: How School Counsellors Judge Their Capacity to Support Gay Learners Experiencing Suicidal Ideation in South Africa;"Tercia Botha; Anthony Brown";;Preprints.org;2026-09-23;preprint;https://doi.org/10.20944/preprints202609.2049.v1;;https://doi.org/10.20944/preprints202609.2049.v1;OpenAlex
2;hors domaines;2;Short results of the expeditionary studies in the regions of Morocco and Mauritania during the Great African Expedition with R/V «Atlantida» and «Atlantniro» in 2024–2026;"K. V. Bandurin; G. E. Maslyankin; E. M. Gerber; Н. М. Тімошенко; V. N. Shnar; Д.А. Чурин; A. A. Gusev";;Trudy VNIRO;2026-09-24;article;https://doi.org/10.36038/2307-3497-2026-204-186-201;;https://doi.org/10.36038/2307-3497-2026-204-186-201;OpenAlex
2;hors domaines;2;Primary Infection May Be an Underlying Factor Contributing to Lethal Hemorrhagic Disease Caused by Elephant Endotheliotropic Herpesvirus 3 in African Elephants ( Loxodonta africana);"SDZWA Admin; Taylor Pursell; Jennifer L. Spencer Clinton; 覃杰; RongSheng Peng; Xiang Qin; Harshavardhan Doddapaneni; Vipin Menon; Zeineen Momin; Kavya Kottapalli; Lauren L. Howard; Erin Latimer; Sarah Y. Heaggans; Gary S. Hayward; Paul D. Ling";;San Diego Zoo Wildlife Alliance;2026-09-07;article;https://doi.org/10.82125/9xpj7aps0.33318069.v1;;https://doi.org/10.82125/9xpj7aps0.33318069.v1;OpenAlex
2;hors domaines;2;China and Taiwan in Africa: The Struggle for Diplomatic Recognition and Hegemony, ed. Sabella O. Abidde, Cham, Switzerland: Springer Nature, 2022, pp. 301.;Adeniyi Semiu Basiru;;Taiwan politics.;2026-09-08;article;https://doi.org/10.58570/001c.169204;https://taiwanpolitics.org/article/169204.pdf;https://doi.org/10.58570/001c.169204;OpenAlex
2;hors domaines;2;(Retract) “I Wasn’t Okay, but I Had to Pretend”: The Emotional Toll of Visa Denials and Delays on African International Students Entering U.S. Higher Education;Jacob Mensah;;Research in Education Curriculum and Pedagogy Global Perspectives;2026-09-05;article;https://doi.org/10.56395/38445s52;https://recap.at-journals.com/recap/index.php/description/article/download/32/25;https://doi.org/10.56395/38445s52;OpenAlex
2;hors domaines;2;Déterminants de la mortalité post opératoire des patients avec Perforations intestinales post traumatiques : cas de l’hopital HEAL Africa du 1er janvier 2022 au 31 juillet 2025;"Jean Maheshe Nirere; Eugene Munyantwari Akomu; Irénée Munyemuyisa Kahehero; Médard Kabuyaya Kakule; Herman Chelo Ngadjole; Béjamin Kabangu Bangidile; Jean-Pierre Kigayi Mumbere; Placide Mategeko Serubungo; Samuel Asimwe Mbabazi; Phalek Kambere Mukama; Georges Koy Maina; Alfred Murhula Chasumba; Salomon Ababumasi Odeka; Samuel Mbabazi";;Kivu Medical Journal;2026-09-07;article;https://doi.org/10.64263/kmj.v4i1.90;;https://doi.org/10.64263/kmj.v4i1.90;OpenAlex
2;hors domaines;2;A Semiotic Analysis of Sibling Bonds in Yoruba Royal Relationship;Memunat Olayemi Mahmud;;International Journal of Language & Linguistics;2026-09-15;article;https://doi.org/10.30845/ijll.v13p3;;https://doi.org/10.30845/ijll.v13p3;OpenAlex
2;hors domaines;2;Natural Selection of the Common STING Allele HAQ in Anatomically Modern Humans;"Alexandra a Aybar-Torries; Lei Jin";;bioRxiv (Cold Spring Harbor Laboratory);2026-09-10;preprint;https://doi.org/10.64898/2026.09.04.749500;https://www.biorxiv.org/content/biorxiv/early/2026/09/10/2026.09.04.749500.full.pdf;https://doi.org/10.64898/2026.09.04.749500;OpenAlex
2;hors domaines;2;MONKEY POX – AN EMERGING PUBLIC HEALTH GLOBAL EMERGENCY;"Syed Nazim Hussain Gardezi; Sana Abbasi";;JAIMC Journal of Allama Iqbal Medical College;2026-09-14;article;https://doi.org/10.59058/jaimc.2022.20.2.134;https://jms.jaimc.org/index.php/jaimc/article/view/134/45;https://doi.org/10.59058/jaimc.2022.20.2.134;OpenAlex
2;hors domaines;2;A Partial Correlation Analysis of ENSO-Driven Heatwave Severity in Burkina Faso from 2001 to 2025;"Callie Deng; Xianjun Hao; John Qu";;George Mason University;2026-09-18;article;https://doi.org/10.13021/jssr2026.5604;;https://doi.org/10.13021/jssr2026.5604;OpenAlex
2;hors domaines;2;Optimisation and Policy-Based Techno-Econo-Environmental Analysis of Off-Grid Hybrid Renewable Energy Systems with Battery vs. Hydrogen Energy Storage Options: Case Study of a Photovoltaic/Wind-Turbine System in Farchana, Chad;"Idriss Abdelkhalikh Idriss; Nasser Yimen";;Preprints.org;2026-09-20;preprint;https://doi.org/10.20944/preprints202609.1699.v1;;https://doi.org/10.20944/preprints202609.1699.v1;OpenAlex
2;hors domaines;2;Revolutionizing Vaccine Distribution and Surveillance in Cameroon Through Artificial Intelligence;"Angyiba Serge Andigema; Dimalla Paola Aphrodite Olive";;Preprints.org;2026-09-17;preprint;https://doi.org/10.20944/preprints202609.1505.v1;;https://doi.org/10.20944/preprints202609.1505.v1;OpenAlex
2;hors domaines;2;Exponential growth and stabilization of Ebola cases in the DRC in 2026;Ігор Нестерук;;Research Square;2026-09-07;preprint;https://doi.org/10.21203/rs.3.rs-10910292/v1;https://www.researchsquare.com/article/rs-10910292/latest.pdf;https://doi.org/10.21203/rs.3.rs-10910292/v1;OpenAlex
2;hors domaines;2;Escravidão, agência africana e práticas normativas;"Tarcísio Afonso Tchivole; Lúcio Álvaro Marques";;Espaço Plural;2026-09-14;article;https://doi.org/10.48075/crpfne27;https://e-revista.unioeste.br/index.php/espacoplural/article/download/37207/26038;https://doi.org/10.48075/crpfne27;OpenAlex
2;hors domaines;2;EXPERIMENTAL QUANTIFICATION AND TECHNO-ECONOMIC IMPACT OF LOAD UNBALANCE ON LOW-VOLTAGE DISTRIBUTION TRANSFORMERS: A CASE STUDY OF MBANZA-NGUNGU, DEMOCRATIC REPUBLIC OF THE CONGO;"MALUNGILA Hardy; BASIEMI NGITUKULU Winnie; IYOLO PONGO Rodolphe";;World Journal of Advanced Research and Reviews;2026-09-18;article;https://doi.org/10.30574/wjarr.2026.31.3.2394;https://wjarr.com/sites/default/files/fulltext_pdf/WJARR-2026-2394.pdf;https://doi.org/10.30574/wjarr.2026.31.3.2394;OpenAlex
2;hors domaines;2;Emigration, Colonialism, and Lucanian Contadini : Transnational Subjects and Nationalist Expansion in the Work of Rocco Scotellaro;Isabella Livorni;;The Italianist;2026-09-23;article;https://doi.org/10.1080/02614340.2026.2668879;https://www.tandfonline.com/doi/pdf/10.1080/02614340.2026.2668879?needAccess=true;https://doi.org/10.1080/02614340.2026.2668879;OpenAlex
2;hors domaines;2;Quantitative and qualitative analysis of the radioactivity of the nutritive plant hibiscus sabdariffa linn by gamma spectrometry using the thalium-doped sodium iodide detector NaI(Th), Abidjan (Côte d’Ivoire);;;Journal of Chemical Biological and Physical Sciences;2026-09-24;article;https://doi.org/10.24214/jcbps.c.16.4.63244;https://doi.org/10.24214/jcbps.c.16.4.63244;https://doi.org/10.24214/jcbps.c.16.4.63244;OpenAlex
2;hors domaines;2;Learning Principal-Agent Contracts for Equitable Smallholder Carbon Farming under Moral Hazard and Adverse Selection;"Rishi Bharadwaj; Y. Narahari";;arXiv (Cornell University);2026-09-17;preprint;https://doi.org/10.48550/arxiv.2609.20404;https://arxiv.org/pdf/2609.20404;https://arxiv.org/abs/2609.20404;OpenAlex
2;hors domaines;2;Architecture and Cinema for Cultural Promotion: A Literature Review Toward the Design of a Cinematographic Complex in Yaoundé, Cameroon;"Mbianda Tentchou Emeline Clarisse; Bwemba Charles; MBESSA Michel; Ndi Jean- Baptiste; Petchuekeu Noupowo Wilfrid";;International Journal of Innovative Science and Research Technology (IJISRT);2026-09-08;article;https://doi.org/10.38124/ijisrt/26aug960;https://www.ijisrt.com/assets/upload/files/IJISRT26AUG960.pdf;https://doi.org/10.38124/ijisrt/26aug960;OpenAlex
2;hors domaines;2;Cell-Free Mitochondrial DNA as a Damage-Associated Molecular Pattern and Candidate Biomarker in Sickle Cell Disease Vaso-Occlusive Crisis: A Scoping Review;"Jerriod Paul Amoako; Alexis Owusu-Andoh; Charan Psvv; Charan P S V V; Emmanuella Efua Agbeko; Karen Osafo Adjei; Victoria Mends; Hilary Kenneth Addison";;Research Square;2026-09-08;preprint;https://doi.org/10.21203/rs.3.rs-10864540/v1;https://www.researchsquare.com/article/rs-10864540/latest.pdf;https://doi.org/10.21203/rs.3.rs-10864540/v1;OpenAlex
2;hors domaines;2;Global Burden and Trends of Ischemic Heart Disease in Women Aged 55 years and Older, 1990–2021: A Systematic Analysis of the Global Burden of Disease Study 2021;"Yesang Song; Hongming Xu";;Dove Medical Press (Taylor and Francis Group);2026-09-18;article;;https://www.dovepress.com/article/download/119815;https://www.dovepress.com/global-burden-and-trends-of-ischemic-heart-disease-in-women-aged-55-ye-peer-reviewed-fulltext-article-IJWH;OpenAlex
2;hors domaines;2;baltic: the Backronymed Adaptable Lightweight Tree vIsualisation Code;"Barney I. Potter; Karthik Gangavarapu; María Fernanda Torres Jiménez; Sidney M. Bell; Gytis Dudas";;bioRxiv (Cold Spring Harbor Laboratory);2026-09-22;preprint;https://doi.org/10.64898/2026.09.20.752947;;https://doi.org/10.64898/2026.09.20.752947;OpenAlex
2;hors domaines;2;Institutional conditions and transformative teaching practices in mathematics education: A systematic review based on the theory of practice architectures;"Rosy Kyakimwe Kaliki; Kavish Jawahar; Wanjala Gidraf Joseph; Lekia Nkpordee; Julius Alochere Basake; Lutswamba Jean Jean";;African Educational Research Journal;2026-09-07;article;https://doi.org/10.5281/zenodo.22640461;;https://doi.org/10.5281/zenodo.22640461;OpenAlex
2;hors domaines;2;On The Feasibility Of The Wiredu's Consensual Democracy;Olabode Jeremiah Dehinsilu;;PhilPapers (PhilPapers Foundation);2026-09-16;article;https://doi.org/10.5281/zenodo.22782092;;https://philpapers.org/rec/DEHOTF;OpenAlex
2;hors domaines;2;"""Reclaiming Indigenous Sovereignty through Postcolonial Discourse in the Global South: Land, Knowledge, and Self-Determination Beyond Colonial Modernity";Ms. Aditi;;;2026-09-22;article;https://doi.org/10.66871/ihj.v1i1.001;https://journals.allahabadacademicpress.com/index.php/ihjournal/article/download/6/1;https://doi.org/10.66871/ihj.v1i1.001;OpenAlex
2;hors domaines;2;Human Capital and Agricultural Development: Impact of FDI in the WAEMU;"Hadji Yoro DEME El; Alfred DOLI Sié";;AgEcon Search (University of Minnesota, USA);2026-09-14;article;https://doi.org/10.22004/ag.econ.410312;;https://doi.org/10.22004/ag.econ.410312;OpenAlex
2;hors domaines;2;Deconstructing and Re-mapping the Phallic in 'Toasted Penis and Cheese';Bettina Weiss;;University of Vienna;2026-09-04;article;https://doi.org/10.25365/phaidra.1062_04;;https://doi.org/10.25365/phaidra.1062_04;OpenAlex
2;hors domaines;2;Milanković cycles and Cultural Evolution as important Catalysts for Hominin Genetic Diversification;"Shih‐Wei Fang; Pasquale Raia; Aneesh Sundaresan; Chiara Barbieri; Jiaoyang Ruan; Ali Reza Vahdati; Elke Zeller; Christoph Zollikofer; Axel Timmermann";;bioRxiv (Cold Spring Harbor Laboratory);2026-09-08;preprint;https://doi.org/10.64898/2026.09.03.749301;https://www.biorxiv.org/content/biorxiv/early/2026/09/08/2026.09.03.749301.full.pdf;https://doi.org/10.64898/2026.09.03.749301;OpenAlex
2;hors domaines;2;Long‐term health outcomes of people living with spina bifida (CDC);;;Federal Grants & Contracts;2026-09-17;article;https://doi.org/10.1002/fgc.34973;https://onlinelibrary.wiley.com/doi/pdfdirect/10.1002/fgc.34973;https://doi.org/10.1002/fgc.34973;OpenAlex
2;hors domaines;2;Intervention Research to Improve Native American Health (NIH);;;Federal Grants & Contracts;2026-09-17;article;https://doi.org/10.1002/fgc.34974;https://onlinelibrary.wiley.com/doi/pdfdirect/10.1002/fgc.34974;https://doi.org/10.1002/fgc.34974;OpenAlex
2;hors domaines;2;Hepatotoxicity assessment of antimalarial compounds from microorganisms using a liver organ-on-a-chip system;"Nadeeya Mad-adam; Htun Aung Kyaw; Intira Poonsawaeng; Pimonrat Ketsawatsomkron; Nantiya Bunbamrung; Pattama Pittayakhajonwut; Chitti Thawai; Kenjiro Muta";;bioRxiv (Cold Spring Harbor Laboratory);2026-09-17;preprint;https://doi.org/10.64898/2026.09.10.750749;https://www.biorxiv.org/content/biorxiv/early/2026/09/17/2026.09.10.750749.full.pdf;https://doi.org/10.64898/2026.09.10.750749;OpenAlex
2;hors domaines;2;TECHNO-ECONOMIC ANALYSIS OF A STAND-ALONE PHOTOVOLTAIC WATER PUMPING SYSTEM FOR RURAL WATER SUPPLY IN THE DEMOCRATIC REPUBLIC OF THE CONGO;"KASINGA MWANALWEM Arsene; TANGENYI OKITO Marcien";;World Journal of Advanced Research and Reviews;2026-09-16;article;https://doi.org/10.30574/wjarr.2026.31.3.2386;https://wjarr.com/sites/default/files/fulltext_pdf/WJARR-2026-2386.pdf;https://doi.org/10.30574/wjarr.2026.31.3.2386;OpenAlex
2;hors domaines;2;Sustainable Machining in the Era of Industry 5.0: A Unified Review of Minimum Quantity Lubrication, Nanofluids, and Human-Centric Process Optimisation for Net-Zero Manufacturing;"Dara Jude; Ignatius Echezona Ekengwu";;Journal of Mechanical Engineering and Manufacturing;2026-09-21;article;https://doi.org/10.53941/jmem.2026.100029;;https://doi.org/10.53941/jmem.2026.100029;OpenAlex
2;hors domaines;2;Samuel Fury Childs Daly (2024) - Soldiers’ Paradise;Camille Evrard;;Open Access Publications (University of Geneva Libararies);2026-09-11;article;https://doi.org/10.51185/journals/rhca.2026.cr11;;https://oap.unige.ch/journals/index/article/view/2683;OpenAlex
2;hors domaines;2;Filial Voice and Plight of Fatherless Sons in Aesthetics of Pain in Films, Mully (2021) and Family Portrait (2022);"Walter Onyango Obado; Marciana Nafula Were; Boke Joyce Wambura";;Journal of Media and Communication (JMC);2026-09-23;article;https://doi.org/10.51317/v3q1s632;;https://doi.org/10.51317/v3q1s632;OpenAlex
2;hors domaines;2;Global Studies Quarterly. 6;Human Sciences Research Council;;Human Science Research Council SA;2026-09-21;article;https://doi.org/10.14749/33952534;;https://doi.org/10.14749/33952534;OpenAlex
2;hors domaines;2;NPA: Wave 1;Joseph B. Babigumira;;OSF Preprints (OSF Preprints);2026-09-16;preprint;https://doi.org/10.17605/osf.io/cgmy5;;https://osf.io/na7ce;OpenAlex
2;hors domaines;2;Colonial Wounds, Patriarchal Domination: A bell hooks (1984) Reading of God’s Bits of Wood by O. Sembène (1962);"Karim Dembélé; Issika Diarra";;Academos Journal;2026-09-14;article;https://doi.org/10.65921/98qtgg13;;https://doi.org/10.65921/98qtgg13;OpenAlex
2;hors domaines;2;Rhythm of Resistance: The Interrelationship of Music and Literature in The Works of Ijeoma Oluo;"M.Swetha M.Swetha; B. R. Aravind";;International Journal of Social Science and Human Research;2026-09-23;article;https://doi.org/10.47191/ijsshr/v9-i9-55;https://ijsshr.in/v9i9/Doc/55.pdf;https://doi.org/10.47191/ijsshr/v9-i9-55;OpenAlex
2;hors domaines;2;Anti-Prion TCM Phytochemicals, Formulae: Mechanisms & Translational Gaps;"Jeremiah Vandy; Peter Chinedu Agu; Song Xiangqing";;Preprints.org;2026-09-10;preprint;https://doi.org/10.20944/preprints202609.0865.v1;;https://doi.org/10.20944/preprints202609.0865.v1;OpenAlex
2;hors domaines;2;Correcting the Map, as We Must, and Yet Still;Luis Eslava;;;2026-09-10;preprint;https://doi.org/10.59704/829c701780a5fa30;;https://doi.org/10.59704/829c701780a5fa30;OpenAlex
2;hors domaines;2;ESA CCI 0.1 degree soil moisture: evaluation and applications for precipitation verification and storm nowcasting;"Jawairia A. Ahmad; Christopher M. Taylor; Bethan L. Harris; Dávid D. Kovács; Seonaid Anderson; Adrià Amell; Colin Moldenhauer; Steven Wells; Wouter Arnoud Dorigo";;;2026-09-08;preprint;https://doi.org/10.5194/egusphere-2026-4687;;https://doi.org/10.5194/egusphere-2026-4687;OpenAlex
2;hors domaines;2;PEDAGOGICAL INSURRECTION IN “PELE DA COR DA NOITE”;"Karen Lima; Iramaia De Santana";;identidade!;2026-09-17;article;https://doi.org/10.22351/id.v30i2.3499;https://revistas.est.edu.br/Identidade/article/download/3499/4057;https://doi.org/10.22351/id.v30i2.3499;OpenAlex
2;hors domaines;2;Movement as Cultural Memory: Investigating the Preservation and Adaptation of Afro-Cuban Dance in the U.S. Diaspora;Summer Park;;Journal of High School Research;2026-09-07;article;https://doi.org/10.70671/w9zcxx67;;https://doi.org/10.70671/w9zcxx67;OpenAlex
2;hors domaines;2;DuoGeneDx: A Single Dried Blood Spot Card for Combined Sickle Cell and G6PD Deficiency Screening;"Brandon Arinawe; Prince Ndayishimiye; ALINGA ELIJAH; Mary Nimurungi; Kyotanihire Alex";;OSF Preprints (OSF Preprints);2026-09-06;preprint;https://doi.org/10.17605/osf.io/nmfcr;;https://osf.io/nmfcr;OpenAlex
2;hors domaines;2;What Sacred Books to Take and What to Leave Behind in Times of Religious Persecution: Three Medieval Talmudic Parchment Fragments in the Context of the 1492 Expulsion of the Jews from Malta;"Simon Mercieca; Simon Mercieca";;London Journal of Research In Humanities and Social Sciences;2026-09-12;article;https://doi.org/10.34257/ljrhss232604uk;https://journalspress.com/LJRHSS_Volume26/what-sacred-books-to-take-and-what-to-leave-behind-in-times-o-bc9939ffd3.pdf?v=1787300344882;https://doi.org/10.34257/ljrhss232604uk;OpenAlex
2;hors domaines;2;The Transmedia Way;Max Giovagnoli;;Directory of Open access Books (OAPEN Foundation);2026-09-21;article;https://doi.org/10.17613/ndhpx-erp18;;https://directory.doabooks.org/handle/20.500.12854/182226;OpenAlex
2;hors domaines;2;DESIGN AND EVALUATION OF AN OFFLINE-FIRST SYSTEM FOR PUBLIC SERVICES IN VARIABLE CONNECTIVITY ENVIRONMENTS: THE CASE OF REGIDESO KISANGANI;Jojo KPULUA MIKAKA;;Journal of Advance Research in Computer Science & Engineering (ISSN 2456-3552);2026-09-11;article;https://doi.org/10.61841/0e9kty03;https://jarcse.com/index.php/CSE/article/download/14/4;https://doi.org/10.61841/0e9kty03;OpenAlex
2;hors domaines;2;International experience of the Russian university of traditional art crafts in the field of preservation and development of intangible cultural heritage;"Maksimovich V.F.; Vanyushkina L.M.; Тихомиров С. А.; Khubrikov O.M.";;cyberleninka.ru;2026-09-11;article;https://doi.org/10.24412/2619-1504-2026-2-106-118;;https://doi.org/10.24412/2619-1504-2026-2-106-118;OpenAlex
2;hors domaines;2;Production Design and Performance Evaluation of a Motorised Processing Equipment for Palm Produce;"Daschen Fwangshak Wamtwas; Andrew Ibhagbemien; Okotie Lucky Edafe";;Journal of Innovations in Engineering and Technology Research;2026-09-05;article;https://doi.org/10.70382/hujietr.v13i5.012;https://hummingbirdjournals.com/jietr/article/download/711/677;https://doi.org/10.70382/hujietr.v13i5.012;OpenAlex
2;hors domaines;2;Artificial Intelligence for Climate Adaptation Decision Support in Data-Poor Developing Regions;"H Heuristics; Hunter Hughes";;;2026-09-22;preprint;https://doi.org/10.22541/essoar.15009304/v1;https://essopenarchive.org/doi/pdf/10.22541/essoar.15009304/v1;https://doi.org/10.22541/essoar.15009304/v1;OpenAlex
2;hors domaines;2;Pattern Evolution and Resilience Assessment of the Global Copper Industry Chain Trade Network;"Zhenhai Chang; Yumeng Liu; Shuo Wang";;Preprints.org;2026-09-16;preprint;https://doi.org/10.20944/preprints202609.1286.v1;;https://doi.org/10.20944/preprints202609.1286.v1;OpenAlex
2;hors domaines;2;Historical Roots and the Dialogue of Human-Nature Relations: An Exclusive Interview with Prof. Farish A. Noor;Fithri Dzakiyyah Hafizah;;MAARIF;2026-09-15;article;https://doi.org/10.47651/mrf.v21i1.305;;https://doi.org/10.47651/mrf.v21i1.305;OpenAlex
2;hors domaines;2;Enterocolitis secundaria a coinfección parasitaria y bacteriana en un paciente pediátrico de Ecuador: reporte de un caso;"Joshua Israel Culcay Delgado; Freddy Xavier Hinostroza Dueñas; Peña Palacios";;LA Referencia (Red Federada de Repositorios Institucionales de Publicaciones Científicas);2026-09-12;article;;;https://revistagastroperu.com/index.php/rgp/article/view/2204;OpenAlex
2;hors domaines;2;Factors associated with PAs' choice of the traditional PANRE over the PANRE-LA;"Andrzej Kozikowski; Mirela Bruza‐Augatis; Tamara Ritsema; Cody Sasek; Yanlin Jiang; Andrew D. Dallas; Joshua Goodman";;JAAPA;2026-09-24;article;https://doi.org/10.1097/01.jaa.0000000000000411;;https://doi.org/10.1097/01.jaa.0000000000000411;OpenAlex
2;hors domaines;2;Gestión del riesgo agrícola: análisis bibliométrico de la producción científica internacional, 2000–2025;"Fernando Antonio Sernaqué Auccahuasi; Juan Ademir Villantoy Peralta; José Tomás Mendoza García; Marlitt Naupay Vega";;Revista Alfa;2026-09-08;article;https://doi.org/10.33996/revistaalfa.v10i30.499;https://revistaalfa.org/index.php/revistaalfa/article/download/701/1357;https://doi.org/10.33996/revistaalfa.v10i30.499;OpenAlex
2;hors domaines;2;Analysis of Household Waste Management Practices and Impacts in the Commune of Djiri (N'kombo, Itatolo, Makabandilou, and Académie-Bilolo) in the Republic of Congo;;;Journal of Chemical Biological and Physical Sciences;2026-09-24;article;https://doi.org/10.24214/jcbps.d.16.4.65782;https://doi.org/10.24214/jcbps.d.16.4.65782;https://doi.org/10.24214/jcbps.d.16.4.65782;OpenAlex
2;hors domaines;2;Effect of Different Halal Plant Ingredients on the Growth and Performance of Hito (Clarias gariepinus);"Onofre S. Corpuz; Alistair S. Corpuz; Fatimah C. Dilangalen; Musa M. Tagal; Rudina May M. Ramos; Ahsan E. Lansao";;Agricultural Science Digest - A Research Journal;2026-09-24;article;https://doi.org/10.18805/ag.df-672;;https://doi.org/10.18805/ag.df-672;OpenAlex
2;hors domaines;2;The Yuga Reduction Model: Synthesizing the Puranic Yuga Cycles, Predynastic Timelines, and the Anthropological Record;R.L. Wesley;;Knowledge Commons (Lakehead University);2026-09-18;preprint;https://doi.org/10.17613/gnnrf-yfk66;;https://doi.org/10.17613/gnnrf-yfk66;OpenAlex
2;hors domaines;2;El África imaginada del colonialismo ibérico (1930-1950). Exposiciones, revistas y fotografías;Alba Lérida Jiménez;;Ayer Revista de Historia Contemporánea;2026-09-15;article;https://doi.org/10.55509/ayer/3236;https://revistasmarcialpons.es/index.php/revistaayer/article/download/lerida-el-africa-imaginada-del-colonialismo-iberico-1930-1950/4007;https://doi.org/10.55509/ayer/3236;OpenAlex
2;hors domaines;2;The role of JSC “RZD” in shaping the unified logistics landscape of BRICS;S. A. Pavlov;;BRIСS Transport;2026-09-13;article;https://doi.org/10.46684/2026.3.1;https://www.bricstransport.ru/jour/article/download/156/138;https://doi.org/10.46684/2026.3.1;OpenAlex
2;hors domaines;2;Fire modulates millennial plant community assembly;"Pablo Valgañón-Ruiz; Alessio Cardillo; Ana Cano; Hugo Sáiz; Adam Thomas Clark; David García‐Callejas; Lena Neuenkamp; Cristina Ramos‐Capón; Penélope González‐Sampériz; Graciela Gil-Romera";;;2026-09-14;preprint;https://doi.org/10.32942/x2b97g;https://ecoevorxiv.org/repository/object/14988/download/26044/;https://doi.org/10.32942/x2b97g;OpenAlex
2;hors domaines;2;Futurity from Frictions. The Photothek of the Kunsthistorisches Institut in Florenz as a Laboratory;Costanza Caraffa;;Photography and Culture;2026-09-09;article;https://doi.org/10.1080/17514517.2026.2722872;https://www.tandfonline.com/doi/pdf/10.1080/17514517.2026.2722872?needAccess=true;https://doi.org/10.1080/17514517.2026.2722872;OpenAlex
2;hors domaines;2;GeneSIS: enhancing transferability of polygenic scores with variant-level gene-by-sex interaction effects;"Yosuke Tanigawa; Manolis Kellis";;bioRxiv (Cold Spring Harbor Laboratory);2026-09-17;preprint;https://doi.org/10.64898/2026.09.14.751452;https://www.biorxiv.org/content/biorxiv/early/2026/09/17/2026.09.14.751452.full.pdf;https://doi.org/10.64898/2026.09.14.751452;OpenAlex
2;hors domaines;2;Recording Violence, Evading Accountability: Documentary Knowledge after the Lynching of Zachariah Walker, 1911–1912;Giovanni Santoro;;European Scientific Journal ESJ;2026-09-09;article;https://doi.org/10.19044/esipreprint.9.2026.p799;https://eujournal.org/index.php/esj/article/download/21552/20896;https://doi.org/10.19044/esipreprint.9.2026.p799;OpenAlex
2;hors domaines;2;Life, Liberty, and Liability: Towards a Rights Respecting Custodial Justice Framework;"Rajesh M; Dr. Sunil Dutt Chaturvedi";;International Journal of Science and Research (IJSR);2026-09-23;article;https://doi.org/10.21275/sr26917163710;https://www.ijsr.net/archive/v15i9/SR26917163710.pdf;https://doi.org/10.21275/sr26917163710;OpenAlex
2;hors domaines;2;Whole-genome sequencing of 490,640 UK Biobank participants.;UK Biobank Whole-Genome Sequencing Consortium;;Apollo (University of Cambridge);2026-09-17;article;;https://www.repository.cam.ac.uk/bitstreams/e0dfac01-a993-495d-b99e-eef7c7115aa5/download;https://www.repository.cam.ac.uk/handle/1810/404137;OpenAlex
2;hors domaines;2;The average-farmer illusion in language-model simulations of agricultural decisions;"Zhanliang Zhu; Ziwei Li; Yuchen Liu; Liujun Zhu; Ruiqi Wu; Tongqing Shen; Junliang Jin; Jianyun Zhang";;arXiv (Cornell University);2026-09-14;preprint;https://doi.org/10.48550/arxiv.2609.15038;https://arxiv.org/pdf/2609.15038;https://arxiv.org/abs/2609.15038;OpenAlex
2;hors domaines;2;3D crustal model of Southern Apennines (Italy) by integrating geological, geophysical and petrophysical constraints;"Maddalena Perrini; Grazia De Landro; Gianluca Gola; Filippo Accomando; Maurizio Fedi; Vanja Kastelic; Pietro Tizzani; Deborah Di Naccio; Michele M. C. Carafa; Giuseppe Falcone; Matteo Taroni; Aldo Zollo; Raffaele Castaldo";;Earth System Science Data Discussions;2026-09-09;preprint;https://doi.org/10.5194/essd-2026-513;https://essd.copernicus.org/preprints/essd-2026-513/essd-2026-513.pdf;https://doi.org/10.5194/essd-2026-513;OpenAlex
2;hors domaines;2;Trends in Agricultural Products Marketing: A Bibliometric Analysis and Future Research Agenda;"Gangavarapu Santhikumari; Prasad Musunur Rama; Kumar Jaya Prakash Senthil";;AgEcon Search (University of Minnesota, USA);2026-09-21;article;https://doi.org/10.22004/ag.econ.412780;;https://doi.org/10.22004/ag.econ.412780;OpenAlex
2;hors domaines;2;Health Economic Evaluations of Neglected Tropical Diseases: A Scoping Review;"Carmen Phang Romero Casas; Rita de Cássia Ribeiro de Albuquerque; Marcus Paulo da Silva Rodrigues; Rodolfo Castro; Flávia Tavares Silva Elias";;Preprints.org;2026-09-07;preprint;https://doi.org/10.20944/preprints202609.0491.v1;;https://doi.org/10.20944/preprints202609.0491.v1;OpenAlex
2;hors domaines;2;Antimicrobial Stewardship and One Health Perspectives: A Narrative Review;"Fatma Amer; Souha Kanj; Maya Dagher; Wassim Ayoubi; Mamoon A. Aldeyab; J. Scott Weese; Abdul Ghafur; Miki Nagao; Rehab M. Elsaid Tash; Nissreen E ELBadawy; Pierre Tattevin";;Preprints.org;2026-09-18;preprint;https://doi.org/10.20944/preprints202609.1547.v1;;https://doi.org/10.20944/preprints202609.1547.v1;OpenAlex
2;hors domaines;2;Global Heart Network;"Ramesh Dharmaraj; Afksendiyos Kalangos; Shaun P. Setty";;Journal of Humanitarian Cardio Vascular Medicine;2026-09-17;article;https://doi.org/10.12681/jhcvm.46466;;https://doi.org/10.12681/jhcvm.46466;OpenAlex
2;hors domaines;2;Integrating Koitaleel Samoei and Nandi resistance narratives into English language teaching: Alignment with Kenya's competency-based education and implications for UK universities;Beatrice Wasike;;African Educational Research Journal;2026-09-22;article;https://doi.org/10.5281/zenodo.22895253;;https://doi.org/10.5281/zenodo.22895253;OpenAlex
2;hors domaines;2;Comparative Evaluation of Anti-Acne Gel Containing Gomphrena Globosa L Flower Extract with Previously Reported Cream Formulation;"B. Edwin Jose; R. Gurusankar; R.Rajiv Gandhi; V. Gunaseelan; K. Gangadevi; S. Gunasiya; R.Harish; A. Jayasree; J. Jerline";;International Journal of Allied Medical Sciences and Clinical Research;2026-09-15;article;https://doi.org/10.61096/ijamscr.v14.iss3.2026.1527-1532;;https://doi.org/10.61096/ijamscr.v14.iss3.2026.1527-1532;OpenAlex
2;hors domaines;2;Invisible Histories: A New Historicist Reading of Ralph Ellison's Invisible Man;Pushpa Raj Subedi;;Spectrum of Humanities and Social Sciences;2026-09-24;article;https://doi.org/10.3126/shss.v2i1-2.100513;;https://doi.org/10.3126/shss.v2i1-2.100513;OpenAlex
2;hors domaines;2;Foundations and Frontiers of Swahili Natural Language Processing;"Benjamin Kikwai; Jared Ongaro";;African Journal of Mathematics and Statistics Studies;2026-09-04;article;https://doi.org/10.52589/ajmss-qdf2cvcu;;https://doi.org/10.52589/ajmss-qdf2cvcu;OpenAlex
2;hors domaines;2;Narrative Empathy in Myth and Folklore: A Cross-Cultural Analysis of Emotional Resonance and Moral Understanding;"Payal Saigal; Gunjan Agarwal";;Journal of Creative Research in English Literature and Culture;2026-09-15;article;https://doi.org/10.25125/jcrelc-sep-2026-1;https://jcrelc.com/assets/articles_menuscripts/file/JCRELC-SEP-2026-1.pdf;https://doi.org/10.25125/jcrelc-sep-2026-1;OpenAlex
2;hors domaines;2;Navigating Roman-Script Literacy Acquisition From Learners to Instructors: A Hermeneutic Phenomenological Study of Adult EFL ESL Educators’ Experiences With Multimodal Instructional Resources;Morgan Dunsfield;;Digital Commons (Liberty University);2026-09-17;article;;https://digitalcommons.liberty.edu/context/doctoral/article/9982/viewcontent/69_Dunsfield_2C_20Morgan_20_28L33319155_29.pdf;https://digitalcommons.liberty.edu/doctoral/8923;OpenAlex
2;hors domaines;2;WebMRIQC: A Web-Based Implementation of MRIQC for Accessible MRI Image Quality Assessment in Resource-Constrained Settings;"Philip Nkwam; Ifeoluwa Oladeji; Sekinat Zurakat-Aderibigbe; Jasmine Cakmak; Harrison Aduluwa; Confidence Raymond; Cliff Mokua; Abdulrazaq Zubair; Daniel Champanda; Tolulope Olusuyi; Maruf Adewole; Udunna Anazodo";;arXiv (Cornell University);2026-09-21;preprint;https://doi.org/10.48550/arxiv.2609.24014;https://arxiv.org/pdf/2609.24014;https://arxiv.org/abs/2609.24014;OpenAlex
2;hors domaines;2;Beyond Word Error Rate: A Switch Aware Evaluation of ASR and Audio Language Models on English Yoruba Code-Switched Speech;"Chibuzor Okocha; Christan Grant";;arXiv (Cornell University);2026-09-10;preprint;https://doi.org/10.48550/arxiv.2609.11786;https://arxiv.org/pdf/2609.11786;https://arxiv.org/abs/2609.11786;OpenAlex
2;hors domaines;2;Compounded vulnerability: comparing disaster and climate hazard experiences of rural food pantry users with a neighboring suburban community in the Southeastern US;"Natasha Malmin; M. Dzokoto; T. Height; T. Le Moal; Idowu O.A.; A. Driffin; T. Pressley";;Journal of Environmental Studies and Sciences;2026-09-24;article;https://doi.org/10.1007/s13412-026-01140-w;;https://doi.org/10.1007/s13412-026-01140-w;OpenAlex
2;hors domaines;2;Transcultural academic training networks in cultural policy and management: Institutional cooperation structures, learning experiences and challenges;"Meike Lettau; Alla El Kahla";;Journal of Cultural Management and Cultural Policy / Zeitschrift für Kulturmanagement und Kulturpolitik;2026-09-14;article;https://doi.org/10.1177/27018466261470299;;https://doi.org/10.1177/27018466261470299;OpenAlex
2;hors domaines;2;Location transparency reduces activity by accounts misrepresenting their location on X;"Yuwei Chuai; Thomas Renault; David Rand; Mohsen Mosleh";;arXiv (Cornell University);2026-09-22;preprint;https://doi.org/10.48550/arxiv.2609.25933;https://arxiv.org/pdf/2609.25933;https://arxiv.org/abs/2609.25933;OpenAlex
2;hors domaines;2;Human mutation field reveals an equilibrium-like structure with irreversible circulation;"Isabella Caranzano; Daniel Maria Busiello; Stefano Priorelli; Amos Maritan; Piero Fariselli";;arXiv (Cornell University);2026-09-07;preprint;https://doi.org/10.48550/arxiv.2609.07500;https://arxiv.org/pdf/2609.07500;https://arxiv.org/abs/2609.07500;OpenAlex
2;hors domaines;2;Impacto del extracto acuoso de Verbesina sphaerocephala sobre el crecimiento de Tagetes erecta bajo distintos ambientes;"Ana Paulina Velasco-Ramírez; Alejandro Velasco-Ramírez; Yessica Guadalupe Valdovinos Gálvez; Armando Rafael Hernández-Pérez; Rosalba Mireya Hernández-Herrera";;Ciencia Latina Revista Científica Multidisciplinar;2026-09-22;article;https://doi.org/10.37811/cl_rcm.v10i4.25772;https://ciencialatina.org/index.php/cienciala/article/download/25772/36310;https://doi.org/10.37811/cl_rcm.v10i4.25772;OpenAlex
2;hors domaines;2;Global fire emissions impact on tropospheric chemistry and radiation in the Energy Exascale Earth System Model (E3SM);"Li Xu; Qi Tang; Qing Zhu; W. J. Riley; Guido R. van der Werf; Yang Chen; Michael John Prather; James T. Randerson";;;2026-09-14;preprint;https://doi.org/10.5194/egusphere-2026-4288;https://egusphere.copernicus.org/preprints/2026/egusphere-2026-4288/egusphere-2026-4288.pdf;https://doi.org/10.5194/egusphere-2026-4288;OpenAlex
2;hors domaines;2;Evaluating Ambient Clinical Scribes in India: The Need for Multilingual Real-World Clinical Conversation Data;"Siddharth D Jaiswal; Krithi S; ASHISH MAKANI; Suvrankar Datta; Sunayana Sitaram; Mohit Kumar Jain";;arXiv (Cornell University);2026-09-15;preprint;https://doi.org/10.48550/arxiv.2609.17355;https://arxiv.org/pdf/2609.17355;https://arxiv.org/abs/2609.17355;OpenAlex
2;hors domaines;2;Introducing IPYA: the Inverse Problems Young Academy;"Giovanni Covi; Nataliia Kinash; Rommel R. Real";;European Mathematical Society Magazine;2026-09-15;article;https://doi.org/10.4171/mag/324;https://ems.press/content/serial-article-files/54083?nt=1;https://doi.org/10.4171/mag/324;OpenAlex
2;hors domaines;2;Machine learning reveals heterogeneous climate impacts and weakening agricultural productivity growth;"Edward Guo; Ruixin Yang";;George Mason University;2026-09-21;article;https://doi.org/10.13021/jssr2026.5723;;https://doi.org/10.13021/jssr2026.5723;OpenAlex
2;hors domaines;2;Phylogenetic Relationships Among Denisovans, Neanderthals, and Modern Humans: The Uniparental Genetic Alternative;Vicente M. Cabrera;;Preprints.org;2026-09-16;preprint;https://doi.org/10.20944/preprints202609.1338.v1;;https://doi.org/10.20944/preprints202609.1338.v1;OpenAlex
2;hors domaines;2;Review of Fibonacci's Liber Abaci by Sigler;James Anderson;;Transmathematica;2026-09-21;article;https://doi.org/10.36285/tm.130;https://transmathematica.org/index.php/journal/article/download/130/92;https://doi.org/10.36285/tm.130;OpenAlex
2;hors domaines;2;Advertising and Saudi Media, 2000–2026: From Pan-Arab Satellite Television to Platform Economics: A Descriptive and Analytical Study;Safran Safar Almakaty;;Preprints.org;2026-09-07;preprint;https://doi.org/10.20944/preprints202609.0506.v1;;https://doi.org/10.20944/preprints202609.0506.v1;OpenAlex
2;hors domaines;2;Optical spectroscopy of the VHE flat-spectrum radio quasar PKS 0903-57;"E. Kasai; P. Goldoni; C. Boisson; S. Pita; W. Max-Moerbeck; F. D'Ammando; B. Rajput; M. Backes";;arXiv (Cornell University);2026-09-14;preprint;https://doi.org/10.48550/arxiv.2609.14999;https://arxiv.org/pdf/2609.14999;https://arxiv.org/abs/2609.14999;OpenAlex
2;hors domaines;2;Access to family planning for youth: perspectives of young family planning leaders from 40 countries;"Adesola Oluwafunmilola Olumide; E C Sullivan; Courtney McGuire; Catherine Baye Easton; Ilene S. Speizer; Alice F. Cartwright; Jane Otai; Amelia Maytan-Joneydi";;UNC Libraries;2026-09-18;article;https://doi.org/10.17615/vfja-5t45;;https://doi.org/10.17615/vfja-5t45;OpenAlex
2;hors domaines;2;A Study on Modern Clothing Care and Management Practices in the Tamale Metropolis of Ghana;"Stella Ama Nkrumah; Daniel Kwabena Danso";;Journal of Social Science and Human Research Studies;2026-09-21;article;https://doi.org/10.5281/zenodo.22934945;;https://doi.org/10.5281/zenodo.22934945;OpenAlex
2;hors domaines;2;A Bibliometric Analysis on the Use of Computer Simulation in Teaching and Learning;"Briskila Ayuba; Balarabe Yushau; Sa’adatu A. Mohammed; Badamasi Imam Ya’u";;ALSYSTECH Journal of Education Technology;2026-09-14;article;https://doi.org/10.58578/alsystech.v4i3.11992;;https://doi.org/10.58578/alsystech.v4i3.11992;OpenAlex
2;hors domaines;2;Mapping current Iberian tectonic stress regimes using Gutenberg–Richter b-values;"Eulogio Pardo-Igúzquiza; Peter Alan Dowd";;Academia Earth and Planetary Science;2026-09-11;article;https://doi.org/10.20935/acadeps8510;https://www.academia.edu/3143-6692/1/3/10.20935/AcadEPS8510/pdf;https://doi.org/10.20935/acadeps8510;OpenAlex
2;hors domaines;2;Active galactic nucleus activity in brightest cluster galaxies at intermediate redshifts in Sunyaev-Zel'dovich--selected clusters;"Narges Hatamkhani; R.E. Skelton; J. Delhaize; M. Hilton; S. I. Loubser; N. Gupta; K. Moses Mogotsi";;arXiv (Cornell University);2026-09-08;preprint;https://doi.org/10.48550/arxiv.2609.09049;;https://doi.org/10.48550/arxiv.2609.09049;OpenAlex
2;hors domaines;2;‘Drunk’ rebetiko blues fusion: dissecting two contemporary songs;Nassos Polyzoidis;;Quadrivium Revista de Musicologia;2026-09-15;article;https://doi.org/10.67262/kxh6gz44;http://quadrivium.avamus.org/quadrivium/article/download/26/26;https://doi.org/10.67262/kxh6gz44;OpenAlex
2;hors domaines;2;CORPORATE FINANCIAL REPORTING;Dr.Cecil Mbofana;;EducJournal of Global Research & Real-World Impact;2026-09-21;article;https://doi.org/10.67397/ejgri.v2i4.56;https://educjournal.com/index.php/EJGRI/article/download/56/52;https://doi.org/10.67397/ejgri.v2i4.56;OpenAlex
2;hors domaines;2;Karyotypic evolution in a diverse primate clade and the role of chromosomal fissions as barriers to gene flow;"Axel Jensen; Athena Syarifa; Julien Pichon; Micaela Strada; Fanny Combe; Bertrand Bed’Hom; Loı̈c Ponger; Michèle Gerbault‐Seureau; Christophe Escudé; Katerina Guschanski";;bioRxiv (Cold Spring Harbor Laboratory);2026-09-16;preprint;https://doi.org/10.64898/2026.09.14.751345;https://www.biorxiv.org/content/biorxiv/early/2026/09/16/2026.09.14.751345.full.pdf;https://doi.org/10.64898/2026.09.14.751345;OpenAlex
2;hors domaines;2;The role of human capital, stakeholder intervention, and infrastructure development in attracting foreign direct investment: Evidence from Chad;"Khalil Abakar Moussa Kaya; Mohd Azlan Shah Zaidi; Rohayu Abd. Ghani; Saeed Abdullatif Alblooshi";;PaperAsia;2026-09-04;article;https://doi.org/10.59953/paperasia.v42i4b.632;https://www.compendiumpaperasia.com/index.php/cpa/article/download/632/628;https://doi.org/10.59953/paperasia.v42i4b.632;OpenAlex
2;hors domaines;2;Medicinal Uses of Achyranthes aspera L.: A Critical Narrative Synthesis of Traditional Knowledge, Phytochemistry and Pharmacological Evidence;"Angesh Chandra; Archana Chandra";;;2026-09-10;article;https://doi.org/10.9734/sarjnp/2026/v9i3268;;https://doi.org/10.9734/sarjnp/2026/v9i3268;OpenAlex
2;hors domaines;2;Cosmic kidney disease in spaceflight and terrestrial nephrology: Mechanisms and translation;"Tariq Ahmed Zayan; Heba Abouelyazied Khafagy";;World Advances in Renal Medicine;2026-09-21;article;https://doi.org/10.25259/warm_14_2026;https://warmjournal.org/content/194/2026/2/3/pdf/WARM-2-094.pdf;https://doi.org/10.25259/warm_14_2026;OpenAlex
2;hors domaines;2;Artificial intelligence-driven risk estimation, early detection, diagnostic characterisation and prognosis in hepatitis b-related hepatocellular carcinoma;"Pranjal Kashiv; Manish Ramesh Balwani; Khushboo Saxena; Priyanka Tolani; Amit S Pasari; Vivek B Kute";;Artificial Intelligence in Gastroenterology;2026-09-11;article;https://doi.org/10.35712/aig.124278;https://www.f6publishing.com/Forms/Main/DownloadFile.aspx?type=m&typeid=2&id=124278&filepath=8E31D0401EB18CD6271A9142AB7E05E3485F193991CBF1D42B7B5FEAA0CCDD881CCC963A42C62C0D;https://doi.org/10.35712/aig.124278;OpenAlex
2;hors domaines;2;The Application of SOLO Taxonomy in Secondary Science Education: A Scoping Review;"Neil Bryant I. Lucas; Lilibeth G. Abrogena; Jayferson G. Panilo";;American Journal of Multidisciplinary Research and Innovation;2026-09-24;article;https://doi.org/10.54536/ajmri.v5i5.8599;;https://doi.org/10.54536/ajmri.v5i5.8599;OpenAlex
2;hors domaines;2;Long read sequencing of retinal RNA improves killifish transcriptome annotation;"Sohini Rebba; Lianri Van Schalkwyk; Aleksandra M. Krzywańska; Ryan B. MacDonald; Brian S. Clark; Philip A. Ruzycki";;bioRxiv (Cold Spring Harbor Laboratory);2026-09-07;preprint;https://doi.org/10.64898/2026.09.02.748420;https://www.biorxiv.org/content/biorxiv/early/2026/09/07/2026.09.02.748420.full.pdf;https://doi.org/10.64898/2026.09.02.748420;OpenAlex
2;hors domaines;2;Predicting Elephant Crop-Raiding with Machine Learning to Inform Conservation Planning: A Case Study Comparing the Performance and Tradeoffs of GeoAI Algorithms in Northwestern Zimbabwe;"Katherine Markham; Sérgio Bernardes; Ferrel Osborn; Marguerite Madden; Malvern Karidozo; William R. Langbauer; Angela Yao; Andrew Grundstein; Roger Parry";;;2026-09-23;preprint;https://doi.org/10.31223/x5gr57;https://eartharxiv.org/repository/object/15144/download/26269/;https://doi.org/10.31223/x5gr57;OpenAlex
2;hors domaines;2;War trauma and psychomotor developmental disorders in children aged 6–12 in Lubumbashi: a comparative study;"Joelle Ngoie Musasa; Malko Ibrahim; Philippe Kaganda; Adélaïde Blavier; Jennifer Foucart";;Dépôt institutionnel de l'Université libre de Bruxelles (Université Libre de Bruxelles);2026-09-08;article;;;http://hdl.handle.net/2013/ULB-DIPOT:oai:dipot.ulb.ac.be:2013/413378;OpenAlex
2;hors domaines;2;[These authors share senior authorship: Ralph Hertwig, Esther Herrmann.];"L. ; https://orcid.org/0000-0001-6660-3945 Haux; K. ; https://orcid.org/0000-0002-5343-7818 Fuławka; G. ; https://orcid.org/0000-0002-5985-4073 Wagner; R. ; https://orcid.org/0000-0002-9908-9556 Hertwig; E. Herrmann";;MPG.PuRe (Max Planck Society);2026-09-07;article;;https://hdl.handle.net/21.11116/0000-0013-8508-C;https://hdl.handle.net/21.11116/0000-0013-8506-E;OpenAlex
2;hors domaines;2;Dive first, run later? The role of endurance diving in human evolution;"J. ; https://orcid.org/0000-0002-5757-1168 Joordens; E. Schagatay";;MPG.PuRe (Max Planck Society);2026-09-17;article;;https://hdl.handle.net/21.11116/0000-0013-922D-4;https://hdl.handle.net/21.11116/0000-0013-922B-6;OpenAlex
2;hors domaines;2;"Why Nations and Individuals Start Wars: Western and Non-Western Perspectives; Guided by Peace, Committed to Justice, and Determined to Create Lasting Positive Change";Carl H. D. Steinmetz;;Advances in Social Sciences Research Journal;2026-09-18;article;https://doi.org/10.14738/assrj.1309.12194;https://scholarpublishing.org/journals/index.php/ASSRJ/article/download/12194/12303;https://doi.org/10.14738/assrj.1309.12194;OpenAlex
2;hors domaines;2;Evaluating performance bias in face-to-BMI vision transformer models across diverse human populations;"J C Hoffman; Michael Gurven; Hillard Kaplan; Jonathan Stieglitz; Benjamin C. Trumble; Bret Beheim; Paul L. Hooper; Richard B. Lee; Julia R. Phelps; Kim Hill; Brian F. Codding; Simon Brewer; Yvonne Ai Lian Lim; Amanda J. Lea; Ian J. Wallace; Vivek V. Venkataraman; Thomas S. Kraft";;bioRxiv (Cold Spring Harbor Laboratory);2026-09-04;preprint;https://doi.org/10.64898/2026.09.02.748815;https://www.biorxiv.org/content/biorxiv/early/2026/09/04/2026.09.02.748815.full.pdf;https://doi.org/10.64898/2026.09.02.748815;OpenAlex
2;hors domaines;2;Science for humanity in practice: understanding the policy influence of Imperial’s SDG-mapped research;"Ross Clark; Yusuf Ozkan";;Imperial College Research Computing Service Data Repository;2026-09-23;article;https://doi.org/10.25560/138689;;https://doi.org/10.25560/138689;OpenAlex
2;hors domaines;2;John Manifold: Realist Writer;Giacomo Bianchino;;Annual report;2026-09-14;article;https://doi.org/10.31646/am.169;https://affirmationsmodern.com/index.php/up-j-a/article/download/169/299;https://doi.org/10.31646/am.169;OpenAlex
2;hors domaines;2;Neck and Low Back Pain in China and Globally: Divergent Trends Among Women of Reproductive Age—An Analysis of the Global Burden of Disease Study 2023;"Ruihuan Du; Juan Zhao; Zixuan Xiong; Bo Wang";;Dove Medical Press (Taylor and Francis Group);2026-09-07;article;;;https://www.dovepress.com/neck-and-low-back-pain-in-china-and-globally-divergent-trends-among-wo-peer-reviewed-fulltext-article-ORR;OpenAlex
2;hors domaines;2;Safety and efficacy of whole-body chlorhexidine gluconate cleansingwith or without emollient in hospitalised neonates (NeoCHG): Amulticentre, randomised, open-label, factorial pilot trial;"Kristen LeBeau; Michael Sharland; Andrew Whitelaw; Ann Sarah Walker; Samir K Saha; Mohammad Shahidul Islam; Peter Skoutari; Francesca Schiavone; Seamus O’Brien; Neal Russell; Mahbubul Hoque; Aaqilah Fataar; D. Ellis; Angela Dramowski; Julia Bielicki; Adrie Bekker; Kazi Shammin Azmery; Michelle Clements";;Dhaka Shishu (Children) Hospital Journal;2026-09-23;article;https://doi.org/10.3329/dshj.v41i1.93362;https://www.banglajol.info/index.php/DSHJ/article/download/93362/60106;https://doi.org/10.3329/dshj.v41i1.93362;OpenAlex
2;hors domaines;2;Investigating the Global Volatile Cycle with Heavy Noble Gases;Kelsey Woody;;Open Scholarship Institutional Repository (Washington University in St. Louis);2026-09-22;article;https://doi.org/10.7936/t4yh-8414;;https://openscholarship.wustl.edu/art_sci_etds/3866;OpenAlex
2;hors domaines;2;Sustainable Tourism Policy and Digital Service Quality: Antecedents of Tourist Satisfaction and Revisit Intention in Pakistan;"Mahnoor Iftikhar; Rehmat Karim; Normah Abdul Latip";;Journal of Business Insight and Innovation;2026-09-15;article;https://doi.org/10.63544/jbii.v5i9.213;https://insightfuljournals.com/index.php/JBII/article/download/213/357;https://doi.org/10.63544/jbii.v5i9.213;OpenAlex
2;hors domaines;2;Factors Affecting SME Performance, Competitive Advantage, and Risk Management Practices with the Mediating Role of Public Policy in Pakistan;"Sadia Saghir; Riffut Jabeen; Tuba Ghani";;Journal of Business Insight and Innovation;2026-09-20;article;https://doi.org/10.63544/jbii.v5i9.225;https://insightfuljournals.com/index.php/JBII/article/download/225/383;https://doi.org/10.63544/jbii.v5i9.225;OpenAlex
2;hors domaines;2;Encoding Marginalization: A Document Analysis of How State and Corporate AI Architectures Impact Religious Minorities in The Global North and Global South;"Muhammad Kashif Mirza; Muhammad Ali Bilgrami";;Inverge Journal of Social Sciences;2026-09-08;article;https://doi.org/10.63544/ijss.v5i5.334;;https://doi.org/10.63544/ijss.v5i5.334;OpenAlex
2;hors domaines;2;Etude de la qualité sanitaire de la moutarde africaine (soumbara) à FERKE en Côte d’Ivoire;;;Journal of Chemical Biological and Physical Sciences;2026-09-24;article;https://doi.org/10.24214/jcbps.b.16.4.84156;https://doi.org/10.24214/jcbps.b.16.4.84156;https://doi.org/10.24214/jcbps.b.16.4.84156;OpenAlex
2;hors domaines;2;Le marketing territorial comme instrument d’arbitrage stratégique dans les économies dépendantes : le cas comparé de la Guyane et du Sénégal;Moustapha Aladji;;Revue Organisations & territoires;2026-09-23;article;https://doi.org/10.1522/revueot.v35n2.2207;https://revues.uqac.ca/index.php/revueot/article/download/2207/1919;https://doi.org/10.1522/revueot.v35n2.2207;OpenAlex
2;hors domaines;2;Health Equity and Cardiovascular Mortality: The Role of Structural Racism in Persistent Disparities Among Black Americans;"Maryam Deen; Mikayl Awan; Kathryn King; Ryan Yan; Enayah Inam";;INNOVAPATH;2026-09-23;article;https://doi.org/10.63501/z8yyb791;;https://doi.org/10.63501/z8yyb791;OpenAlex
2;hors domaines;2;Seasonal variability in livestock performance under a transhumant cattle production system in semi-arid Angola;"Suca Francisco Pedro; Edmundo Weyulu Rosário Ndipolifa; Justo Fernando Tchango Chicumbi; Américo Rodrigues Nakapunda Mande; Marcelo Machado de Luca de Oliveira Ribeiro";;Revista edUCA - Revista Multidisciplinar da Faculdade Católica Paulista;2026-09-18;article;https://doi.org/10.54901/educa.v9-775;https://www.revistaeduca.com.br/index.php/EDUCA/article/download/775/486;https://doi.org/10.54901/educa.v9-775;OpenAlex
2;hors domaines;2;Geografia Política dos Recursos Hídricos em Angola: Acesso e Conflitos por Água;"Analtina Helena José Sousa Chissolucombe; Raul Chiwale Matateu; Wagner Costa Ribeiro Wagner Costa Ribeiro";;Cadernos de Geociências;2026-09-13;article;https://doi.org/10.9771/geocad.v21i0.75295;https://periodicos.ufba.br/index.php/cadgeoc/article/download/75295/40935;https://doi.org/10.9771/geocad.v21i0.75295;OpenAlex
2;hors domaines;2;Análise de dados epidemiológicos da hanseníase em Angola no período de 2015 a 2024;"Ernesto Chipala Calei; Michel Fernandes de Fátima Salazar; Demócriro dos Santos Chitumba; Mateus Lino José";;Revista fisio&terapia.;2026-09-09;article;https://doi.org/10.69849/n86taz86;;https://doi.org/10.69849/n86taz86;OpenAlex
2;hors domaines;2;Trade Competition and the Rise of the French Left: The Algerian Wine Shock, 1893-1914;"Fabien Candau; Christophe Lévêque";;HAL (Le Centre pour la Communication Scientifique Directe);2026-09-08;preprint;;;https://hal.science/hal-05743151;OpenAlex
2;hors domaines;2;SENTIMENTOS E EMOÇÃO DE ADOLESCENTES INSTITUCIONALIZADOS NO ORFANATO LOURENÇO AMADEU DO MALEMBO CABINDA-ANGOLA;"SAMUEL VLADMIRO TEMBO PEQUENO; Ambrósio Puati; Macaia Lumingo; Kumbo João";;Revista Tópicos.;2026-09-12;article;https://doi.org/10.70773/revistatopicos/789154505;https://revistatopicos.com.br/generate/pdf_zenodo/pub_789154505.pdf;https://doi.org/10.70773/revistatopicos/789154505;OpenAlex
2;hors domaines;2;Da Injustiça ao Silêncio Destrutivo: Diagnóstico e Prevenção da Sabotagem Organizacional em Angola;Zacarias Samba dos Santos;;Educação & Inovação;2026-09-08;article;https://doi.org/10.64326/educao.v2i16.557;;https://doi.org/10.64326/educao.v2i16.557;OpenAlex
2;hors domaines;2;A utilizaçao da Inteligencia Artificial: uma experiência no ensino da Programaçao Orientada a Objetos em Angola;"Rodolfo Reyes Baños; Ricardo do Rosário Canepa; Yanelys Pérez de Corcho Valdivia; Freddy Reyes Pérez de Corcho; Leda Filomena Pedro Gonçalves Canepa; Zacarias Ndemutaloneni Leonardo Hishimono; Clementina Noémia Leonor Mário João";;Brazilian Journal of Development;2026-09-08;article;https://doi.org/10.34117/bjdv12n9-003;https://ojs.brazilianjournals.com.br/ojs/index.php/BRJD/article/download/89172/60517;https://doi.org/10.34117/bjdv12n9-003;OpenAlex
2;hors domaines;2;INTELIGÊNCIA ARTIFICIAL NO ENSINO SUPERIOR EM ANGOLA: OPORTUNIDADES, DESAFIOS E PERSPECTIVAS PARA A TRANSFORMAÇÃO DIGITAL;"Clemente Salomão Luzolo; Salomão Pahula Achite; Odília Ndala; Eufrásio David; Venceslau Pental Jerónimo";;Revista Tópicos.;2026-09-09;article;https://doi.org/10.70773/revistatopicos/788841945;https://revistatopicos.com.br/generate/pdf_zenodo/pub_788841945.pdf;https://doi.org/10.70773/revistatopicos/788841945;OpenAlex
2;hors domaines;2;Western Writings on Ottoman Algeria: Between Historical Documentation, Ideological Bias, and Military Intelligence;;;Islamic history and literature.;2026-09-18;article;https://doi.org/10.62476/ihl43203;https://api.jomardpublishing.com/api/main/articles/download?source=storage/journals/islamic-history-and-literature/issues/pdf/2026/western-writings-on-ottoman-algeria-between-historical-documentation-ideological-bias-and-military-intelligence.pdf;https://doi.org/10.62476/ihl43203;OpenAlex
2;hors domaines;2;MICROPLÁSTICOS EM AMBIENTES MARINHOS E COSTEIROS DE ANGOLA: PRESENÇA, FONTES E IMPLICAÇÕES ECOTOXICOLÓGICAS;Jerónimo Tchipepe Adriano Lofa;;Revista Tópicos.;2026-09-19;article;https://doi.org/10.70773/revistatopicos/789763069;https://revistatopicos.com.br/generate/pdf_zenodo/pub_789763069.pdf;https://doi.org/10.70773/revistatopicos/789763069;OpenAlex
2;hors domaines;2;RURAL EXTENSION AND INNOVATION DIFFUSION FOR SUSTAINABLE DEVELOPMENT IN SEMI-ARID REGIONS: LESSONS FROM BRAZIL FOR CUNENE, ANGOLA;"Suca Francisco Pedro; Celso da Costa Carrer; Marcelo Machado de Luca de Oliveira Ribeiro";;Veredas do Direito Direito Ambiental e Desenvolvimento Sustentável;2026-09-10;article;https://doi.org/10.18623/rvd.v23.8301;https://revista.domhelder.edu.br/index.php/veredas/article/download/8301/29391;https://doi.org/10.18623/rvd.v23.8301;OpenAlex
2;hors domaines;2;AIPEX E A TRANSFORMAÇÃO DO AMBIENTE DE INVESTIMENTO EM ANGOLA: REFORMAS, OPORTUNIDADES E NOVOS HORIZONTES;Florindo Halawa Nangossali;;Revista Ibero-Americana de Humanidades, Ciências e Educação;2026-09-08;article;https://doi.org/10.51891/rease.v12i9.30105;https://periodicorease.pro.br/rease/article/download/30105/19444;https://doi.org/10.51891/rease.v12i9.30105;OpenAlex
2;hors domaines;2;Entre a conquista e a consolidação colonial: Transformações políticas, económicas e sociais em Angola (1900–1922);Eufrázio Dos Santos;;Research Society and Development;2026-09-09;article;https://doi.org/10.33448/rsd-v15i9.51659;https://rsdjournal.org/rsd/article/download/51659/40562;https://doi.org/10.33448/rsd-v15i9.51659;OpenAlex
2;hors domaines;2;PROVISIONAL AND CONSERVATORY MEASURES IN THE FIELD OF INTELLECTUAL PROPERTY A STUDY OF ALGERIAN LEGISLATION AND SELECTED ARAB LEGISLATION;Yamina Houichi;;Veredas do Direito Direito Ambiental e Desenvolvimento Sustentável;2026-09-10;article;https://doi.org/10.18623/rvd.v23.8300;https://revista.domhelder.edu.br/index.php/veredas/article/download/8300/29389;https://doi.org/10.18623/rvd.v23.8300;OpenAlex
2;hors domaines;2;A INFLUÊNCIA DA INTELIGÊNCIA ARTIFICIAL NOS SERVIÇOS DE SAÚDE EM ANGOLA: OPORTUNIDADES, DESAFIOS E PERSPECTIVAS FUTURAS;"Venâncio Capingãla Celestino; Eufrazina  Ferreira García; Luísa Domingos Miguel Pascoal; Mateus Mendes Kapango Mateus Mendes Kapango; Daniel Kamati Longuia; Sónia Maria Henriques Matias";;Revista Ibero-Americana de Humanidades, Ciências e Educação;2026-09-09;article;https://doi.org/10.51891/rease.v12i9.30125;;https://doi.org/10.51891/rease.v12i9.30125;OpenAlex
2;hors domaines;2;CAUSAS E EFEITOS DA VANDALIZAÇÃO E PILHAGEM DE 28 DE JULHO DE 2025 EM ANGOLA;Lourenço Pinto Francisco Kwenda;;Revista Contemporânea;2026-09-07;article;https://doi.org/10.56083/rcv6n8-081;https://ojs.revistacontemporanea.com/ojs/index.php/home/article/download/11020/7458;https://doi.org/10.56083/rcv6n8-081;OpenAlex
2;hors domaines;2;Do Sentir ao Servir: A Inteligência Emocional como Antecedente do Comportamento de Cidadania Organizacional em Angola;"Zacarias Samba dos Santos; João Maria Funzi Chimpolo; Osvaldo José Canjungo";;Educação & Inovação;2026-09-08;article;https://doi.org/10.64326/educao.v2i16.558;;https://doi.org/10.64326/educao.v2i16.558;OpenAlex
2;hors domaines;2;Cuidar Sem Ceder: Firmeza Ética, Cumprimento de Normas e o Mito da Liderança Bonzinha em Angola;Zacarias Samba dos Santos;;Educação & Inovação;2026-09-08;article;https://doi.org/10.64326/educao.v2i16.559;;https://doi.org/10.64326/educao.v2i16.559;OpenAlex
2;hors domaines;2;Guardiãs da Paz Social: O Contributo das Confissões Religiosas para a Consolidação da Segurança Pública em Angola;Gideão Augusto Panzo;;Educação & Inovação;2026-09-09;article;https://doi.org/10.64326/educao.v2i16.565;https://www.educacaotecnologica.com.br/index.php/ojs/article/download/565/874;https://doi.org/10.64326/educao.v2i16.565;OpenAlex
2;hors domaines;2;Integrated Social Accountability (SA) in the Accreditation Process for Medical Faculties in Algeria: From Administrative Requirement to Strategic Management;"Mohamed Ridha Guedjati; Hanene Benaldjia; Adeila Dallel Taibi; Abdesselam Hamizi";;Technium Education and Humanities;2026-09-06;article;https://doi.org/10.47577/teh.v13i.13810;;https://doi.org/10.47577/teh.v13i.13810;OpenAlex
2;hors domaines;2;POLITICA DE FORMAÇÃO INICIAL DE PROFESSOR PARA EDUCAÇÃO ESPECIAL NOS INSTITUTOS MÉDIO NORMAL DE EDUCAÇÃO NO BIÉ (ANGOLA);Viegas José;;Revista Diálogos Interdisciplinares;2026-09-21;article;https://doi.org/10.55028/yt5bbw68;https://periodicos.ufms.br/index.php/deaint/article/download/26608/17376;https://doi.org/10.55028/yt5bbw68;OpenAlex
2;hors domaines;2;INTELIGÊNCIA ARTIFICIAL COMO FERRAMENTA DE INCLUSÃO NO JORNALISMO EM ANGOLA: Modelos de Literacia Digital para uma Comunicação Inovadora;Dra. Sandra Mainsel;;REVERTE - Revista de Estudos e Reflexões Tecnológicas da FATEC Indaiatuba;2026-09-15;article;https://doi.org/10.5281/zenodo.22310233;;https://doi.org/10.5281/zenodo.22310233;OpenAlex
2;hors domaines;2;Branqueamento de capitais e crimes de colarinho branco em Angola: evidência, direito e prevenção baseada em risco;Mário Munto Ndala;;Derecho y cambio social.;2026-09-04;article;https://doi.org/10.54899/dcs.v23i94.6923;https://ojs.revistadcs.com/index.php/revista/article/download/6923/5544;https://doi.org/10.54899/dcs.v23i94.6923;OpenAlex
2;hors domaines;2;Didática Experimental das Ciências Naturais: Articulação entre Teoria e Prática na Formação Inicial de Professores em Angola;;;Directory of Open access Books (OAPEN Foundation);2026-09-13;article;;https://sophiaeditions.com/wp-content/uploads/2026/09/Ebook_978-1-968794-50-7.pdf;https://directory.doabooks.org/handle/20.500.12854/182233;OpenAlex
2;hors domaines;2;INTELIGÊNCIA ARTIFICIAL NA AUTOMAÇÃO DE PROCESSOS ADMINISTRATIVOS MUNICIPAIS: UM ESTUDO DE CASO NA ADMINISTRAÇÃO MUNICIPAL DO UÍGE, ANGOLA;Domingos Sebastião Rodrigues;;LUMEN ET VIRTUS;2026-09-08;article;https://doi.org/10.56238/levv17n64-033;https://periodicos.newsciencepubl.com/LEV/article/download/14363/15041;https://doi.org/10.56238/levv17n64-033;OpenAlex
2;hors domaines;2;Fé e Farda: O Impacto da Religiosidade na Coesão, Resiliência e Ética Institucional da Defesa Pública em Angola;Gideão Augusto Panzo;;Educação & Inovação;2026-09-09;article;https://doi.org/10.64326/educao.v2i16.564;https://www.educacaotecnologica.com.br/index.php/ojs/article/download/564/872;https://doi.org/10.64326/educao.v2i16.564;OpenAlex
2;hors domaines;2;MIGRAÇÃO FEMININA EM ANGOLA: UMA ANÁLISE PSICOSSOCIAL E INTERSECCIONAL DAS VULNERABILIDADES, AUTONOMIA E TRANSFORMAÇÃO DAS RELAÇÕES DE GÉNERO;Catarina Esmeralda Chingufo Nunda;;RECIMA21 - Revista Científica Multidisciplinar - ISSN 2675-6218;2026-09-22;article;https://doi.org/10.47820/recima21.v7i9.9094;https://recima21.com.br/recima21/article/download/9094/6040;https://doi.org/10.47820/recima21.v7i9.9094;OpenAlex
2;hors domaines;2;Da Importação de Modelos à Liderança Híbrida: A Adequação Cultural do Estilo de Liderança na Gestão de Pessoas em Angola;Zacarias Samba dos Santos;;Educação & Inovação;2026-09-08;article;https://doi.org/10.64326/educao.v2i16.555;https://www.educacaotecnologica.com.br/index.php/ojs/article/download/555/855;https://doi.org/10.64326/educao.v2i16.555;OpenAlex
2;hors domaines;2;PHYSICOCHEMICAL CHARACTERIZATION AND REGULATORY ASSESSMENT OF SEWAGE SLUDGE FROM AÏN EL BEÏDA (ALGERIA): FOCUS ON TRACE METAL ELEMENT DISTRIBUTION AND COMPLIANCE;"Borhane Gouarir; Brahim Kebabi; Hassina Bougherara";;Veredas do Direito Direito Ambiental e Desenvolvimento Sustentável;2026-09-18;article;https://doi.org/10.18623/rvd.v23.6605;https://revista.domhelder.edu.br/index.php/veredas/article/download/6605/29477;https://doi.org/10.18623/rvd.v23.6605;OpenAlex
2;hors domaines;2;Alinhamento dos instrumentos de avaliação do desempenho docente ao Regulamento Nacional de Avaliação nos ISCED em Angola: “um enquadramento conceptual”;"Petro Kapingala; Maria Domingas Muetyivila";;OUTRAS PALAVRAS;2026-09-22;article;https://doi.org/10.54899/rop.v23n2-2697;https://ojs.revistaoutraspalavras.com.br/index.php/op/article/download/2697/2064;https://doi.org/10.54899/rop.v23n2-2697;OpenAlex
2;hors domaines;2;AUDITORIA AMBIENTAL COMO FERRAMENTA DE ANÁLISE GEOGRÁFICA EM ANGOLA: EVIDÊNCIAS, DESAFIOS E PERSPECTIVAS PARA A GESTÃO AMBIENTAL E O ENSINO DA GEOGRAFIA;"Luís de Purificação Lubendo; Bernardo Hamuyela Luciano; Domingos Pedro Londaca; Paulo Alexandrino Luanda Dambuca; Yumila Fuente Rodríguez Macaia; António Simba";;Revista Acadêmica da Lusofonia.;2026-09-16;article;https://doi.org/10.69807/2966-0785.2026.399;;https://doi.org/10.69807/2966-0785.2026.399;OpenAlex
2;hors domaines;2;EXPANSÃO VERSUS QUALIDADE NO ENSINO SUPERIOR EM ÁFRICA: UMA ANÁLISE CRÍTICA DO CRESCIMENTO EM ANGOLA, CABO VERDE, ZÂMBIA, QUÉNIA E ÁFRICA DO SUL;"Cláudio Emílio Culessala; Garcia Lukombo; Paulo Vemba Nsuka; Kiss Simão Kuango Massanga";;Aracê.;2026-09-22;article;https://doi.org/10.56238/arev8n9-121;https://periodicos.newsciencepubl.com/arace/article/download/14592/15224;https://doi.org/10.56238/arev8n9-121;OpenAlex
2;hors domaines;2;GESTÃO ESTRATÉGICA DE RECURSOS HUMANOS E DESEMPENHO ORGANIZACIONAL EM ANGOLA: CAPITAL HUMANO, COMPETÊNCIAS E CONSTRUÇÃO DE AMBIENTES DE TRABALHO DE ALTO DESEMPENHO;Lourenço Pinto Francisco Kwenda;;Revista Acadêmica Online;2026-09-09;article;https://doi.org/10.36238/2359-5787.2026.v12n64.2422;https://www.revistaacademicaonline.com/index.php/rao/article/download/2422/1925;https://doi.org/10.36238/2359-5787.2026.v12n64.2422;OpenAlex
2;hors domaines;2;A PROTECÇÃO JURÍDICA DO SOLO FACE AO FENÓMENO DA DESERTIFICAÇÃO NO SUL DE ANGOLA: DESAFIOS AMBIENTAIS, RESPONSABILIDADE HUMANA E O PAPEL DO DIREITO DO AMBIENTE;"Paulo Prisco Kulivela; José André Canutula Cativa";;Aurum Revista Multidisciplinar;2026-09-09;article;https://doi.org/10.63330/armv2n8-016;https://aurumpublicacoes.com/index.php/MA/article/download/2229/2487;https://doi.org/10.63330/armv2n8-016;OpenAlex
2;hors domaines;2;Seasonal Variation in Chemical Composition and in vitro Nutrient Digestibility of Three Halophytic Shrubs (Atriplex halimus, Arthrophytum scoparium and Tamarix africana) from Arid Region of Algeria;"Fadjeria YAACOUB; Mohamed-Laid Haddi; Samira Meradi; Fakher Eddine Chekkal; Fatiha MANSOURI";;Indian Journal of Agricultural Research;2026-09-21;article;https://doi.org/10.18805/ijare.af-1080;;https://doi.org/10.18805/ijare.af-1080;OpenAlex
2;hors domaines;2;Roteiro metodológico de atividades e avaliação do estágio pedagógico: sugestão para traduzir a teoria à prática na formação inicial de professores no nível de graduação em Angola;Fernão Osório Afonso;;Revista fisio&terapia.;2026-09-22;article;https://doi.org/10.69849/zdqb4872;https://www.revistaft.com/ft/article/download/2339/6587;https://doi.org/10.69849/zdqb4872;OpenAlex
2;hors domaines;2;COMO ENSINAR FUTUROS EDUCADORES A PLANEAR A PARTIR DOS INTERESSES EMERGENTES DAS CRIANÇAS (PROJETOS) E NÃO DE FICHAS DE TRABALHO FORMATADAS: EPISTEMOLOGIAS E MODELOS DE SUPERVISÃO NAS PRÁTICAS PEDAGÓGICAS EM ANGOLA;"Massueme Sebastião Celestino; Julieta Cassova Alice Cativa";;Revista Tópicos.;2026-09-19;article;https://doi.org/10.70773/revistatopicos/789763846;https://revistatopicos.com.br/generate/pdf_zenodo/pub_789763846.pdf;https://doi.org/10.70773/revistatopicos/789763846;OpenAlex
2;hors domaines;2;Escola Portuguesa de Luanda, um resquício da (neo)colonização;Eduardo Sala;;;2026-09-14;preprint;https://doi.org/10.1590/scielopreprints.16602;https://preprints.scielo.org/index.php/scielo/preprint/download/16602/35691/36566;https://doi.org/10.1590/scielopreprints.16602;OpenAlex
2;hors domaines;2;A função do Direito Penal como proteção subsidiária de bens jurídicos fundamentais na senda de Claus Roxin: consagração na Constituição e no Código Penal Angolano;"José André Canutula Cativa; Gabriel Vicente Solambe";;Revista fisio&terapia.;2026-09-12;article;https://doi.org/10.69849/9mdwz160;https://www.revistaft.com/ft/article/download/2236/6363;https://doi.org/10.69849/9mdwz160;OpenAlex
2;hors domaines;2;The Lighter and Darker Sides of Thanks;"Soumia Mekahli; Aseel Simak Zibin";;The International Journal of Communication and Linguistic Studies;2026-09-04;article;https://doi.org/10.18848/2327-7882/cgp/a265;;https://doi.org/10.18848/2327-7882/cgp/a265;OpenAlex
2;hors domaines;2;THE EXCEPTIONAL NATURE OF THE SUBSTANTIVE PROVISIONS GOVERNING THE OFFENCE OF SMUGGLING: BETWEEN THE CUSTOMS CODE AND ORDER 05/06;Mebarki Djamel Elddine Lazreg;;Veredas do Direito Direito Ambiental e Desenvolvimento Sustentável;2026-09-23;article;https://doi.org/10.18623/rvd.v23.8439;https://revista.domhelder.edu.br/index.php/veredas/article/download/8439/29520;https://doi.org/10.18623/rvd.v23.8439;OpenAlex
2;hors domaines;2;ELECTRONIC LITIGATION UNDER THE NEWLY ENACTED PROCEDURAL LAWS;Kadi Amina;;Veredas do Direito Direito Ambiental e Desenvolvimento Sustentável;2026-09-23;article;https://doi.org/10.18623/rvd.v23.8438;https://revista.domhelder.edu.br/index.php/veredas/article/download/8438/29519;https://doi.org/10.18623/rvd.v23.8438;OpenAlex
2;hors domaines;2;Acesso aberto e dados abertos de pesquisa na formação da práxis biblioteconômica;"Fabiana de Melo Amaral Gonçalves Pinto; Ana Paula Lima dos Santos; Dayanne da Silva Prudêncio; Ruth Maria Mariani Braz; Arnaldo Faustino";;Ciência da Informação Express;2026-09-24;article;https://doi.org/10.60144/v7i.2026.207;;https://doi.org/10.60144/v7i.2026.207;OpenAlex
2;hors domaines;2;Factores críticos de insucesso no ensino do português, língua não-materna: um estudo junto dos professores do ensino primário no município do Cuvango;"Adelino Manuel Beia Tchombe; Demócrito dos Santos Chitumba; Michel Fernandes de Fátima Salazar; Justino Samanjolo Chimbua; José Paulino Mucosso; Ermelinda Nduva Cavango; Cláudio Mateus de Almeida Silvestre";;Revista fisio&terapia.;2026-09-09;article;https://doi.org/10.69849/kkqepf82;https://www.revistaft.com/ft/article/download/2203/6291;https://doi.org/10.69849/kkqepf82;OpenAlex
2;hors domaines;2;Entre o Silêncio dos Números e a Voz da Cultura: a emergência da Etnomatemática como consciência pedagógica;Ezequias Adolfo Domingas Cassela;;e-Almanaque EtnoMatemaTicas Brasis;2026-09-07;article;https://doi.org/10.64193/ealmemt-br.2026-e093026;https://etnomatematicasbrasis.org/wp-content/uploads/2026/09/entre-o-silencio-dos-numeros-e-a-voz-da-cultura-a-emergencia-da-etnomatematica-como-consciencia-pedagogica.pdf;https://doi.org/10.64193/ealmemt-br.2026-e093026;OpenAlex
2;hors domaines;2;From Malaria to Kidney Injury: Erythrogram Profiles Across the Acute Kidney Injury– Acute Kidney Disease Spectrum;"Euclides Sacomboio; Cruz S. Sebastião; Joana Morais; Eduardo Ekundi-Valentim";;Preprints.org;2026-09-11;preprint;https://doi.org/10.20944/preprints202609.0899.v1;;https://doi.org/10.20944/preprints202609.0899.v1;OpenAlex
2;hors domaines;2;Arab nationalism and historicity in the 1980s novel: Haydar Haydar’s Walīma li-aʿshāb al-baḥr and Rachid Boudjedra’s Maʿrakat al-Zuqāq;Anne-Marie McManus;;Middle Eastern Literatures;2026-09-16;article;https://doi.org/10.1080/1475262x.2026.2698213;https://www.tandfonline.com/doi/pdf/10.1080/1475262X.2026.2698213?needAccess=true;https://doi.org/10.1080/1475262x.2026.2698213;OpenAlex
2;hors domaines;2;DESAFIOS DOS PROFESSORES DE MATEMÁTICA NA IMPLEMENTAÇÃO DE TENDÊNCIAS CONTEMPORÂNEAS DE ENSINO;"Daniel Sebastião Celestino; Augusto Moura Rasga; Agostinho José Chipepe Calina; Manuel Ernesto Panzo";;Revista Ibero-Americana de Humanidades, Ciências e Educação;2026-09-24;article;https://doi.org/10.51891/rease.v12i9.30547;;https://doi.org/10.51891/rease.v12i9.30547;OpenAlex
2;hors domaines;2;Scenarios for Angola's Electricity Transition: Generation Capacity, Electricity Production, and Environmental Sustainability;"Afonso António; José De Pombo; S.J.P.S. Mariano; Rosário Calado";;Preprints.org;2026-09-14;preprint;https://doi.org/10.20944/preprints202609.0998.v1;;https://doi.org/10.20944/preprints202609.0998.v1;OpenAlex
2;hors domaines;2;Psycholinguistic Patterns of Security Narratives: International Relations Students and the Role of Pakistan Army in South Waziristan;"Muhammad Aftab Khan; Dr. Muhammad Asim";;Thoughts Review;2026-09-05;article;https://doi.org/10.68024/rtt7kv79;https://thoughtsreview.com/index.php/TR/article/download/23/36;https://doi.org/10.68024/rtt7kv79;OpenAlex
2;hors domaines;2;Inovação tecnológica e transformação digital nas instituições de ensino superior públicas de Cabinda: desafios e perspectivas para a qualidade do ensino, da investigação e da gestão universitária;Jeremias Guilherme Maria;;Revista fisio&terapia.;2026-09-21;article;https://doi.org/10.69849/kf6dk507;https://www.revistaft.com/ft/article/download/2346/6609;https://doi.org/10.69849/kf6dk507;OpenAlex
2;hors domaines;2;POMELO (CITRUS MAXIMA) PEEL IS RICH IN FLAVONOIDS/ESSENTIAL OILS AND MAKE A COMPELLING NATURAL ANTIFUNGAL AND COSMETIC APPLICATIONS: A SOURCE FOR ANTI-DANDRUFF SHAMPOO DEVELOPMENT;Akash Mumu1, Niraj Kumar2, Sonu Kumar3, Randhir Kumar Gupta4*;;European Journal Pharmaceutical and Medical Research;2026-09-10;article;https://doi.org/10.5281/zenodo.22686934;;https://doi.org/10.5281/zenodo.22686934;OpenAlex
2;hors domaines;2;Cerebral malaria with extremely low parasitaemia: rare but real.;"Catarina Rodrigues; Catarina Rodrigues; Jorge Miguel de Miguel; Sílvia Coelho";;Revista Portuguesa de Doenças Infecciosas (RPDI);2026-09-08;article;https://doi.org/10.65332/rpdi.v20.141;;https://doi.org/10.65332/rpdi.v20.141;OpenAlex
2;hors domaines;2;O CONTRIBUTO DA MEDIAÇÃO NA JUSTIÇA PENAL NEGOCIADA COMO CRITÉRIO DE RENÚCIA DOS DIREITOS E GARANTIAS FUNDAMENTAIS DO ARGUIDO;"Domingos José Barbante; Mário Joaquim";;Revista Ibero-Americana de Humanidades, Ciências e Educação;2026-09-23;article;https://doi.org/10.51891/rease.v12i9.30281;;https://doi.org/10.51891/rease.v12i9.30281;OpenAlex
2;hors domaines;2;A resistência de Mpodyongo entre os Basolongo no contexto da ocupação colonial portuguesa;"António Pedro Fernandes Maria Maria; Maria Pedro António Isabel Dias Dias";;RCMOS - Revista Científica Multidisciplinar O Saber;2026-09-21;article;https://doi.org/10.51473/rcmos.v1i2.2026.2899;https://submissoesrevistarcmos.com.br/rcmos/article/download/2899/6841;https://doi.org/10.51473/rcmos.v1i2.2026.2899;OpenAlex
2;hors domaines;2;The Role of the Oil Sector in Promoting Economic Growth in Rentier States: An Analytical Study;Marwan Haza’a;;Journal of Humanities and Social Sciences Research;2026-09-18;article;https://doi.org/10.33687/jhssr.005.04.04;https://jhssrjournal.com/index.php/journal/article/download/626/779;https://doi.org/10.33687/jhssr.005.04.04;OpenAlex
2;hors domaines;2;Feridas no Corpo de Cristo: Conflito Interno, Perseguição de Líderes e Exclusão de Membros nas Igrejas Angolanas;Gideão Augusto Panzo;;Educação & Inovação;2026-09-09;article;https://doi.org/10.64326/educao.v2i15.561;https://www.educacaotecnologica.com.br/index.php/ojs/article/download/561/866;https://doi.org/10.64326/educao.v2i15.561;OpenAlex
2;hors domaines;2;ENSINO DE COORDENADAS GEOGRÁFICAS BASEADO NO USO DO PLANO CARTESIANO E DE ÂNGULOS: LATITUDE E LONGITUDE PARA LOCALIZAR PONTOS NA TERRA;"Cristina Morais Cuquigia Maindo; Morais João Fernando; Felisberto Morais Oliveira";;Revista Ibero-Americana de Humanidades, Ciências e Educação;2026-09-23;article;https://doi.org/10.51891/rease.v12i9.30540;;https://doi.org/10.51891/rease.v12i9.30540;OpenAlex
2;hors domaines;2;TURISMO SUSTENTÁVEL E DESENVOLVIMENTO SOCIOECONÓMICO EM MOÇÂMEDES: CONTRIBUIÇÕES DA GESTÃO EMPRESARIAL E DA AUDITORIA PARA A SUSTENTABILIDADE DO SECTOR;"Augusto Ndumbo Canutula Cativa; Armando Manuel Miguel Louro";;Revista Ibero-Americana de Humanidades, Ciências e Educação;2026-09-17;article;https://doi.org/10.51891/rease.v12i9.30415;https://periodicorease.pro.br/rease/article/download/30415/19656;https://doi.org/10.51891/rease.v12i9.30415;OpenAlex
2;hors domaines;2;Beyond the Accreditation Cut-off: A Decision-Aiding Framework for Risk-Proportionate Higher Education Regulation;Amaro Segunda Ricardo;;;2026-09-18;preprint;https://doi.org/10.1590/scielopreprints.17560;;https://doi.org/10.1590/scielopreprints.17560;OpenAlex
2;hors domaines;2;BAIXO RENDIMENTO ESCOLAR NO I CICLO DO ENSINO SECUNDÁRIO, O EMPENHO DOS DOCENTES E GESTORES ESCOLARES;"Morais João Fernando; Cristina Morais Cuquigia Maindo";;Revista Ibero-Americana de Humanidades, Ciências e Educação;2026-09-23;article;https://doi.org/10.51891/rease.v12i9.30534;;https://doi.org/10.51891/rease.v12i9.30534;OpenAlex
2;hors domaines;2;O IMPACTO DA DEPRECIAÇÃO DO KWANZA NA PERSPECTIVA JURÍDICO-ECONÓMICA: ANÁLISE DO PERÍODO 2020–2025;Jerónimo Sunguahanga;;RECINTER21.;2026-09-20;article;https://doi.org/10.65060/recinter21.v3i4.104;https://recinter21.org/recinter21/article/download/104/33;https://doi.org/10.65060/recinter21.v3i4.104;OpenAlex
2;hors domaines;2;A Síndrome do Satanás nas Igrejas: Diagnóstico Bíblico dos Sinais do Adversário na Vida Eclesial Angolana;Gideão Augusto Panzo;;Educação & Inovação;2026-09-09;article;https://doi.org/10.64326/educao.v2i15.563;https://www.educacaotecnologica.com.br/index.php/ojs/article/download/563/870;https://doi.org/10.64326/educao.v2i15.563;OpenAlex
2;hors domaines;2;O USO DA MEDIAÇÃO NA RESOLUÇÃO DE CONFLITOS INTRAESCOLARES: UM ESTUDO DE CASO AO LICÉU AUGUSTO KACHTITIOPOLOLO EKUIKUI IV NO MUNICÍPIO DO BAILUNDO;"Laurindo Hilário Canganjo; Martins António da Silva; André Kalupesi Tchilulu; Guilherme Cassicala Eculica; Afonso Carlos Chikwambi; Madelon Mencari Felix; Ezequiel Casselo; Moisés Messele Cupenala; José Calando Quilenda";;Revista Ibero-Americana de Humanidades, Ciências e Educação;2026-09-21;article;https://doi.org/10.51891/rease.v12i9.30052;https://periodicorease.pro.br/rease/article/download/30052/19701;https://doi.org/10.51891/rease.v12i9.30052;OpenAlex
2;hors domaines;2;Amigo de Ninguém: Deslealdade Pastoral, Coligações de Poder e a Destruição de Legados na Igreja Angolana;Gideão Augusto Panzo;;Educação & Inovação;2026-09-09;article;https://doi.org/10.64326/educao.v2i16.562;https://www.educacaotecnologica.com.br/index.php/ojs/article/download/562/868;https://doi.org/10.64326/educao.v2i16.562;OpenAlex
2;hors domaines;2;The Sword and the Pen: How America’s Way of War Escaped Constitutional Restraint;Daryl Lee Posey;;Digital Commons (Liberty University);2026-09-17;article;;https://digitalcommons.liberty.edu/context/doctoral/article/10017/viewcontent/auto_convert.pdf;https://digitalcommons.liberty.edu/doctoral/8958;OpenAlex
2;hors domaines;2;Altérations biochimiques hépatiques chez les bovins infectés par le virus de la fièvre aphteuse dans la région de l’Oubri, Burkina Faso;"Bali Joël Wilfried Bama; Miguiri Kalandi; Daouda Ouedraogo; Ouoba, Bruno, Lalidia; Séraphine Kabore; Anitat Sanon; Souleymane Thiam; Fatou Diallo Agne";;HAL (Le Centre pour la Communication Scientifique Directe);2026-09-18;preprint;;;https://hal.science/hal-05747526;OpenAlex
2;hors domaines;2;Perceptions and Management of Dysmenorrhea Among Female Nursing Students at the University of Botswana: A Cross-Sectional Study;Amantle Gabolekwe;;Open Science Framework;2026-09-24;article;https://doi.org/10.17605/osf.io/dfpw3;;https://doi.org/10.17605/osf.io/dfpw3;OpenAlex
2;hors domaines;2;Surface and deep water geochemisty of Okavango Delta;Olivier Dauteuil;;Open Science Framework;2026-09-24;article;https://doi.org/10.17605/osf.io/axsyr;;https://doi.org/10.17605/osf.io/axsyr;OpenAlex
2;hors domaines;2;Quality Control for Assessing the Reliability of Radiometric Measurements at the Luisha Mining Site, Haut-Katanga Province, Democratic Republic of the Congo;"Jacques Nakamwambila Kiadiamuyika; Evariste Kazadi Tshiamala; Eli-Achille Manwana Mfumukani; Pierre Kambuli Kaseti";;International Journal of Innovative Science and Research Technology (IJISRT);2026-09-18;article;https://doi.org/10.38124/ijisrt/26aug1445;https://www.ijisrt.com/assets/upload/files/IJISRT26AUG1445.pdf;https://doi.org/10.38124/ijisrt/26aug1445;OpenAlex
2;hors domaines;2;Teaching English for Specific Purposes in Technical Electricity Classes: A Con-textualized Pedagogical Framework for Secondary Education in the Democratic Republic of the Congo;Ngunde Pius Canisius Kahindo;;Revue Internationale Multidisciplinaire Etincelle;2026-09-23;article;https://doi.org/10.61532/rime262186;;https://doi.org/10.61532/rime262186;OpenAlex
2;hors domaines;2;Communication is not consultation: a documentary analysis of participation depth and the architecture of community engagement during the 2026 Bundibugyo virus disease response in the Democratic Republic of the Congo;Johan G.L. Verheyden;;;2026-09-07;preprint;https://doi.org/10.31235/osf.io/at2kd_v1;;https://doi.org/10.31235/osf.io/at2kd_v1;OpenAlex
2;hors domaines;2;Health-Zone Escalation Patterns and Early-Warning Signals During the 2026 Bundibugyo Virus Disease Outbreak in the Democratic Republic of the Congo: A Retrospective Longitudinal Ecological Study;Elvis Akem Tambe;;Preprints.org;2026-09-16;preprint;https://doi.org/10.20944/preprints202609.1288.v1;;https://doi.org/10.20944/preprints202609.1288.v1;OpenAlex
2;hors domaines;2;The social production of epidemic data: response contestation, institutional disruption and surveillance observability during the 2026 Bundibugyo virus disease outbreak in the Democratic Republic of the Congo — a longitudinal documentary analysis;Johan G.L. Verheyden;;;2026-09-07;preprint;https://doi.org/10.31235/osf.io/py7z3_v1;;https://doi.org/10.31235/osf.io/py7z3_v1;OpenAlex
2;hors domaines;2;Traditional Bamileke Architecture in Western Cameroon: The Building as an Expression of Intention;Djoukwo Tsanetse Majolie Carine;;International Journal of Culture and History;2026-09-17;article;https://doi.org/10.5296/ijch.v13i2.24045;https://www.macrothink.org/journal/index.php/ijch/article/download/24045/18401;https://doi.org/10.5296/ijch.v13i2.24045;OpenAlex
2;hors domaines;2;Crimean-Congo Hemorrhagic Fever Without Hemorrhagic Manifestations: A Case Report;"Hisham Eltayeb Ahmed Elhassan; Syed Majid Hamid; Fathelrahman Ahmed";;International Journal of Recent Advances in Multidisciplinary Topics;2026-09-24;article;https://doi.org/10.65138/ijramt.2026.v7i9.3327;;https://doi.org/10.65138/ijramt.2026.v7i9.3327;OpenAlex
2;hors domaines;2;Effect of Institutional Determinants on Performance of Public Universities in Kinshasa, Democratic Republic of Congo;Christian Ntibi Mawanika;;Journal of Strategic Management;2026-09-23;article;https://doi.org/10.53819/81018102t4417;https://stratfordjournalpublishers.org/journals/index.php/journal-of-strategic-management/article/download/3000/3683;https://doi.org/10.53819/81018102t4417;OpenAlex
2;hors domaines;2;Design and Construction of a Solar-Powered Street Lighting Prototype for the University of Garoua- Cameroon Campus;"Bogwarbe Emilienne; Adamou Robert";;Engineering and Technology Journal;2026-09-10;article;https://doi.org/10.5281/zenodo.22689967;;https://doi.org/10.5281/zenodo.22689967;OpenAlex
2;hors domaines;2;Assessment of Radiation Protection Practices in Diagnostic Radiology Départements in Yaoundé, Cameroon: Compliance with National and International Standards;Kuiate David;;Journal of Family Medicine and Preventive Medicine;2026-09-18;article;https://doi.org/10.47363/jfmpm/2026(3)144;https://srcpublishers.com/family-medicine-and-preventive-m/article/download/8073/8418/29850;https://doi.org/10.47363/jfmpm/2026(3)144;OpenAlex
2;hors domaines;2;ETUDE COMPARATIVE DE LA CARACTERISATION PHYSICO-CHIMIQUE DES ARGILES (LATERITE ET ZANGA) DE LA CITE DE LUKALA/KONGO CENTRAL/REPUBLIQUE DEMOCRATIQUE DU CONGO;"NGOMBE ODIKO Christine; KABANGO MABILO Simeone; WANSENDE FIASOLUA Wafi; NONA MANI – A- VITA Emmanuel Junior; KABUIKA MUKULU Pascaline; IUNGBI SINGA Nathan; KINDELA FADJAY BANDA Jean Faustin";;Journal of Advance Research in Applied Science (ISSN 2208-2352);2026-09-05;article;https://doi.org/10.61841/nn-as-12-1-27;https://jaraps.org/index.php/AS/article/download/27/8;https://doi.org/10.61841/nn-as-12-1-27;OpenAlex
2;hors domaines;2;Archives et objets traditionnels de l’Institut des Musées nationaux du Congo : complémentarité et enjeux de conservation;Béatrice BEYA OBONGA;;Revue Congo Research Papers;2026-09-14;article;https://doi.org/10.59937/crp.igjl3211;https://congoresearchpapers.net/wp-content/uploads/2026/09/Article-7.4.8.pdf;https://doi.org/10.59937/crp.igjl3211;OpenAlex
2;hors domaines;2;Financement alternatif et résilience socio-économique dans le secteur Ruwenzori (Nord-Kivu, République démocratique du Congo) : usages, effets perçus et contraintes;Kakule Lisasi Basile;;Revue Internationale Multidisciplinaire Etincelle;2026-09-12;article;https://doi.org/10.61532/rime262161;https://www.ishango-uac.net/fichierfinal/RIME_2026_98_Basile_Manuscrit_Ruwenzori_Etincelle.pdf;https://doi.org/10.61532/rime262161;OpenAlex
2;hors domaines;2;Molecular Profile and Antiviral Resistance of Hepatitis B and Human Immunodeficiency Viruses in Patients from an Army Conflict-Affected Region, South Kivu Province, Democratic Republic of Congo;"Parvine Basimane Bisimwa; Tony Shindano Akilimali; Jean Paulin Mbo Mukonkole; Giscard Wilfried Koyaweda; Philippe Katchunga Bianga; Cadeau Mugisho Matabishi; Dieudonné Bihehe Masemo; Omari Mukanga; Patrick Bisimwa Ntegera; Narcisse Patrice Joseph Komas";;Preprints.org;2026-09-22;preprint;https://doi.org/10.20944/preprints202609.1915.v1;;https://doi.org/10.20944/preprints202609.1915.v1;OpenAlex
2;hors domaines;2;La responsabilité de protéger les populations civiles face aux conflits armés dans l’Est de la République Dmocratique du Congo (Nord-Kivu, Sud-Kivu et Ituri) : enjeux, limites et perspectives;Shindano Abdoul Karim;;Revue Congo Research Papers;2026-09-05;article;https://doi.org/10.59937/crp.htnp3064;https://congoresearchpapers.net/wp-content/uploads/2026/09/Article-7.4.2.pdf;https://doi.org/10.59937/crp.htnp3064;OpenAlex
2;hors domaines;2;Intégration des savoirs locaux en didactique du français : un regard critique sur les méthodes d’enseignement-apprentissage au Cameroun;JUSTINE FASSI SIAHEU;;;2026-09-08;article;https://doi.org/10.68181/41av8m98;https://revue-resume.ca/index.php/resume/article/download/23/18;https://doi.org/10.68181/41av8m98;OpenAlex
2;hors domaines;2;Optical contrast of conventional histological stains revealed by multimodal nonlinear microscopy;"Mykolas Mačiulis; Virginijus Barzda; Viktoras Mažeika; Martynas Riauka; Arvydas Laurinavicius; Dominyka Vienazindyte; Aida Laurinavičienė";;;2026-09-23;preprint;https://doi.org/10.1364/opticaopen.33964840.v1;;https://doi.org/10.1364/opticaopen.33964840.v1;OpenAlex
2;hors domaines;2;"""Teacher Association research"" : an innovative form of teacher-research";"Richard Smith; H. Kuchah Kuchah";;Warwick Research Archive Portal (University of Warwick);2026-09-13;article;https://doi.org/10.82444/warw.33707968;;https://wrap.warwick.ac.uk/id/eprint/75537/;OpenAlex
2;hors domaines;2;A Study on the Occurrence, Pathogenicity, Antimicrobial Resistance and Biofilm Formation of Yersinia enterocolitica Associated with Pork and Pig Slaughterhouse Environments in Puducherry;"Vishnu Priya; V.J. Ajay Kumar; V. Bhanu Rekha; A. Bhattacharya; S. Venkatesa Perumal; R Sivachandiran; J. Devadharshini";;Asian Journal of Microbiology and Biotechnology;2026-09-17;article;https://doi.org/10.56557/ajmab/2026/v11i211120;;https://doi.org/10.56557/ajmab/2026/v11i211120;OpenAlex
2;hors domaines;2;Methodological guidelines for the characterization of polysaccharide helical structures;"Yixuan Wu; Shudan Luo; Meifang Zhong; Yinle Cai; Yinshu Li; Xu Lu";;Food biomacromolecules.;2026-09-19;article;https://doi.org/10.1002/fob2.70093;;https://doi.org/10.1002/fob2.70093;OpenAlex
2;hors domaines;2;Inter-Group Conflict in the DRC: How the perception of being part of the victims vs perpetrators shape individuals’ support for retributive violence and reconciliation;"Michael Yekple; Zlatin Mitkov";;OSF Preprints (OSF Preprints);2026-09-21;preprint;;;https://osf.io/g9cj4;OpenAlex
2;hors domaines;2;X-DigCheck: Co-Evolving Application Profiles and Knowledge Graphs, Demonstrated on the RTI Documentation of Rupe Magna;"Célian Ringwald; Hüseyin Erdogan; Valentina Presutti; C. Putzolu";;arXiv (Cornell University);2026-09-07;preprint;https://doi.org/10.48550/arxiv.2609.07694;;https://doi.org/10.48550/arxiv.2609.07694;OpenAlex
2;hors domaines;2;Effect of Bio-Zinc Nanoparticles synthesized from Lawsonia inermis as Antibacterial, Antibiofilm on Multi Resistance Staphylococcus aureus;"Duha Kamel Mazhar Ali; Shaymaa Obaid Abdullah; Abdalnabi J Abid";;Bangladesh Journal of Infectious Diseases;2026-09-08;article;https://doi.org/10.3329/bjid.v13i1.90508;https://www.banglajol.info/index.php/BJID/article/download/90508/59789;https://doi.org/10.3329/bjid.v13i1.90508;OpenAlex
2;hors domaines;2;Green Infrastructure and Forest Loss in a Conflict-Affected Frontier: The Matebe Hydropower Project and the Limits of the Energy– Conservation Promise;Allamine Mahamat Moussa;;HAL (Le Centre pour la Communication Scientifique Directe);2026-09-14;preprint;https://doi.org/10.5281/zenodo.22746148;;https://hal.science/hal-05748783;OpenAlex
2;hors domaines;2;Les sociétés de frontière visibles et invisibles en RDC : Les causes profondes »;"Kambale Kighoma Bob; Kahambu Kyuma Esther";;International Journal of Advanced Academic Research;2026-09-21;article;https://doi.org/10.46654/08pa8h61;https://www.openjournals.ijaar.org/index.php/ijaar/article/download/2317/2344;https://doi.org/10.46654/08pa8h61;OpenAlex
2;hors domaines;2;Engineering phenotypic heterogeneity for functional organization in microbial populations;"Marcela Villegas-Plazas; Irene Otero‐Muras; Juan Manuel Nogales";;bioRxiv (Cold Spring Harbor Laboratory);2026-09-15;preprint;https://doi.org/10.64898/2026.09.14.751370;https://www.biorxiv.org/content/biorxiv/early/2026/09/15/2026.09.14.751370.full.pdf;https://doi.org/10.64898/2026.09.14.751370;OpenAlex
2;hors domaines;2;Activated carbon-assisted anionic dye decomposition using a dual-liquid post-double dielectric barrier discharge plasma reactor;"Krishna Vardhan M S; Surya; Mangilal Choudhary";;arXiv (Cornell University);2026-09-04;preprint;https://doi.org/10.48550/arxiv.2609.04734;https://arxiv.org/pdf/2609.04734;https://arxiv.org/abs/2609.04734;OpenAlex
2;hors domaines;2;Bacteriocin-producing Lactic Acid Bacteria from Milk Products as Potential Bio Control Agents against Biofilm-forming Meat Borne Pathogens;"Shehma Shukkoor; K. Rajeswari";;UTTAR PRADESH JOURNAL OF ZOOLOGY;2026-09-22;article;https://doi.org/10.56557/upjoz/2026/v47i185876;;https://doi.org/10.56557/upjoz/2026/v47i185876;OpenAlex
2;hors domaines;2;The Ecology, Identification and Control of Bunyaviruses from a One Health Perspective;"Daniel Desmecht; Hani Boshra";;Preprints.org;2026-09-11;preprint;https://doi.org/10.20944/preprints202609.0941.v1;;https://doi.org/10.20944/preprints202609.0941.v1;OpenAlex
2;hors domaines;2;Acute Kidney Injury in a Migrant Patient with HIV and Malaria in Poland: Diagnostic and Therapeutic Challenges in a Non-Endemic Setting;"Małgorzata Weronika Resiak; Dagny Clea Krankowska; Tomasz Mikuła; Żarnowska-Prymek Hanna; Anna Rawska; Adam Kaczmarek; Alicja Wiercińska‐Drapało";;Przeglad Epidemiologiczny;2026-09-09;article;https://doi.org/10.32394/pe/236145;https://www.przeglepidemiol.pzh.gov.pl/pdf-236145-144112?filename=Acute-Kidney-Injury-in-a-.pdf;https://doi.org/10.32394/pe/236145;OpenAlex
2;hors domaines;2;Phenotypic adaptation of clinical Pseudomonas aeruginosa to increasing ceftazidime exposure;"MAXMILLANDO RYMBAI; Vedant Vikrom Borah";;International Journal of Basic & Clinical Pharmacology;2026-09-05;article;https://doi.org/10.18203/2319-2003.ijbcp20263255;https://www.ijbcp.com/index.php/ijbcp/article/download/6458/4124;https://doi.org/10.18203/2319-2003.ijbcp20263255;OpenAlex
2;hors domaines;2;Análisis de las coloraciones citoquímicas de rutina y especiales en muestras humanas;"Dorian Darwin Vicuña-Idrovo; Matheo Efraín López-Muñoz; Darwin Gonzalo Vicuña-Vera";;MQRInvestigar;2026-09-13;article;https://doi.org/10.56048/mqr.2026.e641;;https://doi.org/10.56048/mqr.2026.e641;OpenAlex
2;hors domaines;2;COMPARATIVE BIODECOLORIZATION AND DETOXIFICATION OF SYNTHETIC DYES BY INDIGENOUS BATIK WASTEWATER BACTERIA;"Maegala Nallapan Maniyam; Kanchana Rajendran; Nazahiyah Sulaiman; Hazeeq Hazwan Azman; Hasdianty Abdullah; Nor Suhaila Yaacob";;Suranaree Journal of Science and Technology;2026-09-08;article;https://doi.org/10.55766/sujst10967;https://ph04.tci-thaijo.org/index.php/SUJST/article/download/10967/2803;https://doi.org/10.55766/sujst10967;OpenAlex
2;hors domaines;2;Small mammals, ticks, and the ecology of zoonotic diseases in a changing world;Uygar Can Çelik, Morteza Naderi, Daniela Antolová, Zuzana Hurníková, Mustafa Sözen, Maria Kazimirova, Faruk Çolak, Ortaç Çetintaş, Kürşat Kenan Kalkan, Dušan Žitňan;;Journal of wildlife and biodiversity;2026-09-05;article;https://doi.org/10.5281/zenodo.22355091;;https://doi.org/10.5281/zenodo.22355091;OpenAlex
2;hors domaines;2;Communication d’entreprise dans les sociétés de télécommunication à Beni : analyse comparative des pratiques internes et externes d’Airtel, Vodacom et Orange;Kapalata January-Mwangaza Mumbere;;Revue Internationale Multidisciplinaire Etincelle;2026-09-18;article;https://doi.org/10.61532/rime262183;https://www.ishango-uac.net/fichierfinal/RIME_2026_125_Article_Communication_Telecom_Beni_Etincelle.pdf;https://doi.org/10.61532/rime262183;OpenAlex
2;hors domaines;2;ANALYSE DES PARAMETRES DES PRODUCTIVITES DE LA MINE SOUTERRAINE DE KAMOA ONE;Dr. Pacifique Mwikie Mpapa;;EducJournal of Global Research & Real-World Impact;2026-09-09;article;https://doi.org/10.67397/ejgri.v2i3.53;https://educjournal.com/index.php/EJGRI/article/download/53/50;https://doi.org/10.67397/ejgri.v2i3.53;OpenAlex
2;hors domaines;2;Hantaan virus polymerase has an in vitro Terminal Nucleotidyl Transferase activity that is conserved across the Bunyaviricetes class;"Sergio Barata-García; Quentin Durieux Trouilleton; Claire Debarnot; Hélène Malet; Juan Reguera";;bioRxiv (Cold Spring Harbor Laboratory);2026-09-18;preprint;https://doi.org/10.64898/2026.09.16.751791;https://www.biorxiv.org/content/biorxiv/early/2026/09/18/2026.09.16.751791.full.pdf;https://doi.org/10.64898/2026.09.16.751791;OpenAlex
2;hors domaines;2;Perception de l’influence du management participatif dans la résolution des conflits entre enseignants et chefs d’établissements des écoles secondaires de la CBCA en ville de Beni, Nord-Kivu, RDC;Kambale Mulenda Boaz;;Revue Internationale Multidisciplinaire Etincelle;2026-09-12;article;https://doi.org/10.61532/rime262158;https://www.ishango-uac.net/fichierfinal/RIME_2026_105_Mulenda_management_Etincelle.pdf;https://doi.org/10.61532/rime262158;OpenAlex
2;hors domaines;2;BIOFILM PRODUCTION AND ITS CORRELATION WITH ANTIBIOTIC RESISTANCE IN COAGULASE-NEGATIVE STAPHYLOCOCCI ISOLATED FROM A TERTIARY CARE HOSPITAL IN EASTERN INDIA;"Smriti Nidhi; Dipmala Das; Ashok Prasad";;Advances in Clinical Medical Research;2026-09-12;article;https://doi.org/10.5281/zenodo.22726539;;https://doi.org/10.5281/zenodo.22726539;OpenAlex
2;hors domaines;2;Iron Age Trade in Bronze Age Scarabs at el-Ahwat, Israel;"Shirly Ben‐Dor Evian; Shay Bar; Harel Shochat; Tzilla Eshel";;Palestine Exploration Quarterly;2026-09-24;article;https://doi.org/10.1080/00310328.2026.2716946;;https://doi.org/10.1080/00310328.2026.2716946;OpenAlex
2;hors domaines;2;Cross-Contextualizing the Histories and Politics of Environmental Proxies;"Anna Simon‐Stickley; A. Urry";;The Historical Journal;2026-09-21;article;https://doi.org/10.1017/s0018246x26101824;https://www.cambridge.org/core/services/aop-cambridge-core/content/view/3C8B127342F06472C9F0EAFC228ACA13/S0018246X26101824a.pdf/div-class-title-cross-contextualizing-the-histories-and-politics-of-environmental-proxies-div.pdf;https://doi.org/10.1017/s0018246x26101824;OpenAlex
2;hors domaines;2;Early Greek Perceptions of Jews in Context;Miriam Pucci Ben Zeev;;Journal of ancient Judaism;2026-09-23;article;https://doi.org/10.30965/21967954-bja10099;;https://doi.org/10.30965/21967954-bja10099;OpenAlex
2;hors domaines;2;Roman history;Federico Santangelo;;Greece and Rome;2026-09-21;article;https://doi.org/10.1017/s0017383526100825;https://www.cambridge.org/core/services/aop-cambridge-core/content/view/72833F9FE811612AF6A3FC707B5AB473/S0017383526100825a.pdf/div-class-title-roman-history-div.pdf;https://doi.org/10.1017/s0017383526100825;OpenAlex
2;hors domaines;2;The Plagues Account in Psalm 105 and Wisdom of Solomon 11–19;Zara Zhang;;Vetus Testamentum;2026-09-23;article;https://doi.org/10.1163/15685330-bja10263;;https://doi.org/10.1163/15685330-bja10263;OpenAlex
2;hors domaines;2;Scouting for God: Metaphysics and Masculinity in the Muslim Brotherhood’s Jawwala Program, 1933–1948;Arthur Shiwa Zárate;;International Journal Middle East Studies;2026-09-23;article;https://doi.org/10.1017/s0020743826101767;https://www.cambridge.org/core/services/aop-cambridge-core/content/view/18EF8697DE31A0BFAB09C9C911649889/S0020743826101767a.pdf/div-class-title-scouting-for-god-metaphysics-and-masculinity-in-the-muslim-brotherhood-s-em-class-italic-jawwala-em-program-1933-1948-div.pdf;https://doi.org/10.1017/s0020743826101767;OpenAlex
2;hors domaines;2;Volatile and phenolic characterization of Cassia angustifolia with antioxidant and antimicrobial evaluation;"Ümmügülsüm Tükenmez Emre; Muhammed Güngören; Mustafa Yunus EMRE";;International Journal of Agriculture Environment and Food Sciences;2026-09-24;article;https://doi.org/10.31015/jaefs.2026.3.25;;https://doi.org/10.31015/jaefs.2026.3.25;OpenAlex
2;hors domaines;2;Comparison Between Foley's Catheter and Embryo Transfer Catheter in Sonohysterosalpingography (Sono-HSG) With Foam Instillation (Hyfosy) — A Comparison of Catheter Insertion Time And Procedure Duration;"Mahmoud Ismail Mahmoud Youssef; Maha Muhammed Mosaad; Dina Latif Hatem; Bassiouny Muhammed Bassiouny; Mona Muhammed Sediek";;Adolescencia e Saude;2026-09-23;article;https://doi.org/10.67440/ahj.vi.2271;;https://doi.org/10.67440/ahj.vi.2271;OpenAlex
2;hors domaines;2;Sub-acute toxic effects of thiamethoxam on the pancreas and testes of adult male albino rats and the possible protective role of Coenzyme Q10;Federal Institute for Risk Assessment;;Bundesinstitut für Risikobewertung Fachgruppe ZEBET - Datenbank und Informationsbeschaffung Abteilung Experimentelle Toxikologie und ZEBET;2026-09-10;article;https://doi.org/10.17590/asr.0000457;;https://doi.org/10.17590/asr.0000457;OpenAlex
2;hors domaines;2;Effect of Salary, Career Stagnation, and Work Environment on Staff Turnover Intentions in Non-Governmental Organizations (NGOs) in Peshawar, Khyber Pakhtunkhwa;"Zonia Shah; Sahar Saleem; Amjad Amin";;Journal of Business Insight and Innovation;2026-09-09;article;https://doi.org/10.63544/jbii.v5i9.202;https://insightfuljournals.com/index.php/JBII/article/download/202/338;https://doi.org/10.63544/jbii.v5i9.202;OpenAlex
2;hors domaines;2;Digital Policy in Mali: A Systematic Review on Integration of ICT for the Basic Education System;"Kante Drissa; Zhanjun Wang; Daniel Terver Akpaasou; Egbosimba Chinazom Irene; Amir Mahmood";;International journal of sustainable rural development.;2026-09-24;article;https://doi.org/10.54536/ijsrd.v3i1.8456;;https://doi.org/10.54536/ijsrd.v3i1.8456;OpenAlex
2;hors domaines;2;Barriers to Sexual and Reproductive Health (SRH) After the Age of 40 Among Clients of the Family Planning (FP) Unit at the Commune VI Referral Health Center (Bamako District), Republic of Mali: An Analysis of Associated Factors;;;Journal of Chemical Biological and Physical Sciences;2026-09-24;article;https://doi.org/10.24214/jcbps.b.16.4.73455;https://doi.org/10.24214/jcbps.b.16.4.73455;https://doi.org/10.24214/jcbps.b.16.4.73455;OpenAlex
2;hors domaines;2;Freins à la santé sexuelle et reproductive (SSR) après 40 ans chez les clientes de l’unité de planification familiale (PF) du Centre de Santé de Référence de la Commune VI (District de Bamako) en république du Mali : analyse des facteurs associés;;;Journal of Chemical Biological and Physical Sciences;2026-09-24;article;https://doi.org/10.24214/jcbps.b.16.4.75680;https://doi.org/10.24214/jcbps.b.16.4.75680;https://doi.org/10.24214/jcbps.b.16.4.75680;OpenAlex
2;hors domaines;2;TOKENIZATION AS A TOOL FOR THE INSTITUTIONAL SAFEGUARDING OF CULTURAL HERITAGE AUTHENTICITY IN THE DIGITAL AGE;Равшан Равшанович Идрисов;;Труды по Интеллектуальной Собственности;2026-09-07;article;https://doi.org/10.17323/tis.2026.42532;;https://doi.org/10.17323/tis.2026.42532;OpenAlex
2;hors domaines;2;Importance of Alkaloids in Medicinal Chemistry;M. Khirwar;;International Journal of Innovative Research in Engineering & Multidisciplinary Physical Sciences;2026-09-23;article;https://doi.org/10.37082/ijirmps.v14.i5.233222;https://www.ijirmps.org/papers/2026/5/233222.pdf;https://doi.org/10.37082/ijirmps.v14.i5.233222;OpenAlex
2;hors domaines;2;Does exposure to information on ethnic minorities’ greater welfare dependency affect attitudes to welfare and welfare recipients? A pre-registered, population-based survey experiment;"Thijs Lindner; Willem de Koster; Jeroen van der Waal";;;2026-09-24;preprint;https://doi.org/10.31235/osf.io/6r32b_v4;;https://doi.org/10.31235/osf.io/6r32b_v4;OpenAlex
2;hors domaines;2;LightMIS: Ultra-Lightweight Medical Image Segmentation Without a Stage-Wise Decoder;"Andrei Arhire; Mihaela-Elena Breaban; Radu Timofte";;arXiv (Cornell University);2026-09-23;preprint;https://doi.org/10.48550/arxiv.2609.28327;;https://doi.org/10.48550/arxiv.2609.28327;OpenAlex
2;hors domaines;2;Adoption of Seed Management Practices and Its Impact on Wheat Productivity: Evidence from Punjab, Pakistan;"Hafeeza Noor; Adnan Adeel; Yawar Abbas; Hammad Badar; Abdul Ghafoor";;Journal of Business Insight and Innovation;2026-09-11;article;https://doi.org/10.63544/jbii.v5i9.205;https://insightfuljournals.com/index.php/JBII/article/download/205/351;https://doi.org/10.63544/jbii.v5i9.205;OpenAlex
2;hors domaines;2;A QUALITATIVE RISK ASSESSMENT OF FOOT AND MOUTH DISEASE (FMD) ON SMALLHOLDER LIVESTOCK FARMING IN SIERRA LEONE, THE CASE OF SIX (6) DISTRICTS IN THE NORTHERN AND EASTERN SIERRA LEONE;"Sheka Ramadan Bangura; Maurice Baimba Kargbo";;GSC Advanced Research and Reviews;2026-09-23;article;https://doi.org/10.30574/gscarr.2026.28.3.0243;https://gscarr.gsconlinepress.com/sites/default/files/fulltext_pdf/GSCARR-2026-0243.pdf;https://doi.org/10.30574/gscarr.2026.28.3.0243;OpenAlex
2;hors domaines;2;Towards Accessible Smallholder Crop Classification in the Groundnut Basin of Senegal;"Madeline Lisaius; Srinivasan Keshav; Andrew Blake; Clement Atzberger";;Apollo (University of Cambridge);2026-09-22;article;https://doi.org/10.17863/cam.134621;;https://www.repository.cam.ac.uk/handle/1810/408471;OpenAlex
2;hors domaines;2;International trade and economic growth in Somalia: An empirical analysis using time series data, VECM and ARIMA models;"Indiael Daniel Kaaya; Liban Abdullahi Warsame";;African Quarterly Social Science Review;2026-09-04;article;https://doi.org/10.51867/aqssr.3.3.61;https://quarterlyreview.net/ojs/index.php/aqssr/article/download/641/367;https://doi.org/10.51867/aqssr.3.3.61;OpenAlex
2;hors domaines;2;Estimation of potential evapotranspiration using Thornthwaite method: Application to Kolda agricultural watershed;;;Journal of Chemical Biological and Physical Sciences;2026-09-24;article;https://doi.org/10.24214/jcbps.d.16.4.60119;https://doi.org/10.24214/jcbps.d.16.4.60119;https://doi.org/10.24214/jcbps.d.16.4.60119;OpenAlex
2;hors domaines;2;Formal Education and the Transformation of Street Children (Aguu) in Northern Uganda;"Michael Oringa; Elizabeth Nduku; Marcella Momanyi";;International Journal of Education Foundations;2026-09-24;article;https://doi.org/10.33687/ijef.003.04.00167;;https://doi.org/10.33687/ijef.003.04.00167;OpenAlex
2;hors domaines;2;Diagnosis of climate condition variations and their socio-environmental impacts in the Ogou prefecture (Southeast of the Plateaux Region - Togo);;;Journal of Chemical Biological and Physical Sciences;2026-09-24;article;https://doi.org/10.24214/jcbps.d.16.4.68398;https://doi.org/10.24214/jcbps.d.16.4.68398;https://doi.org/10.24214/jcbps.d.16.4.68398;OpenAlex
2;hors domaines;2;Teacher Attitudes toward Grading Practices and Anti Discrimination in Public Secondary Schools in Temeke Municipality Tanzania;"Juma Orenda; Ategwu Patrick Ogar; Bago Adam";;International Journal of Education Foundations;2026-09-24;article;https://doi.org/10.33687/ijef.003.04.00165;;https://doi.org/10.33687/ijef.003.04.00165;OpenAlex
2;hors domaines;2;Influence of Head of Schools in Coordinating Educational Stakeholders for the Implementation of Comprehensive Sexuality Education in Public Secondary Schools in Tunduru District, Tanzania;"Veronica Timalias; Catherine Muteti; Emmanuel Kileo";;International Journal of Innovative Science and Research Technology (IJISRT);2026-09-24;article;https://doi.org/10.38124/ijisrt/26sep744;;https://doi.org/10.38124/ijisrt/26sep744;OpenAlex
2;hors domaines;2;Leveraging ICT for Income Diversification in Rural Saccos: Case Study of Rido Co-Operative Savings and Credit Society Ltd, Kakumiro District, Uganda;"Johnbosco Ngabirano; Joshua Alinitwe; Abubaker Birungi; Job Matovu";;Journal of Economics Finance and Management Studies;2026-09-24;article;https://doi.org/10.5281/zenodo.22937346;;https://doi.org/10.5281/zenodo.22937346;OpenAlex
2;hors domaines;2;Impacts of Vulnerabilities in Artisanal Marine Fisheries on Fishing Activities Along the Togolese Coast;"Tchaa Eli Baba; Koku-Azonko Fiagan";;Preprints.org;2026-09-23;preprint;https://doi.org/10.20944/preprints202609.2054.v1;;https://doi.org/10.20944/preprints202609.2054.v1;OpenAlex
2;hors domaines;2;Modeling Temporal Data: A Comparison Between Time Series Methods and the Poisson Process;Ashraf Hassan Idris Brama;;International Journal of Science and Research (IJSR);2026-09-24;article;https://doi.org/10.21275/sr26908170723;;https://doi.org/10.21275/sr26908170723;OpenAlex
2;hors domaines;2;Symbolism in Stone: Creators, Meanings and Social Memory of Public Monuments in Kisoro Municipality;"Bosco Mubangizi; Dr. William Kayamba -";;International Journal of Innovative Science and Research Technology (IJISRT);2026-09-23;article;https://doi.org/10.38124/ijisrt/26sep496;;https://doi.org/10.38124/ijisrt/26sep496;OpenAlex
2;hors domaines;2;Duplex CRISPR-Cas12/13 Based Detection of Schistosoma and Hookworm Coinfection;"Skye R. MacGregor; Thomas G. Egwang; Moses Adriko; Paul Giacomin; Pengfei Cai; Catherine A. Gordon; Malcolm K. Jones; Hong You";;Preprints.org;2026-09-24;preprint;https://doi.org/10.20944/preprints202609.2103.v1;;https://doi.org/10.20944/preprints202609.2103.v1;OpenAlex
2;hors domaines;2;Tekir Balığı (Mullus surmuletus) Avcılığında Kullanılan İp Sade Uzatma Ağlarının Bazı Balık Türleri üzerine Boy Seçiciliği: Çanakkale, Türkiye Örneği;"Oğuzhan Ayaz; Uğur Altınağaç; Adnan Ayaz";;Journal of Anatolian Environmental and Animal Sciences;2026-09-23;article;https://doi.org/10.35229/jaes.1966502;https://dergipark.org.tr/tr/download/article-file/6088292;https://doi.org/10.35229/jaes.1966502;OpenAlex
2;hors domaines;2;Removing an S-layer enables endolysin-derived probes to detect Paenibacillus thiaminolyticus in mixed bacterial populations;"Sarah K. Szwed; Danielle M. McGrath; Morgan C Serbagi; Chad W. Euler; Joseph Nathaniel Paulson; Sarah U. Morton; Jessica E. Ericson; Marwan Osman; James Riley Broach; Steven J. Schiff; Vincent A. Fischetti; Edmondo Campisi";;bioRxiv (Cold Spring Harbor Laboratory);2026-09-24;preprint;https://doi.org/10.64898/2026.09.23.753664;;https://doi.org/10.64898/2026.09.23.753664;OpenAlex
2;hors domaines;1;Adult Cerebral Malaria in a Malaria-Endemic Region in Sub-Saharan Africa: A Case Report;"Lere P. Oluwadare; Olanrewaju A. Ajayi; Christian E. Amiwero; Nnamdi O. Agoh; Adeola S. Ajoba; Modupe S. Stephens; Odutola I. Odetunde";;INRIA a CCSD electronic archive server;2026-09-05;article;;;https://hal.science/hal-05741685;OpenAlex
2;hors domaines;1;Effects of Agricultural Financing on Food Production in West African Economic and Monetary Union Countries;Ouedraogo Nosseyemba Somba Benjamin Sanon Monsi;;Natural Resources for Human Health;2026-09-04;article;https://doi.org/10.53365/nrfhh.1173;;https://doi.org/10.53365/nrfhh.1173;OpenAlex
2;hors domaines;1;Black Liverpool: ‘The real thing’. West African, West Indian and Afro-American culture at the end of the twentieth century;John Belchem;;Immigrants & Minorities;2026-09-17;article;https://doi.org/10.1080/02619288.2026.2734374;;https://doi.org/10.1080/02619288.2026.2734374;OpenAlex
2;hors domaines;1;A Public Missiological Reflection on Intercession in African Pentecostalism;Mookgo Solomon Kgatle;;International Journal of Public Theology;2026-09-08;article;https://doi.org/10.1163/15697320-bja10009;;https://doi.org/10.1163/15697320-bja10009;OpenAlex
2;hors domaines;1;The Sphinx’s Solutions: Edward Wilmot Blyden, Orientalism, and the Regeneration of Africa;Tomi Onabanjo;;History in Africa;2026-09-17;article;https://doi.org/10.1017/hia.2026.10023;;https://doi.org/10.1017/hia.2026.10023;OpenAlex
2;hors domaines;1;The kids aren’t alright: homosexual and transgender child narratives in francophone African novels;Atim Mackin;;Contemporary French Civilization;2026-09-19;article;https://doi.org/10.3828/cfc.2026.21;;https://doi.org/10.3828/cfc.2026.21;OpenAlex
2;hors domaines;1;Death, life, and colonial disruption: analysing necropolitics and brutalism from an African perspective;Gabriel O. Apata;;Global South Literary Studies;2026-09-09;article;https://doi.org/10.1080/30684781.2026.2727361;;https://doi.org/10.1080/30684781.2026.2727361;OpenAlex
2;hors domaines;1;India’s digital public infrastructure diplomacy in Africa: Development goals, co-creation and structural frictions;"Ankita Dutta; Obja Borah Hazarika; Rimon Bhuyan Gogoi";;South African Journal of International Affairs;2026-09-13;article;https://doi.org/10.1080/10220461.2026.2731646;;https://doi.org/10.1080/10220461.2026.2731646;OpenAlex
2;hors domaines;1;An activity-based costing analysis of the Continental Listing Pilot Study: lessons for the operationalisation of the African Medicines Agency;"Alex Juma Ismail; Maxine J. Turner; Stephanie Leigh‐de Rapper; Stuart Walker; Nthabiseng Moiloa; Delese Mimi Darko; Washington Samukange; Victoria-Alicia Gold; Sam Salek";;;2026-09-10;preprint;https://doi.org/10.22541/authorea.15008670/v1;;https://doi.org/10.22541/authorea.15008670/v1;OpenAlex
2;hors domaines;1;Judgment on the Appeal of Mr Edmond Beina against the Decision of Pre-Trial Chamber Entitled “Decision on the Central African Republic’s Challenge to the Admissibility of the case against Edmond Beina” (Int’l Crim. Ct. Appeals Chamber);Andrew Boyle;;International Legal Materials;2026-09-23;article;https://doi.org/10.1017/ilm.2026.10167;;https://doi.org/10.1017/ilm.2026.10167;OpenAlex
2;hors domaines;1;Three Essays in Digital Development;Hossein Tohidimehr;;Graduate Institute Geneva Institutional Repository (Graduate Institute of International and Development Studies);2026-09-17;article;;;http://repository.graduateinstitute.ch/record/322193;OpenAlex
2;hors domaines;1;Ocean exposure associated with recurrent trait shifts along a precocial-altricial analogue axis;"Tim R. McClanahan; Jesse Kiprono Kosgei";;;2026-09-23;preprint;https://doi.org/10.22541/authorea.15009328/v1;;https://doi.org/10.22541/authorea.15009328/v1;OpenAlex
2;hors domaines;1;Asthenospheric Circulation at the Thermodynamic Limit: The Characteristic Timescale of Plate Tectonics;Zhiguo Zhang;;;2026-09-16;preprint;https://doi.org/10.22541/essoar.15008921/v1;;https://doi.org/10.22541/essoar.15008921/v1;OpenAlex
2;hors domaines;1;Two Streams, Two Logics;"Ewa Cieślik; Anna Zamojska";;Africa Review;2026-09-10;article;https://doi.org/10.1163/09744061-bja10380;;https://doi.org/10.1163/09744061-bja10380;OpenAlex
2;hors domaines;1;A Multi-State Non-Homogeneous Semi-Markov Model with Application to HIV/AIDS Disease Progression;"A. U. Kinafa; A.A. Kwami; M. H. Alhajiyel";;Mikailalsys Journal of Mathematics and Statistics;2026-09-15;article;https://doi.org/10.58578/mjms.v4i3.9910;;https://doi.org/10.58578/mjms.v4i3.9910;OpenAlex
2;hors domaines;1;Visiting Chiefs of Empire: Aristocratic Personage and Colonial Indignities in Britain;Oluwatoyin Babatunde Oduntan;;The Journal of Imperial & Commonwealth History;2026-09-24;article;https://doi.org/10.1080/03086534.2026.2726922;;https://doi.org/10.1080/03086534.2026.2726922;OpenAlex
2;hors domaines;1;Pluralising Health Practices in Zimbabwe;Bernard Pindukai Humbe;;Journal of Religion in Africa;2026-09-24;article;https://doi.org/10.1163/15700666-bja10163;;https://doi.org/10.1163/15700666-bja10163;OpenAlex
2;hors domaines;1;Orientalist Recursions;Stefan Maneval;;Journal of Middle East Women s Studies;2026-09-08;article;https://doi.org/10.1215/15525864-12613157;;https://doi.org/10.1215/15525864-12613157;OpenAlex
2;hors domaines;1;The malleability of photography in Maison Bonfils’ Souvenirs d’Orient;Carine Chelhot Lemyre;;Studies in Travel Writing;2026-09-14;article;https://doi.org/10.1080/13645145.2026.2722663;;https://doi.org/10.1080/13645145.2026.2722663;OpenAlex
2;hors domaines;1;Postmemorial and the Agony of Remembrance: Intersections of War Memories and Psychosis in Biyi Bandele’s Burma Boy;Stephen Ese Kekeghe;;Memory studies review.;2026-09-06;article;https://doi.org/10.1163/29498902-bja00005;;https://doi.org/10.1163/29498902-bja00005;OpenAlex
2;hors domaines;1;Global prevalence and patterns of reproductive tract disorders in female camels: a meta-analysis;Amine Abdelli;;OSF Preprints (OSF Preprints);2026-09-13;preprint;;;https://osf.io/29g6q;OpenAlex
2;hors domaines;1;Investor-State Dispute Settlement and its Content in Bilateral Investment Treaties: An Assessment;"Vijay Prasad Jayshwal; Basanta Acharya";;Tribhuvan University Law Journal;2026-09-17;article;https://doi.org/10.3126/tulj.v2i01.93230;;https://doi.org/10.3126/tulj.v2i01.93230;OpenAlex
2;hors domaines;1;Structure and Associations of Potentially Traumatic Events and Post-Traumatic Stress Disorder Symptoms in Clinical Populations from Kenya and Uganda;"Daniel Bustamante; Woohyung Lee; Kristina J. Korte; Anne Stevenson; Manasi Sharma; Joseph Kyebuzibwa; Stella Gichuru; Fredrick Ochieng; Linnet Ongeri; Shaili C. Jha; Rocky E. Stroud; Alicia R. Martin; Karestan Chase Koenen; Dickens Akena; Lukoye Atwoli";;;2026-09-24;preprint;https://doi.org/10.31234/osf.io/j78px_v1;;https://doi.org/10.31234/osf.io/j78px_v1;OpenAlex
2;hors domaines;1;UConn Abrahamic Programs: 10 Years On;"Sercan Canbolat; Daniel Weiner";;Contemporary Review of the Middle East;2026-09-22;article;https://doi.org/10.1177/23477989261485686;;https://doi.org/10.1177/23477989261485686;OpenAlex
2;hors domaines;1;Leapfrogging the Industrial Sequence: Africa’s Digital First Development Path and the Elimination of Institutional Entropy;Temesgen Muleta-Erena;;OSF Preprints (OSF Preprints);2026-09-11;preprint;;;https://osf.io/ecsjk;OpenAlex
2;hors domaines;1;Winners and Losers: How Stratospheric Aerosol Injection Reshapes Hydroclimate Whiplash Risk;"Leyuan Zhang; Danielle Touma";;;2026-09-22;preprint;https://doi.org/10.22541/essoar.15009302/v1;;https://doi.org/10.22541/essoar.15009302/v1;OpenAlex
2;hors domaines;1;Post-outbreak surveillance reveals contrasting circulation dynamics of West Nile, Usutu and Bagaza viruses in southern Portugal, 2021 - 2023;"Catarina Gonçalves; David Gonçalves; Luís Henrique Mendes da Silva; Francisco Rubio Llorente; Alberto Moraga‐Fernández; Marinela Contreras; Tatiana Silva; Tereza Almeida; Catarina Pinho; Sara Minayo-Martín; Victor Valencia; Manuella Fasanelo; Ana M. Lopes; Joana Abrantes; Gonçalo de Mello; João Basso Costa; Paulo C. Alves; Elisa Pérez‐Ramírez; David Roiz; Miguel Ángel Jiménez‐Clavero; Úrsula Höfle; João Queirós";;bioRxiv (Cold Spring Harbor Laboratory);2026-09-24;preprint;https://doi.org/10.64898/2026.09.21.752589;;https://doi.org/10.64898/2026.09.21.752589;OpenAlex
2;hors domaines;1;Perspectives of Global Health Professionals on Implementing Large Language Models: Opportunities, Challenges, and Accountability (Preprint);"Aradhana Thapa; S Manvi; Azra Ismail";;;2026-09-18;preprint;https://doi.org/10.2196/preprints.112337;;https://doi.org/10.2196/preprints.112337;OpenAlex
2;hors domaines;1;Population-Aware Artificial Intelligence for Multi-Ethnic Genomic Prediction of Alzheimer’s Disease and Dementia;Shafee Ur Rehman;;Current advances in medicine.;2026-09-14;article;https://doi.org/10.2174/0129496632498193260904114017;;https://doi.org/10.2174/0129496632498193260904114017;OpenAlex
2;hors domaines;1;Exclusion and Symbolic Ambiguity of Women in Traditional Indigenous Ceremonies: Case Studies from Veracruz and Yucatán, Mexico;Arianna Re;;Latin American Perspectives;2026-09-24;article;https://doi.org/10.1177/0094582x261483571;;https://doi.org/10.1177/0094582x261483571;OpenAlex
2;hors domaines;1;Prescription of Native Vitamin D in Patients on Peritoneal Dialysis: A Prospective Single-Center Study from Algeria;"Ghalia KHELLAF; Mohamed Benabadji; Ali Benziane";;HAL (Le Centre pour la Communication Scientifique Directe);2026-09-23;article;https://doi.org/10.59324/ejmhr.2026.4(5).30;;https://hal.science/hal-05761721;OpenAlex
2;hors domaines;1;Comparative legal analysis of territorial and agricultural zoning in the Russian Federation and Cameroon;"Galina Efimova; Daria Turkovskaya; Kelvin Agborneke";;Mezhdunarodnyi sel skokhozyaistvennyi zhurnal;2026-09-15;article;https://doi.org/10.55186/25876740_2026_69_5_622;;https://doi.org/10.55186/25876740_2026_69_5_622;OpenAlex
2;hors domaines;1;External Factors and Performance of Public Universities in Kinshasa, Democratic Republic of Congo;Christian Ntibi Mawanika;;Journal of Education;2026-09-24;article;https://doi.org/10.53819/81018102t4420;;https://doi.org/10.53819/81018102t4420;OpenAlex
2;hors domaines;1;Enhancing shielding designs in medical radiography services in Cameroon using PHITS Monte Carlo Simulations;"F. Mbozeko Mouongue; J. F. BEYALA ATEBA; C.J. Guembou Shouop; B. Mvogo Aloa; P.H. Ekobena Fouda";;Springer Link (Chiba Institute of Technology);2026-09-15;article;https://doi.org/10.1051/radiopro/2026002/pdf;;https://www.radioprotection.org/10.1051/radiopro/2026002/pdf;OpenAlex
2;hors domaines;1;Inflorescence attractivity and dynamics of emergence of;"Christophe Petit; Albert Flori; Emilienne Ngo Mboua; Samuel Efemba; Huguette Meyobeme; Brigitte Frérot; Laurence Beaudoin‐Ollivier";;Springer Link (Chiba Institute of Technology);2026-09-22;article;https://doi.org/10.1051/ocl/2026021/pdf;;https://www.ocl-journal.org/10.1051/ocl/2026021/pdf;OpenAlex
2;hors domaines;1;Samarians in Egypt ca. 300 BCE and the Origins of Papyrus Amherst 63;Łukasz Niesiołowski‐Spanò;;Journal for the Study of Judaism;2026-09-23;article;https://doi.org/10.1163/15700631-bja10125;;https://doi.org/10.1163/15700631-bja10125;OpenAlex
2;hors domaines;1;ROLES OF COMMUNITY PHARMACISTS IN IMPROVING THERAPEUTIC ADHERENCE AMONG ADULTS WITH DIABETES: A CROSS-SECTIONAL STUDY IN THE KHÉNIFRA REGION, MOROCCO;"Tarik CHMITAH; Abdelilah AARIM; M. Sehhar; Salaheddine SOLTANI; Amine EL MATHARI; K. Sbai Idrissi; Jalal Kasouati; Larbi EL BOUAITI";;World Journal of Advanced Research and Reviews;2026-09-25;article;https://doi.org/10.30574/wjarr.2026.31.3.2462;;https://doi.org/10.30574/wjarr.2026.31.3.2462;OpenAlex
2;hors domaines;1;HUMAN PAPILLOMAVIRUS GENOTYPE DISTRIBUTION AMONG ADULT WOMEN IN THE RABAT REGION (MOROCCO): A RETROSPECTIVE AND ANALYTICAL STUDY WITH IMPLICATIONS FOR HPV VACCINATION STRATEGIES.;"Mohamed Rida Tagajdid; Sanae Azelmat; Hamza Goura; Mohamed Rida Znady; Diyae Mansouri; Rachid Abi; Hicham Elannaz; Safae Elkochri; Abdelilah Laraqui; Larbi Bouaiti; Fatima Elmengoub; Mohamed Ait Bouhou; Khalid Ennibi; Jaouad Kouach; Idriss Amine Lahlou";;PubMed;2026-09-23;article;https://doi.org/10.1159/int/adgag002;;https://pubmed.ncbi.nlm.nih.gov/42776921;OpenAlex
2;hors domaines;1;YUAN HANEDANI DÖNEMİ ENFLASYON VE ÇÖZÜM ARAYIŞLARI;Derya Coşkun;;Türk tarihi araştırmaları dergisi;2026-09-24;article;https://doi.org/10.56252/turktarars.1935892;;https://doi.org/10.56252/turktarars.1935892;OpenAlex
2;hors domaines;1;L’impact de l’usage des contes sur le niveau linguistique en français : Étude longitudinale au sein d’un collège pionnier au Maroc (Approche TaRL);BADR EDDINE AIT OULAID;;International Journal For Multidisciplinary Research;2026-09-24;article;https://doi.org/10.36948/ijfmr.2026.v08i05.88467;;https://doi.org/10.36948/ijfmr.2026.v08i05.88467;OpenAlex
2;hors domaines;1;Stéréotypes et représentations dans le cinéma francophone : une approche de didactique de l’oral au lycée marocain à travers le film Paris à tout prix de Reem Kherici.;MERIEM JAOUDI;;International Journal For Multidisciplinary Research;2026-09-24;article;https://doi.org/10.36948/ijfmr.2026.v08i05.88471;;https://doi.org/10.36948/ijfmr.2026.v08i05.88471;OpenAlex
2;hors domaines;1;Forms of Examination Malpractice Experienced by Invigilators in Secondary Schools of Kabwe District, Zambia;"Musaki Michael; Mulenga Muma Rosemary; Musonda Astridah (Sr); Mate Joseph; Chikwanda Trinity";;International Journal of Advanced Multidisciplinary Research and Studies;2026-09-22;article;https://doi.org/10.62225/2583049x.2026.6.5.6917;;https://doi.org/10.62225/2583049x.2026.6.5.6917;OpenAlex
2;hors domaines;1;Ders Kitaplarında Avrupamerkezci Söylem: Güney Sudan Ortaöğretim Tarih Ders Kitapları Üzerine Bir Analiz;Burhan ACAR;;Akdeniz Havzası ve Afrika Medeniyetleri Dergisi;2026-09-24;article;https://doi.org/10.54132/akaf.1958385;;https://doi.org/10.54132/akaf.1958385;OpenAlex
2;hors domaines;1;Why One Health Pays: Economic Evidence from Anthrax Outbreak Responses in Tanzania;"Valentina Thobias Sanga; Janeth George Laurean; Salum Manyatta; Niwael Mtui-Malamsha; Stella Kiambi; Serge Nzietchueng";;One Health Cases;2026-09-23;article;https://doi.org/10.1079/onehealthcases.2026.0014;;https://doi.org/10.1079/onehealthcases.2026.0014;OpenAlex
2;hors domaines;1;From Policy to Pedagogy: A Scoping Review of Artificial Intelligence Implementation Frameworks in Tanzanian Universities;"Edda Tandi Lwoga; Elias Kainkwa";;OSF Preprints (OSF Preprints);2026-09-21;preprint;;;https://osf.io/r4qe5;OpenAlex
2;hors domaines;1;Intrinsic Motivation And Teacher Performance In Private Primary Schools a Case of Nkuringo Town Council Kisoro District Uganda;"Kabwana Demas; Agaba Moses; Aluonzi Burani";;International Journal For Multidisciplinary Research;2026-09-24;article;https://doi.org/10.36948/ijfmr.2026.v08i05.87398;;https://doi.org/10.36948/ijfmr.2026.v08i05.87398;OpenAlex
2;hors domaines;1;A Comparative Analysis of the Impact of Organic Comfrey Liquid Fertilizer and Inorganic Fertilizer on the Growth and Yield of Tomato (Solanum Lycopersicum);"Emmie Chisengo Phiri; Danny Chisanga Musenge";;International Journal of Advanced Multidisciplinary Research and Studies;2026-09-19;article;https://doi.org/10.62225/2583049x.2026.6.5.6915;;https://doi.org/10.62225/2583049x.2026.6.5.6915;OpenAlex
